SKIPPED: /Volumes/ARCHIVE/PHOTOS/2023/2023-01-18/20230118-190946_[X-T5]-[23-01-18]-[19-09-46]__0.JPG (20230118-190946.JPG taken)
SKIPPED: /Volumes/ARCHIVE/PHOTOS/2023/2023-01-18/20230118-190946_[X-T5]-[23-01-18]-[19-09-46]__0.RAF (20230118-190946.RAF taken)
SKIPPED: /Volumes/ARCHIVE/PHOTOS/2023/2023-01-18/20230118-190952_[X-T5]-[23-01-18]-[19-09-52]__0.JPG (20230118-190952.JPG taken)
SKIPPED: /Volumes/ARCHIVE/PHOTOS/2023/2023-01-18/20230118-190952_[X-T5]-[23-01-18]-[19-09-52]__0.RAF (20230118-190952.RAF taken)
SKIPPED: /Volumes/ARCHIVE/PHOTOS/2023/2023-01-18/20230118-190958_[X-T5]-[23-01-18]-[19-09-58]__0.JPG (20230118-190958.JPG taken)
SKIPPED: /Volumes/ARCHIVE/PHOTOS/2023/2023-01-18/20230118-190958_[X-T5]-[23-01-18]-[19-09-58]__0.RAF (20230118-190958.RAF taken)
SKIPPED: /Volumes/ARCHIVE/PHOTOS/2023/2023-01-18/20230118-191543_[X-T5]-[23-01-18]-[19-15-43]__0.JPG (20230118-191543.JPG taken)
SKIPPED: /Volumes/ARCHIVE/PHOTOS/2023/2023-01-18/20230118-191543_[X-T5]-[23-01-18]-[19-15-43]__0.RAF (20230118-191543.RAF taken)
SKIPPED: /Volumes/ARCHIVE/PHOTOS/2023/2023-01-18/20230118-191604_[X-T5]-[23-01-18]-[19-16-04]__0.JPG (20230118-191604.JPG taken)
SKIPPED: /Volumes/ARCHIVE/PHOTOS/2023/2023-01-18/20230118-191604_[X-T5]-[23-01-18]-[19-16-04]__0.RAF (20230118-191604.RAF taken)
SKIPPED: /Volumes/ARCHIVE/PHOTOS/2023/2023-01-18/20230118-191617_[X-T5]-[23-01-18]-[19-16-17]__0.JPG (20230118-191617.JPG taken)
SKIPPED: /Volumes/ARCHIVE/PHOTOS/2023/2023-01-18/20230118-191617_[X-T5]-[23-01-18]-[19-16-17]__0.RAF (20230118-191617.RAF taken)
SKIPPED: /Volumes/ARCHIVE/PHOTOS/2023/2023-01-18/20230118-191638_[X-T5]-[23-01-18]-[19-16-38]__0.JPG (20230118-191638.JPG taken)
SKIPPED: /Volumes/ARCHIVE/PHOTOS/2023/2023-01-18/20230118-191638_[X-T5]-[23-01-18]-[19-16-38]__0.RAF (20230118-191638.RAF taken)
SKIPPED: /Volumes/ARCHIVE/PHOTOS/2023/2023-01-18/20230118-193531_[X-T5]-[23-01-18]-[19-35-31]__0.JPG (20230118-193531.JPG taken)
SKIPPED: /Volumes/ARCHIVE/PHOTOS/2023/2023-01-18/20230118-193531_[X-T5]-[23-01-18]-[19-35-31]__0.RAF (20230118-193531.RAF taken)
SKIPPED: /Volumes/ARCHIVE/PHOTOS/2023/2023-01-18/20230118-193611_DSCF1745.JPG (20230118-193611.JPG taken)
SKIPPED: /Volumes/ARCHIVE/PHOTOS/2023/2023-01-18/20230118-193611_DSCF1746.JPG (20230118-193611.JPG taken)
SKIPPED: /Volumes/ARCHIVE/PHOTOS/2023/2023-01-18/20230118-193611_[X-T5]-[23-01-18]-[19-36-11]__0 2.JPG (20230118-193611.JPG taken)
SKIPPED: /Volumes/ARCHIVE/PHOTOS/2023/2023-01-18/20230118-193611_[X-T5]-[23-01-18]-[19-36-11]__0 2.RAF (20230118-193611.RAF taken)
SKIPPED: /Volumes/ARCHIVE/PHOTOS/2023/2023-01-18/20230118-193615_DSCF1748.JPG (20230118-193615.JPG taken)
SKIPPED: /Volumes/ARCHIVE/PHOTOS/2023/2023-01-18/20230118-193616_DSCF1750.JPG (20230118-193616.JPG taken)
SKIPPED: /Volumes/ARCHIVE/PHOTOS/2023/2023-01-18/20230118-193616_DSCF1751.JPG (20230118-193616.JPG taken)
SKIPPED: /Volumes/ARCHIVE/PHOTOS/2023/2023-01-18/20230118-193754_[X-T5]-[23-01-18]-[19-37-54]__0.JPG (20230118-193754.JPG taken)
SKIPPED: /Volumes/ARCHIVE/PHOTOS/2023/2023-01-18/20230118-193754_[X-T5]-[23-01-18]-[19-37-54]__0.RAF (20230118-193754.RAF taken)
SKIPPED: /Volumes/ARCHIVE/PHOTOS/2023/2023-01-18/20230118-193858_[X-T5]-[23-01-18]-[19-38-58]__0.JPG (20230118-193858.JPG taken)
SKIPPED: /Volumes/ARCHIVE/PHOTOS/2023/2023-01-18/20230118-193858_[X-T5]-[23-01-18]-[19-38-58]__0.RAF (20230118-193858.RAF taken)
SKIPPED: /Volumes/ARCHIVE/PHOTOS/2023/2023-01-18/20230118-193906_[X-T5]-[23-01-18]-[19-39-06]__0.JPG (20230118-193906.JPG taken)
SKIPPED: /Volumes/ARCHIVE/PHOTOS/2023/2023-01-18/20230118-193906_[X-T5]-[23-01-18]-[19-39-06]__0.RAF (20230118-193906.RAF taken)
SKIPPED: /Volumes/ARCHIVE/PHOTOS/2023/2023-01-18/20230118-193912_[X-T5]-[23-01-18]-[19-39-12]__0.JPG (20230118-193912.JPG taken)
SKIPPED: /Volumes/ARCHIVE/PHOTOS/2023/2023-01-18/20230118-193912_[X-T5]-[23-01-18]-[19-39-12]__0.RAF (20230118-193912.RAF taken)
SKIPPED: /Volumes/ARCHIVE/PHOTOS/2023/2023-01-18/20230118-193925_[X-T5]-[23-01-18]-[19-39-25]__0.JPG (20230118-193925.JPG taken)
SKIPPED: /Volumes/ARCHIVE/PHOTOS/2023/2023-01-18/20230118-193925_[X-T5]-[23-01-18]-[19-39-25]__0.RAF (20230118-193925.RAF taken)
SKIPPED: /Volumes/ARCHIVE/PHOTOS/2023/2023-01-18/20230118-194005_[X-T5]-[23-01-18]-[19-40-05]__0.JPG (20230118-194005.JPG taken)
SKIPPED: /Volumes/ARCHIVE/PHOTOS/2023/2023-01-18/20230118-194005_[X-T5]-[23-01-18]-[19-40-05]__0.RAF (20230118-194005.RAF taken)
SKIPPED: /Volumes/ARCHIVE/PHOTOS/2023/2023-01-18/20230118-194011_[X-T5]-[23-01-18]-[19-40-11]__0.JPG (20230118-194011.JPG taken)
SKIPPED: /Volumes/ARCHIVE/PHOTOS/2023/2023-01-18/20230118-194011_[X-T5]-[23-01-18]-[19-40-11]__0.RAF (20230118-194011.RAF taken)
SKIPPED: /Volumes/ARCHIVE/PHOTOS/2023/2023-01-18/20230118-194013_[X-T5]-[23-01-18]-[19-40-13]__0.JPG (20230118-194013.JPG taken)
SKIPPED: /Volumes/ARCHIVE/PHOTOS/2023/2023-01-18/20230118-194013_[X-T5]-[23-01-18]-[19-40-13]__0.RAF (20230118-194013.RAF taken)
SKIPPED: /Volumes/ARCHIVE/PHOTOS/2023/2023-01-18/20230118-194234_[X-T5]-[23-01-18]-[19-42-34]__0.JPG (20230118-194234.JPG taken)
SKIPPED: /Volumes/ARCHIVE/PHOTOS/2023/2023-01-18/20230118-194234_[X-T5]-[23-01-18]-[19-42-34]__0.RAF (20230118-194234.RAF taken)
SKIPPED: /Volumes/ARCHIVE/PHOTOS/2023/2023-01-18/20230118-194326_[X-T5]-[23-01-18]-[19-43-26]__0.JPG (20230118-194326.JPG taken)
SKIPPED: /Volumes/ARCHIVE/PHOTOS/2023/2023-01-18/20230118-194326_[X-T5]-[23-01-18]-[19-43-26]__0.RAF (20230118-194326.RAF taken)
SKIPPED: /Volumes/ARCHIVE/PHOTOS/2023/2023-01-18/20230118-194432_[X-T5]-[23-01-18]-[19-44-32]__0.JPG (20230118-194432.JPG taken)
SKIPPED: /Volumes/ARCHIVE/PHOTOS/2023/2023-01-18/20230118-194432_[X-T5]-[23-01-18]-[19-44-32]__0.RAF (20230118-194432.RAF taken)
SKIPPED: /Volumes/ARCHIVE/PHOTOS/2023/2023-01-18/20230118-194513_[X-T5]-[23-01-18]-[19-45-13]__0.JPG (20230118-194513.JPG taken)
SKIPPED: /Volumes/ARCHIVE/PHOTOS/2023/2023-01-18/20230118-194513_[X-T5]-[23-01-18]-[19-45-13]__0.RAF (20230118-194513.RAF taken)
SKIPPED: /Volumes/ARCHIVE/PHOTOS/2023/2023-01-18/20230118-194550_[X-T5]-[23-01-18]-[19-45-50]__0.JPG (20230118-194550.JPG taken)
SKIPPED: /Volumes/ARCHIVE/PHOTOS/2023/2023-01-18/20230118-194550_[X-T5]-[23-01-18]-[19-45-50]__0.RAF (20230118-194550.RAF taken)
SKIPPED: /Volumes/ARCHIVE/PHOTOS/2023/2023-01-18/20230118-194617_[X-T5]-[23-01-18]-[19-46-17]__0.JPG (20230118-194617.JPG taken)
SKIPPED: /Volumes/ARCHIVE/PHOTOS/2023/2023-01-18/20230118-194617_[X-T5]-[23-01-18]-[19-46-17]__0.RAF (20230118-194617.RAF taken)
SKIPPED: /Volumes/ARCHIVE/PHOTOS/2023/2023-01-18/20230118-194642_DSCF1792.JPG (20230118-194642.JPG taken)
SKIPPED: /Volumes/ARCHIVE/PHOTOS/2023/2023-01-18/20230118-194642_DSCF1793.JPG (20230118-194642.JPG taken)
SKIPPED: /Volumes/ARCHIVE/PHOTOS/2023/2023-01-18/20230118-194642_DSCF1794.JPG (20230118-194642.JPG taken)
SKIPPED: /Volumes/ARCHIVE/PHOTOS/2023/2023-01-18/20230118-194643_DSCF1796.JPG (20230118-194643.JPG taken)
SKIPPED: /Volumes/ARCHIVE/PHOTOS/2023/2023-01-18/20230118-194643_DSCF1797.JPG (20230118-194643.JPG taken)
SKIPPED: /Volumes/ARCHIVE/PHOTOS/2023/2023-01-18/20230118-194643_DSCF1798.JPG (20230118-194643.JPG taken)
SKIPPED: /Volumes/ARCHIVE/PHOTOS/2023/2023-01-18/20230118-194713_DSCF1800.JPG (20230118-194713.JPG taken)
SKIPPED: /Volumes/ARCHIVE/PHOTOS/2023/2023-01-18/20230118-194713_[X-T5]-[23-01-18]-[19-47-13]__0 1.JPG (20230118-194713.JPG taken)
SKIPPED: /Volumes/ARCHIVE/PHOTOS/2023/2023-01-18/20230118-194713_[X-T5]-[23-01-18]-[19-47-13]__0 1.RAF (20230118-194713.RAF taken)
SKIPPED: /Volumes/ARCHIVE/PHOTOS/2023/2023-01-18/20230118-194713_[X-T5]-[23-01-18]-[19-47-13]__0.JPG (20230118-194713.JPG taken)
SKIPPED: /Volumes/ARCHIVE/PHOTOS/2023/2023-01-18/20230118-194713_[X-T5]-[23-01-18]-[19-47-13]__0.RAF (20230118-194713.RAF taken)
SKIPPED: /Volumes/ARCHIVE/PHOTOS/2023/2023-01-18/20230118-194714_DSCF1802.JPG (20230118-194714.JPG taken)
SKIPPED: /Volumes/ARCHIVE/PHOTOS/2023/2023-01-18/20230118-194714_DSCF1803.JPG (20230118-194714.JPG taken)
SKIPPED: /Volumes/ARCHIVE/PHOTOS/2023/2023-01-18/20230118-194714_DSCF1804.JPG (20230118-194714.JPG taken)
SKIPPED: /Volumes/ARCHIVE/PHOTOS/2023/2023-01-18/20230118-194714_DSCF1805.JPG (20230118-194714.JPG taken)
SKIPPED: /Volumes/ARCHIVE/PHOTOS/2023/2023-01-18/20230118-194714_[X-T5]-[23-01-18]-[19-47-14]__0.JPG (20230118-194714.JPG taken)
SKIPPED: /Volumes/ARCHIVE/PHOTOS/2023/2023-01-18/20230118-194714_[X-T5]-[23-01-18]-[19-47-14]__0.RAF (20230118-194714.RAF taken)
SKIPPED: /Volumes/ARCHIVE/PHOTOS/2023/2023-01-18/20230118-194715_DSCF1807.JPG (20230118-194715.JPG taken)
SKIPPED: /Volumes/ARCHIVE/PHOTOS/2023/2023-01-18/20230118-194805_DSCF1809.JPG (20230118-194805.JPG taken)
SKIPPED: /Volumes/ARCHIVE/PHOTOS/2023/2023-01-18/20230118-194806_DSCF1811.JPG (20230118-194806.JPG taken)
SKIPPED: /Volumes/ARCHIVE/PHOTOS/2023/2023-01-18/20230118-194806_DSCF1812.JPG (20230118-194806.JPG taken)
SKIPPED: /Volumes/ARCHIVE/PHOTOS/2023/2023-01-18/20230118-194806_DSCF1813.JPG (20230118-194806.JPG taken)
SKIPPED: /Volumes/ARCHIVE/PHOTOS/2023/2023-01-18/20230118-194806_DSCF1814.JPG (20230118-194806.JPG taken)
SKIPPED: /Volumes/ARCHIVE/PHOTOS/2023/2023-01-18/20230118-194807_DSCF1816.JPG (20230118-194807.JPG taken)
SKIPPED: /Volumes/ARCHIVE/PHOTOS/2023/2023-01-18/20230118-194807_DSCF1817.JPG (20230118-194807.JPG taken)
SKIPPED: /Volumes/ARCHIVE/PHOTOS/2023/2023-01-18/20230118-194836_DSCF1819.JPG (20230118-194836.JPG taken)
SKIPPED: /Volumes/ARCHIVE/PHOTOS/2023/2023-01-18/20230118-194836_DSCF1820.JPG (20230118-194836.JPG taken)
SKIPPED: /Volumes/ARCHIVE/PHOTOS/2023/2023-01-18/20230118-194836_DSCF1821.JPG (20230118-194836.JPG taken)
SKIPPED: /Volumes/ARCHIVE/PHOTOS/2023/2023-01-18/20230118-194836_DSCF1822.JPG (20230118-194836.JPG taken)
SKIPPED: /Volumes/ARCHIVE/PHOTOS/2023/2023-01-18/20230118-194910_[X-T5]-[23-01-18]-[19-49-10]__0.JPG (20230118-194910.JPG taken)
SKIPPED: /Volumes/ARCHIVE/PHOTOS/2023/2023-01-18/20230118-194910_[X-T5]-[23-01-18]-[19-49-10]__0.RAF (20230118-194910.RAF taken)
SKIPPED: /Volumes/ARCHIVE/PHOTOS/2023/2023-01-18/20230118-194911_DSCF1825.JPG (20230118-194911.JPG taken)
SKIPPED: /Volumes/ARCHIVE/PHOTOS/2023/2023-01-18/20230118-194911_DSCF1826.JPG (20230118-194911.JPG taken)
SKIPPED: /Volumes/ARCHIVE/PHOTOS/2023/2023-01-18/20230118-194911_DSCF1827.JPG (20230118-194911.JPG taken)
SKIPPED: /Volumes/ARCHIVE/PHOTOS/2023/2023-01-18/20230118-194911_[X-T5]-[23-01-18]-[19-49-11]__0.JPG (20230118-194911.JPG taken)
SKIPPED: /Volumes/ARCHIVE/PHOTOS/2023/2023-01-18/20230118-194911_[X-T5]-[23-01-18]-[19-49-11]__0.RAF (20230118-194911.RAF taken)
SKIPPED: /Volumes/ARCHIVE/PHOTOS/2023/2023-01-18/20230118-194916_DSCF1829.JPG (20230118-194916.JPG taken)
SKIPPED: /Volumes/ARCHIVE/PHOTOS/2023/2023-01-18/20230118-194916_DSCF1830.JPG (20230118-194916.JPG taken)
SKIPPED: /Volumes/ARCHIVE/PHOTOS/2023/2023-01-18/20230118-194919_DSCF1832.JPG (20230118-194919.JPG taken)
SKIPPED: /Volumes/ARCHIVE/PHOTOS/2023/2023-01-18/20230118-194919_DSCF1833.JPG (20230118-194919.JPG taken)
SKIPPED: /Volumes/ARCHIVE/PHOTOS/2023/2023-01-18/20230118-194921_DSCF1835.JPG (20230118-194921.JPG taken)
SKIPPED: /Volumes/ARCHIVE/PHOTOS/2023/2023-01-18/20230118-194921_DSCF1836.JPG (20230118-194921.JPG taken)
SKIPPED: /Volumes/ARCHIVE/PHOTOS/2023/2023-01-18/20230118-194921_[X-T5]-[23-01-18]-[19-49-21]__0 1.JPG (20230118-194921.JPG taken)
SKIPPED: /Volumes/ARCHIVE/PHOTOS/2023/2023-01-18/20230118-194921_[X-T5]-[23-01-18]-[19-49-21]__0 1.RAF (20230118-194921.RAF taken)
SKIPPED: /Volumes/ARCHIVE/PHOTOS/2023/2023-01-18/20230118-194952_DSCF1838.JPG (20230118-194952.JPG taken)
SKIPPED: /Volumes/ARCHIVE/PHOTOS/2023/2023-01-18/20230118-194955_DSCF1840.JPG (20230118-194955.JPG taken)
SKIPPED: /Volumes/ARCHIVE/PHOTOS/2023/2023-01-18/20230118-194957_DSCF1842.JPG (20230118-194957.JPG taken)
SKIPPED: /Volumes/ARCHIVE/PHOTOS/2023/2023-01-18/20230118-194957_DSCF1843.JPG (20230118-194957.JPG taken)
SKIPPED: /Volumes/ARCHIVE/PHOTOS/2023/2023-01-18/20230118-194957_[X-T5]-[23-01-18]-[19-49-57]__0 1.JPG (20230118-194957.JPG taken)
SKIPPED: /Volumes/ARCHIVE/PHOTOS/2023/2023-01-18/20230118-194957_[X-T5]-[23-01-18]-[19-49-57]__0 1.RAF (20230118-194957.RAF taken)
SKIPPED: /Volumes/ARCHIVE/PHOTOS/2023/2023-01-18/20230118-194957_[X-T5]-[23-01-18]-[19-49-57]__0 2.JPG (20230118-194957.JPG taken)
SKIPPED: /Volumes/ARCHIVE/PHOTOS/2023/2023-01-18/20230118-194957_[X-T5]-[23-01-18]-[19-49-57]__0 2.RAF (20230118-194957.RAF taken)
SKIPPED: /Volumes/ARCHIVE/PHOTOS/2023/2023-01-18/20230118-194957_[X-T5]-[23-01-18]-[19-49-57]__0.JPG (20230118-194957.JPG taken)
SKIPPED: /Volumes/ARCHIVE/PHOTOS/2023/2023-01-18/20230118-194957_[X-T5]-[23-01-18]-[19-49-57]__0.RAF (20230118-194957.RAF taken)
SKIPPED: /Volumes/ARCHIVE/PHOTOS/2023/2023-01-18/20230118-194958_DSCF1845.JPG (20230118-194958.JPG taken)
SKIPPED: /Volumes/ARCHIVE/PHOTOS/2023/2023-01-18/20230118-194958_DSCF1846.JPG (20230118-194958.JPG taken)
SKIPPED: /Volumes/ARCHIVE/PHOTOS/2023/2023-01-18/20230118-195042_DSCF1849.JPG (20230118-195042.JPG taken)
SKIPPED: /Volumes/ARCHIVE/PHOTOS/2023/2023-01-18/20230118-195050_[X-T5]-[23-01-18]-[19-50-50]__0.JPG (20230118-195050.JPG taken)
SKIPPED: /Volumes/ARCHIVE/PHOTOS/2023/2023-01-18/20230118-195050_[X-T5]-[23-01-18]-[19-50-50]__0.RAF (20230118-195050.RAF taken)
SKIPPED: /Volumes/ARCHIVE/PHOTOS/2023/2023-01-18/20230118-195232_[X-T5]-[23-01-18]-[19-52-32]__0.JPG (20230118-195232.JPG taken)
SKIPPED: /Volumes/ARCHIVE/PHOTOS/2023/2023-01-18/20230118-195232_[X-T5]-[23-01-18]-[19-52-32]__0.RAF (20230118-195232.RAF taken)
SKIPPED: /Volumes/ARCHIVE/PHOTOS/2023/2023-01-18/20230118-195350_[X-T5]-[23-01-18]-[19-53-50]__0.JPG (20230118-195350.JPG taken)
SKIPPED: /Volumes/ARCHIVE/PHOTOS/2023/2023-01-18/20230118-195350_[X-T5]-[23-01-18]-[19-53-50]__0.RAF (20230118-195350.RAF taken)
SKIPPED: /Volumes/ARCHIVE/PHOTOS/2023/2023-01-18/20230118-195529_[X-T5]-[23-01-18]-[19-55-29]__0.JPG (20230118-195529.JPG taken)
SKIPPED: /Volumes/ARCHIVE/PHOTOS/2023/2023-01-18/20230118-195529_[X-T5]-[23-01-18]-[19-55-29]__0.RAF (20230118-195529.RAF taken)
SKIPPED: /Volumes/ARCHIVE/PHOTOS/2023/2023-01-18/20230118-195544_[X-T5]-[23-01-18]-[19-55-44]__0.JPG (20230118-195544.JPG taken)
SKIPPED: /Volumes/ARCHIVE/PHOTOS/2023/2023-01-18/20230118-195544_[X-T5]-[23-01-18]-[19-55-44]__0.RAF (20230118-195544.RAF taken)
SKIPPED: /Volumes/ARCHIVE/PHOTOS/2023/2023-01-18/20230118-195644_[X-T5]-[23-01-18]-[19-56-44]__0.JPG (20230118-195644.JPG taken)
SKIPPED: /Volumes/ARCHIVE/PHOTOS/2023/2023-01-18/20230118-195644_[X-T5]-[23-01-18]-[19-56-44]__0.RAF (20230118-195644.RAF taken)
SKIPPED: /Volumes/ARCHIVE/PHOTOS/2023/2023-01-18/20230118-195732_DSCF1877.JPG (20230118-195732.JPG taken)
SKIPPED: /Volumes/ARCHIVE/PHOTOS/2023/2023-01-18/20230118-195845_[X-T5]-[23-01-18]-[19-58-45]__0.JPG (20230118-195845.JPG taken)
SKIPPED: /Volumes/ARCHIVE/PHOTOS/2023/2023-01-18/20230118-195845_[X-T5]-[23-01-18]-[19-58-45]__0.RAF (20230118-195845.RAF taken)
SKIPPED: /Volumes/ARCHIVE/PHOTOS/2023/2023-01-18/20230118-200238_[X-T5]-[23-01-18]-[20-02-38]__0.JPG (20230118-200238.JPG taken)
SKIPPED: /Volumes/ARCHIVE/PHOTOS/2023/2023-01-18/20230118-200238_[X-T5]-[23-01-18]-[20-02-38]__0.RAF (20230118-200238.RAF taken)
SKIPPED: /Volumes/ARCHIVE/PHOTOS/2023/2023-01-18/20230118-200241_[X-T5]-[23-01-18]-[20-02-41]__0.JPG (20230118-200241.JPG taken)
SKIPPED: /Volumes/ARCHIVE/PHOTOS/2023/2023-01-18/20230118-200241_[X-T5]-[23-01-18]-[20-02-41]__0.RAF (20230118-200241.RAF taken)
SKIPPED: /Volumes/ARCHIVE/PHOTOS/2023/2023-01-18/20230118-200246_DSCF1886.JPG (20230118-200246.JPG taken)
SKIPPED: /Volumes/ARCHIVE/PHOTOS/2023/2023-01-18/20230118-200246_[X-T5]-[23-01-18]-[20-02-46]__0.JPG (20230118-200246.JPG taken)
SKIPPED: /Volumes/ARCHIVE/PHOTOS/2023/2023-01-18/20230118-200246_[X-T5]-[23-01-18]-[20-02-46]__0.RAF (20230118-200246.RAF taken)
SKIPPED: /Volumes/ARCHIVE/PHOTOS/2023/2023-01-18/20230118-200253_DSCF1888.JPG (20230118-200253.JPG taken)
SKIPPED: /Volumes/ARCHIVE/PHOTOS/2023/2023-01-18/20230118-200256_[X-T5]-[23-01-18]-[20-02-56]__0.JPG (20230118-200256.JPG taken)
SKIPPED: /Volumes/ARCHIVE/PHOTOS/2023/2023-01-18/20230118-200256_[X-T5]-[23-01-18]-[20-02-56]__0.RAF (20230118-200256.RAF taken)
SKIPPED: /Volumes/ARCHIVE/PHOTOS/2023/2023-01-18/20230118-200300_[X-T5]-[23-01-18]-[20-03-00]__0.JPG (20230118-200300.JPG taken)
SKIPPED: /Volumes/ARCHIVE/PHOTOS/2023/2023-01-18/20230118-200300_[X-T5]-[23-01-18]-[20-03-00]__0.RAF (20230118-200300.RAF taken)
SKIPPED: /Volumes/ARCHIVE/PHOTOS/2023/2023-01-18/20230118-200343_[X-T5]-[23-01-18]-[20-03-43]__0.JPG (20230118-200343.JPG taken)
SKIPPED: /Volumes/ARCHIVE/PHOTOS/2023/2023-01-18/20230118-200343_[X-T5]-[23-01-18]-[20-03-43]__0.RAF (20230118-200343.RAF taken)
SKIPPED: /Volumes/ARCHIVE/PHOTOS/2023/2023-01-18/20230118-200352_[X-T5]-[23-01-18]-[20-03-52]__0.JPG (20230118-200352.JPG taken)
SKIPPED: /Volumes/ARCHIVE/PHOTOS/2023/2023-01-18/20230118-200352_[X-T5]-[23-01-18]-[20-03-52]__0.RAF (20230118-200352.RAF taken)
SKIPPED: /Volumes/ARCHIVE/PHOTOS/2023/2023-01-18/20230118-200410_[X-T5]-[23-01-18]-[20-04-10]__0.JPG (20230118-200410.JPG taken)
SKIPPED: /Volumes/ARCHIVE/PHOTOS/2023/2023-01-18/20230118-200410_[X-T5]-[23-01-18]-[20-04-10]__0.RAF (20230118-200410.RAF taken)
SKIPPED: /Volumes/ARCHIVE/PHOTOS/2023/2023-01-18/20230118-200443_[X-T5]-[23-01-18]-[20-04-43]__0.JPG (20230118-200443.JPG taken)
SKIPPED: /Volumes/ARCHIVE/PHOTOS/2023/2023-01-18/20230118-200443_[X-T5]-[23-01-18]-[20-04-43]__0.RAF (20230118-200443.RAF taken)
SKIPPED: /Volumes/ARCHIVE/PHOTOS/2023/2023-01-18/20230118-200507_[X-T5]-[23-01-18]-[20-05-07]__0.JPG (20230118-200507.JPG taken)
SKIPPED: /Volumes/ARCHIVE/PHOTOS/2023/2023-01-18/20230118-200507_[X-T5]-[23-01-18]-[20-05-07]__0.RAF (20230118-200507.RAF taken)
SKIPPED: /Volumes/ARCHIVE/PHOTOS/2023/2023-01-18/20230118-200524_DSCF1904.JPG (20230118-200524.JPG taken)
SKIPPED: /Volumes/ARCHIVE/PHOTOS/2023/2023-01-18/20230118-200536_DSCF1908.JPG (20230118-200536.JPG taken)
SKIPPED: /Volumes/ARCHIVE/PHOTOS/2023/2023-01-18/20230118-200536_[X-T5]-[23-01-18]-[20-05-36]__0 1.JPG (20230118-200536.JPG taken)
SKIPPED: /Volumes/ARCHIVE/PHOTOS/2023/2023-01-18/20230118-200536_[X-T5]-[23-01-18]-[20-05-36]__0 1.RAF (20230118-200536.RAF taken)
SKIPPED: /Volumes/ARCHIVE/PHOTOS/2023/2023-01-18/20230118-200539_[X-T5]-[23-01-18]-[20-05-39]__0.JPG (20230118-200539.JPG taken)
SKIPPED: /Volumes/ARCHIVE/PHOTOS/2023/2023-01-18/20230118-200539_[X-T5]-[23-01-18]-[20-05-39]__0.RAF (20230118-200539.RAF taken)
SKIPPED: /Volumes/ARCHIVE/PHOTOS/2023/2023-01-18/20230118-200725_[X-T5]-[23-01-18]-[20-07-25]__0.JPG (20230118-200725.JPG taken)
SKIPPED: /Volumes/ARCHIVE/PHOTOS/2023/2023-01-18/20230118-200725_[X-T5]-[23-01-18]-[20-07-25]__0.RAF (20230118-200725.RAF taken)
SKIPPED: /Volumes/ARCHIVE/PHOTOS/2023/2023-01-18/20230118-200756_[X-T5]-[23-01-18]-[20-07-56]__0.JPG (20230118-200756.JPG taken)
SKIPPED: /Volumes/ARCHIVE/PHOTOS/2023/2023-01-18/20230118-200756_[X-T5]-[23-01-18]-[20-07-56]__0.RAF (20230118-200756.RAF taken)
SKIPPED: /Volumes/ARCHIVE/PHOTOS/2023/2023-01-18/20230118-201616_[X-T5]-[23-01-18]-[20-16-16]__0.JPG (20230118-201616.JPG taken)
SKIPPED: /Volumes/ARCHIVE/PHOTOS/2023/2023-01-18/20230118-201616_[X-T5]-[23-01-18]-[20-16-16]__0.RAF (20230118-201616.RAF taken)
SKIPPED: /Volumes/ARCHIVE/PHOTOS/2023/2023-01-18/20230118-201726_[X-T5]-[23-01-18]-[20-17-26]__0.JPG (20230118-201726.JPG taken)
SKIPPED: /Volumes/ARCHIVE/PHOTOS/2023/2023-01-18/20230118-201726_[X-T5]-[23-01-18]-[20-17-26]__0.RAF (20230118-201726.RAF taken)
SKIPPED: /Volumes/ARCHIVE/PHOTOS/2023/2023-01-18/20230118-201820_[X-T5]-[23-01-18]-[20-18-20]__0.JPG (20230118-201820.JPG taken)
SKIPPED: /Volumes/ARCHIVE/PHOTOS/2023/2023-01-18/20230118-201820_[X-T5]-[23-01-18]-[20-18-20]__0.RAF (20230118-201820.RAF taken)
SKIPPED: /Volumes/ARCHIVE/PHOTOS/2023/2023-01-18/20230118-201821_[X-T5]-[23-01-18]-[20-18-21]__0.JPG (20230118-201821.JPG taken)
SKIPPED: /Volumes/ARCHIVE/PHOTOS/2023/2023-01-18/20230118-201821_[X-T5]-[23-01-18]-[20-18-21]__0.RAF (20230118-201821.RAF taken)
SKIPPED: /Volumes/ARCHIVE/PHOTOS/2023/2023-01-18/20230118-201847_DSCF1939.JPG (20230118-201847.JPG taken)
SKIPPED: /Volumes/ARCHIVE/PHOTOS/2023/2023-01-18/20230118-201848_DSCF1941.JPG (20230118-201848.JPG taken)
SKIPPED: /Volumes/ARCHIVE/PHOTOS/2023/2023-01-18/20230118-201848_[X-T5]-[23-01-18]-[20-18-48]__0 1.JPG (20230118-201848.JPG taken)
SKIPPED: /Volumes/ARCHIVE/PHOTOS/2023/2023-01-18/20230118-201848_[X-T5]-[23-01-18]-[20-18-48]__0 1.RAF (20230118-201848.RAF taken)
SKIPPED: /Volumes/ARCHIVE/PHOTOS/2023/2023-01-18/20230118-201855_DSCF1944.JPG (20230118-201855.JPG taken)
SKIPPED: /Volumes/ARCHIVE/PHOTOS/2023/2023-01-18/20230118-201908_[X-T5]-[23-01-18]-[20-19-08]__0.JPG (20230118-201908.JPG taken)
SKIPPED: /Volumes/ARCHIVE/PHOTOS/2023/2023-01-18/20230118-201908_[X-T5]-[23-01-18]-[20-19-08]__0.RAF (20230118-201908.RAF taken)
SKIPPED: /Volumes/ARCHIVE/PHOTOS/2023/2023-01-18/20230118-201920_DSCF1949.JPG (20230118-201920.JPG taken)
SKIPPED: /Volumes/ARCHIVE/PHOTOS/2023/2023-01-18/20230118-201920_DSCF1950.JPG (20230118-201920.JPG taken)
SKIPPED: /Volumes/ARCHIVE/PHOTOS/2023/2023-01-18/20230118-201920_DSCF1951.JPG (20230118-201920.JPG taken)
SKIPPED: /Volumes/ARCHIVE/PHOTOS/2023/2023-01-18/20230118-201921_DSCF1953.JPG (20230118-201921.JPG taken)
SKIPPED: /Volumes/ARCHIVE/PHOTOS/2023/2023-01-18/20230118-201921_DSCF1954.JPG (20230118-201921.JPG taken)
SKIPPED: /Volumes/ARCHIVE/PHOTOS/2023/2023-01-18/20230118-201942_DSCF1956.JPG (20230118-201942.JPG taken)
SKIPPED: /Volumes/ARCHIVE/PHOTOS/2023/2023-01-18/20230118-201942_[X-T5]-[23-01-18]-[20-19-42]__0.JPG (20230118-201942.JPG taken)
SKIPPED: /Volumes/ARCHIVE/PHOTOS/2023/2023-01-18/20230118-201942_[X-T5]-[23-01-18]-[20-19-42]__0.RAF (20230118-201942.RAF taken)
SKIPPED: /Volumes/ARCHIVE/PHOTOS/2023/2023-02-10/20230210-095852_[X100F]-[23-02-10]-[09-58-52]__0.JPG (20230210-095852.JPG taken)
SKIPPED: /Volumes/ARCHIVE/PHOTOS/2023/2023-02-11/20230211-170610_[X100F]-[23-02-11]-[17-06-10]__0.JPG (20230211-170610.JPG taken)
SKIPPED: /Volumes/ARCHIVE/PHOTOS/2023/2023-02-13/20230213-142158_[X100F]-[23-02-13]-[14-21-58]__0.JPG (20230213-142158.JPG taken)
SKIPPED: /Volumes/ARCHIVE/PHOTOS/2023/2023-02-13/20230213-142432_[X100F]-[23-02-13]-[14-24-32]__0.JPG (20230213-142432.JPG taken)
SKIPPED: /Volumes/ARCHIVE/PHOTOS/2023/2023-02-13/20230213-152351_[X100F]-[23-02-13]-[15-23-51]__0.JPG (20230213-152351.JPG taken)
SKIPPED: /Volumes/ARCHIVE/PHOTOS/2023/2023-02-13/20230213-152413_[X100F]-[23-02-13]-[15-24-13]__0.JPG (20230213-152413.JPG taken)
SKIPPED: /Volumes/ARCHIVE/PHOTOS/2023/2023-02-13/20230213-153123_[X100F]-[23-02-13]-[15-31-23]__0.JPG (20230213-153123.JPG taken)
SKIPPED: /Volumes/ARCHIVE/PHOTOS/2023/2023-02-13/20230213-161507_[X100F]-[23-02-13]-[16-15-07]__0.JPG (20230213-161507.JPG taken)
SKIPPED: /Volumes/ARCHIVE/PHOTOS/2023/2023-02-13/20230213-161710_[X100F]-[23-02-13]-[16-17-10]__0.JPG (20230213-161710.JPG taken)
SKIPPED: /Volumes/ARCHIVE/PHOTOS/2023/2023-02-13/20230213-161854_[X100F]-[23-02-13]-[16-18-54]__0.JPG (20230213-161854.JPG taken)
SKIPPED: /Volumes/ARCHIVE/PHOTOS/2023/2023-02-13/20230213-162735_[X100F]-[23-02-13]-[16-27-35]__0.JPG (20230213-162735.JPG taken)
SKIPPED: /Volumes/ARCHIVE/PHOTOS/2023/2023-02-13/20230213-162737_[X100F]-[23-02-13]-[16-27-37]__0.JPG (20230213-162737.JPG taken)
SKIPPED: /Volumes/ARCHIVE/PHOTOS/2023/2023-02-13/20230213-162742_[X100F]-[23-02-13]-[16-27-42]__0.JPG (20230213-162742.JPG taken)
SKIPPED: /Volumes/ARCHIVE/PHOTOS/2023/2023-02-13/20230213-162750_[X100F]-[23-02-13]-[16-27-50]__0.JPG (20230213-162750.JPG taken)
SKIPPED: /Volumes/ARCHIVE/PHOTOS/2023/2023-02-13/20230213-165500_[X100F]-[23-02-13]-[16-55-00]__0.JPG (20230213-165500.JPG taken)
SKIPPED: /Volumes/ARCHIVE/PHOTOS/2023/2023-02-13/20230213-165529_[X100F]-[23-02-13]-[16-55-29]__0.JPG (20230213-165529.JPG taken)
SKIPPED: /Volumes/ARCHIVE/PHOTOS/2023/2023-02-13/20230213-165553_[X100F]-[23-02-13]-[16-55-53]__0.JPG (20230213-165553.JPG taken)
SKIPPED: /Volumes/ARCHIVE/PHOTOS/2023/2023-02-13/20230213-165613_[X100F]-[23-02-13]-[16-56-13]__0.JPG (20230213-165613.JPG taken)
SKIPPED: /Volumes/ARCHIVE/PHOTOS/2023/2023-02-13/20230213-185918_[X100F]-[23-02-13]-[18-59-18]__0.JPG (20230213-185918.JPG taken)
SKIPPED: /Volumes/ARCHIVE/PHOTOS/2023/2023-02-13/20230213-190911_[X100F]-[23-02-13]-[19-09-11]__0.JPG (20230213-190911.JPG taken)
SKIPPED: /Volumes/ARCHIVE/PHOTOS/2023/2023-02-13/20230213-191847_[X100F]-[23-02-13]-[19-18-47]__0.JPG (20230213-191847.JPG taken)
SKIPPED: /Volumes/ARCHIVE/PHOTOS/2023/2023-02-13/20230213-193924_[X100F]-[23-02-13]-[19-39-24]__0.JPG (20230213-193924.JPG taken)
SKIPPED: /Volumes/ARCHIVE/PHOTOS/2023/2023-02-13/20230213-194649_[X100F]-[23-02-13]-[19-46-49]__0.JPG (20230213-194649.JPG taken)
SKIPPED: /Volumes/ARCHIVE/PHOTOS/2023/2023-02-13/20230213-194653_[X100F]-[23-02-13]-[19-46-53]__0.JPG (20230213-194653.JPG taken)
SKIPPED: /Volumes/ARCHIVE/PHOTOS/2023/2023-02-13/20230213-194706_[X100F]-[23-02-13]-[19-47-06]__0.JPG (20230213-194706.JPG taken)
SKIPPED: /Volumes/ARCHIVE/PHOTOS/2023/2023-02-13/20230213-201209_[X100F]-[23-02-13]-[20-12-09]__0.JPG (20230213-201209.JPG taken)
SKIPPED: /Volumes/ARCHIVE/PHOTOS/2023/2023-02-13/20230213-201903_[X100F]-[23-02-13]-[20-19-03]__0.JPG (20230213-201903.JPG taken)
SKIPPED: /Volumes/ARCHIVE/PHOTOS/2023/2023-02-13/20230213-201935_[X100F]-[23-02-13]-[20-19-35]__0.JPG (20230213-201935.JPG taken)
SKIPPED: /Volumes/ARCHIVE/PHOTOS/2023/2023-02-13/20230213-202319_[X100F]-[23-02-13]-[20-23-19]__0.JPG (20230213-202319.JPG taken)
SKIPPED: /Volumes/ARCHIVE/PHOTOS/2023/2023-02-13/20230213-202324_[X100F]-[23-02-13]-[20-23-24]__0.JPG (20230213-202324.JPG taken)
SKIPPED: /Volumes/ARCHIVE/PHOTOS/2023/2023-02-13/20230213-202413_[X100F]-[23-02-13]-[20-24-13]__0.JPG (20230213-202413.JPG taken)
SKIPPED: /Volumes/ARCHIVE/PHOTOS/2023/2023-02-13/20230213-203115_[X100F]-[23-02-13]-[20-31-15]__0.JPG (20230213-203115.JPG taken)
SKIPPED: /Volumes/ARCHIVE/PHOTOS/2023/2023-02-13/20230213-203119_[X100F]-[23-02-13]-[20-31-19]__0.JPG (20230213-203119.JPG taken)
SKIPPED: /Volumes/ARCHIVE/PHOTOS/2023/2023-02-13/20230213-212330_[X100F]-[23-02-13]-[21-23-30]__0.JPG (20230213-212330.JPG taken)
SKIPPED: /Volumes/ARCHIVE/PHOTOS/2023/2023-02-13/20230213-212336_[X100F]-[23-02-13]-[21-23-36]__0.JPG (20230213-212336.JPG taken)
SKIPPED: /Volumes/ARCHIVE/PHOTOS/2023/2023-02-13/20230213-230118_[X100F]-[23-02-13]-[23-01-18]__0.JPG (20230213-230118.JPG taken)
SKIPPED: /Volumes/ARCHIVE/PHOTOS/2023/2023-02-14/20230214-172229_[X100F]-[23-02-14]-[17-22-29]__0.JPG (20230214-172229.JPG taken)
SKIPPED: /Volumes/ARCHIVE/PHOTOS/2023/2023-02-14/20230214-174154_[X100F]-[23-02-14]-[17-41-54]__0.JPG (20230214-174154.JPG taken)
SKIPPED: /Volumes/ARCHIVE/PHOTOS/2023/2023-02-15/20230215-093314_[X100F]-[23-02-15]-[09-33-14]__0.JPG (20230215-093314.JPG taken)
SKIPPED: /Volumes/ARCHIVE/PHOTOS/2023/2023-02-15/20230215-094600_[X100F]-[23-02-15]-[09-46-00]__0.JPG (20230215-094600.JPG taken)
SKIPPED: /Volumes/ARCHIVE/PHOTOS/2023/2023-02-15/20230215-095106_[X100F]-[23-02-15]-[09-51-06]__0.JPG (20230215-095106.JPG taken)
SKIPPED: /Volumes/ARCHIVE/PHOTOS/2023/2023-02-15/20230215-095301_[X100F]-[23-02-15]-[09-53-01]__0.JPG (20230215-095301.JPG taken)
SKIPPED: /Volumes/ARCHIVE/PHOTOS/2023/2023-02-15/20230215-095525_JULZ2279.JPG (20230215-095525.JPG taken)
SKIPPED: /Volumes/ARCHIVE/PHOTOS/2023/2023-02-15/20230215-105037_[X100F]-[23-02-15]-[10-50-37]__0.JPG (20230215-105037.JPG taken)
SKIPPED: /Volumes/ARCHIVE/PHOTOS/2023/2023-02-15/20230215-105054_[X100F]-[23-02-15]-[10-50-54]__0.JPG (20230215-105054.JPG taken)
SKIPPED: /Volumes/ARCHIVE/PHOTOS/2023/2023-02-15/20230215-105423_[X100F]-[23-02-15]-[10-54-23]__0.JPG (20230215-105423.JPG taken)
SKIPPED: /Volumes/ARCHIVE/PHOTOS/2023/2023-02-15/20230215-105700_[X100F]-[23-02-15]-[10-57-00]__0.JPG (20230215-105700.JPG taken)
SKIPPED: /Volumes/ARCHIVE/PHOTOS/2023/2023-02-15/20230215-105815_[X100F]-[23-02-15]-[10-58-15]__0.JPG (20230215-105815.JPG taken)
SKIPPED: /Volumes/ARCHIVE/PHOTOS/2023/2023-02-15/20230215-105957_[X100F]-[23-02-15]-[10-59-57]__0.JPG (20230215-105957.JPG taken)
SKIPPED: /Volumes/ARCHIVE/PHOTOS/2023/2023-02-15/20230215-110243_[X100F]-[23-02-15]-[11-02-43]__0.JPG (20230215-110243.JPG taken)
SKIPPED: /Volumes/ARCHIVE/PHOTOS/2023/2023-02-15/20230215-111502_[X100F]-[23-02-15]-[11-15-02]__0.JPG (20230215-111502.JPG taken)
SKIPPED: /Volumes/ARCHIVE/PHOTOS/2023/2023-02-15/20230215-111508_[X100F]-[23-02-15]-[11-15-08]__0.JPG (20230215-111508.JPG taken)
SKIPPED: /Volumes/ARCHIVE/PHOTOS/2023/2023-02-15/20230215-111545_[X100F]-[23-02-15]-[11-15-45]__0.JPG (20230215-111545.JPG taken)
SKIPPED: /Volumes/ARCHIVE/PHOTOS/2023/2023-02-15/20230215-112152_[X100F]-[23-02-15]-[11-21-52]__0.JPG (20230215-112152.JPG taken)
SKIPPED: /Volumes/ARCHIVE/PHOTOS/2023/2023-02-15/20230215-112207_[X100F]-[23-02-15]-[11-22-07]__0.JPG (20230215-112207.JPG taken)
SKIPPED: /Volumes/ARCHIVE/PHOTOS/2023/2023-02-15/20230215-112246_[X100F]-[23-02-15]-[11-22-46]__0.JPG (20230215-112246.JPG taken)
SKIPPED: /Volumes/ARCHIVE/PHOTOS/2023/2023-02-15/20230215-112609_[X100F]-[23-02-15]-[11-26-09]__0.JPG (20230215-112609.JPG taken)
SKIPPED: /Volumes/ARCHIVE/PHOTOS/2023/2023-02-15/20230215-112730_[X100F]-[23-02-15]-[11-27-30]__0.JPG (20230215-112730.JPG taken)
SKIPPED: /Volumes/ARCHIVE/PHOTOS/2023/2023-02-15/20230215-112804_[X100F]-[23-02-15]-[11-28-04]__0.JPG (20230215-112804.JPG taken)
SKIPPED: /Volumes/ARCHIVE/PHOTOS/2023/2023-02-15/20230215-113557_[X100F]-[23-02-15]-[11-35-57]__0.JPG (20230215-113557.JPG taken)
SKIPPED: /Volumes/ARCHIVE/PHOTOS/2023/2023-02-15/20230215-114219_[X100F]-[23-02-15]-[11-42-19]__0.JPG (20230215-114219.JPG taken)
SKIPPED: /Volumes/ARCHIVE/PHOTOS/2023/2023-02-15/20230215-114239_[X100F]-[23-02-15]-[11-42-39]__0.JPG (20230215-114239.JPG taken)
SKIPPED: /Volumes/ARCHIVE/PHOTOS/2023/2023-02-15/20230215-114241_[X100F]-[23-02-15]-[11-42-41]__0.JPG (20230215-114241.JPG taken)
SKIPPED: /Volumes/ARCHIVE/PHOTOS/2023/2023-02-15/20230215-114303_[X100F]-[23-02-15]-[11-43-03]__0.JPG (20230215-114303.JPG taken)
SKIPPED: /Volumes/ARCHIVE/PHOTOS/2023/2023-02-15/20230215-114306_[X100F]-[23-02-15]-[11-43-06]__0.JPG (20230215-114306.JPG taken)
SKIPPED: /Volumes/ARCHIVE/PHOTOS/2023/2023-02-15/20230215-114307_[X100F]-[23-02-15]-[11-43-07]__0.JPG (20230215-114307.JPG taken)
SKIPPED: /Volumes/ARCHIVE/PHOTOS/2023/2023-02-15/20230215-114311_[X100F]-[23-02-15]-[11-43-11]__0.JPG (20230215-114311.JPG taken)
SKIPPED: /Volumes/ARCHIVE/PHOTOS/2023/2023-02-15/20230215-114320_[X100F]-[23-02-15]-[11-43-20]__0.JPG (20230215-114320.JPG taken)
SKIPPED: /Volumes/ARCHIVE/PHOTOS/2023/2023-02-15/20230215-114333_[X100F]-[23-02-15]-[11-43-33]__0.JPG (20230215-114333.JPG taken)
SKIPPED: /Volumes/ARCHIVE/PHOTOS/2023/2023-02-15/20230215-114418_[X100F]-[23-02-15]-[11-44-18]__0.JPG (20230215-114418.JPG taken)
SKIPPED: /Volumes/ARCHIVE/PHOTOS/2023/2023-02-15/20230215-114518_[X100F]-[23-02-15]-[11-45-18]__0.JPG (20230215-114518.JPG taken)
SKIPPED: /Volumes/ARCHIVE/PHOTOS/2023/2023-02-15/20230215-114608_[X100F]-[23-02-15]-[11-46-08]__0.JPG (20230215-114608.JPG taken)
SKIPPED: /Volumes/ARCHIVE/PHOTOS/2023/2023-02-15/20230215-114733_[X100F]-[23-02-15]-[11-47-33]__0.JPG (20230215-114733.JPG taken)
SKIPPED: /Volumes/ARCHIVE/PHOTOS/2023/2023-02-15/20230215-114813_[X100F]-[23-02-15]-[11-48-13]__0.JPG (20230215-114813.JPG taken)
SKIPPED: /Volumes/ARCHIVE/PHOTOS/2023/2023-02-15/20230215-114854_[X100F]-[23-02-15]-[11-48-54]__0.JPG (20230215-114854.JPG taken)
SKIPPED: /Volumes/ARCHIVE/PHOTOS/2023/2023-02-15/20230215-114940_[X100F]-[23-02-15]-[11-49-40]__0.JPG (20230215-114940.JPG taken)
SKIPPED: /Volumes/ARCHIVE/PHOTOS/2023/2023-02-15/20230215-115033_[X100F]-[23-02-15]-[11-50-33]__0.JPG (20230215-115033.JPG taken)
SKIPPED: /Volumes/ARCHIVE/PHOTOS/2023/2023-02-15/20230215-115104_[X100F]-[23-02-15]-[11-51-04]__0.JPG (20230215-115104.JPG taken)
SKIPPED: /Volumes/ARCHIVE/PHOTOS/2023/2023-02-15/20230215-115252_[X100F]-[23-02-15]-[11-52-52]__0.JPG (20230215-115252.JPG taken)
SKIPPED: /Volumes/ARCHIVE/PHOTOS/2023/2023-02-15/20230215-120407_[X100F]-[23-02-15]-[12-04-07]__0.JPG (20230215-120407.JPG taken)
SKIPPED: /Volumes/ARCHIVE/PHOTOS/2023/2023-02-15/20230215-120444_[X100F]-[23-02-15]-[12-04-44]__0.JPG (20230215-120444.JPG taken)
SKIPPED: /Volumes/ARCHIVE/PHOTOS/2023/2023-02-15/20230215-120535_[X100F]-[23-02-15]-[12-05-35]__0.JPG (20230215-120535.JPG taken)
SKIPPED: /Volumes/ARCHIVE/PHOTOS/2023/2023-02-15/20230215-120826_[X100F]-[23-02-15]-[12-08-26]__0.JPG (20230215-120826.JPG taken)
SKIPPED: /Volumes/ARCHIVE/PHOTOS/2023/2023-02-15/20230215-120911_[X100F]-[23-02-15]-[12-09-11]__0.JPG (20230215-120911.JPG taken)
SKIPPED: /Volumes/ARCHIVE/PHOTOS/2023/2023-02-15/20230215-142259_[X100F]-[23-02-15]-[14-22-59]__0.JPG (20230215-142259.JPG taken)
SKIPPED: /Volumes/ARCHIVE/PHOTOS/2023/2023-02-15/20230215-142308_[X100F]-[23-02-15]-[14-23-08]__0.JPG (20230215-142308.JPG taken)
SKIPPED: /Volumes/ARCHIVE/PHOTOS/2023/2023-02-15/20230215-142309_[X100F]-[23-02-15]-[14-23-09]__0.JPG (20230215-142309.JPG taken)
SKIPPED: /Volumes/ARCHIVE/PHOTOS/2023/2023-02-15/20230215-142549_[X100F]-[23-02-15]-[14-25-49]__0.JPG (20230215-142549.JPG taken)
SKIPPED: /Volumes/ARCHIVE/PHOTOS/2023/2023-02-15/20230215-142921_[X100F]-[23-02-15]-[14-29-21]__0.JPG (20230215-142921.JPG taken)
SKIPPED: /Volumes/ARCHIVE/PHOTOS/2023/2023-02-15/20230215-160619_[X100F]-[23-02-15]-[16-06-19]__0.JPG (20230215-160619.JPG taken)
SKIPPED: /Volumes/ARCHIVE/PHOTOS/2023/2023-02-15/20230215-160658_[X100F]-[23-02-15]-[16-06-58]__0.JPG (20230215-160658.JPG taken)
SKIPPED: /Volumes/ARCHIVE/PHOTOS/2023/2023-02-15/20230215-162619_[X100F]-[23-02-15]-[16-26-19]__0.JPG (20230215-162619.JPG taken)
SKIPPED: /Volumes/ARCHIVE/PHOTOS/2023/2023-02-15/20230215-165119_[X100F]-[23-02-15]-[16-51-19]__0.JPG (20230215-165119.JPG taken)
SKIPPED: /Volumes/ARCHIVE/PHOTOS/2023/2023-02-15/20230215-165805_[X100F]-[23-02-15]-[16-58-05]__0.JPG (20230215-165805.JPG taken)
SKIPPED: /Volumes/ARCHIVE/PHOTOS/2023/2023-02-15/20230215-165836_[X100F]-[23-02-15]-[16-58-36]__0.JPG (20230215-165836.JPG taken)
SKIPPED: /Volumes/ARCHIVE/PHOTOS/2023/2023-02-15/20230215-165850_[X100F]-[23-02-15]-[16-58-50]__0.JPG (20230215-165850.JPG taken)
SKIPPED: /Volumes/ARCHIVE/PHOTOS/2023/2023-02-15/20230215-165857_[X100F]-[23-02-15]-[16-58-57]__0.JPG (20230215-165857.JPG taken)
SKIPPED: /Volumes/ARCHIVE/PHOTOS/2023/2023-02-15/20230215-170040_[X100F]-[23-02-15]-[17-00-40]__0.JPG (20230215-170040.JPG taken)
SKIPPED: /Volumes/ARCHIVE/PHOTOS/2023/2023-02-15/20230215-170104_[X100F]-[23-02-15]-[17-01-04]__0.JPG (20230215-170104.JPG taken)
SKIPPED: /Volumes/ARCHIVE/PHOTOS/2023/2023-02-15/20230215-170142_[X100F]-[23-02-15]-[17-01-42]__0.JPG (20230215-170142.JPG taken)
SKIPPED: /Volumes/ARCHIVE/PHOTOS/2023/2023-02-15/20230215-170400_[X100F]-[23-02-15]-[17-04-00]__0.JPG (20230215-170400.JPG taken)
SKIPPED: /Volumes/ARCHIVE/PHOTOS/2023/2023-02-15/20230215-170431_[X100F]-[23-02-15]-[17-04-31]__0.JPG (20230215-170431.JPG taken)
SKIPPED: /Volumes/ARCHIVE/PHOTOS/2023/2023-02-15/20230215-170457_[X100F]-[23-02-15]-[17-04-57]__0.JPG (20230215-170457.JPG taken)
SKIPPED: /Volumes/ARCHIVE/PHOTOS/2023/2023-02-15/20230215-170557_[X100F]-[23-02-15]-[17-05-57]__0.JPG (20230215-170557.JPG taken)
SKIPPED: /Volumes/ARCHIVE/PHOTOS/2023/2023-02-15/20230215-170735_[X100F]-[23-02-15]-[17-07-35]__0.JPG (20230215-170735.JPG taken)
SKIPPED: /Volumes/ARCHIVE/PHOTOS/2023/2023-02-15/20230215-170849_[X100F]-[23-02-15]-[17-08-49]__0.JPG (20230215-170849.JPG taken)
SKIPPED: /Volumes/ARCHIVE/PHOTOS/2023/2023-02-15/20230215-171008_[X100F]-[23-02-15]-[17-10-08]__0.JPG (20230215-171008.JPG taken)
SKIPPED: /Volumes/ARCHIVE/PHOTOS/2023/2023-02-15/20230215-171032_[X100F]-[23-02-15]-[17-10-32]__0.JPG (20230215-171032.JPG taken)
SKIPPED: /Volumes/ARCHIVE/PHOTOS/2023/2023-02-15/20230215-171113_[X100F]-[23-02-15]-[17-11-13]__0.JPG (20230215-171113.JPG taken)
SKIPPED: /Volumes/ARCHIVE/PHOTOS/2023/2023-02-15/20230215-171154_[X100F]-[23-02-15]-[17-11-54]__0.JPG (20230215-171154.JPG taken)
SKIPPED: /Volumes/ARCHIVE/PHOTOS/2023/2023-02-15/20230215-171613_[X100F]-[23-02-15]-[17-16-13]__0.JPG (20230215-171613.JPG taken)
SKIPPED: /Volumes/ARCHIVE/PHOTOS/2023/2023-02-15/20230215-171744_[X100F]-[23-02-15]-[17-17-44]__0.JPG (20230215-171744.JPG taken)
SKIPPED: /Volumes/ARCHIVE/PHOTOS/2023/2023-02-15/20230215-172012_[X100F]-[23-02-15]-[17-20-12]__0.JPG (20230215-172012.JPG taken)
SKIPPED: /Volumes/ARCHIVE/PHOTOS/2023/2023-02-15/20230215-172138_[X100F]-[23-02-15]-[17-21-38]__0.JPG (20230215-172138.JPG taken)
SKIPPED: /Volumes/ARCHIVE/PHOTOS/2023/2023-02-15/20230215-172142_[X100F]-[23-02-15]-[17-21-42]__0.JPG (20230215-172142.JPG taken)
SKIPPED: /Volumes/ARCHIVE/PHOTOS/2023/2023-02-15/20230215-172150_[X100F]-[23-02-15]-[17-21-50]__0.JPG (20230215-172150.JPG taken)
SKIPPED: /Volumes/ARCHIVE/PHOTOS/2023/2023-02-15/20230215-172249_[X100F]-[23-02-15]-[17-22-49]__0.JPG (20230215-172249.JPG taken)
SKIPPED: /Volumes/ARCHIVE/PHOTOS/2023/2023-02-15/20230215-172313_[X100F]-[23-02-15]-[17-23-13]__0.JPG (20230215-172313.JPG taken)
SKIPPED: /Volumes/ARCHIVE/PHOTOS/2023/2023-02-15/20230215-172325_[X100F]-[23-02-15]-[17-23-25]__0.JPG (20230215-172325.JPG taken)
SKIPPED: /Volumes/ARCHIVE/PHOTOS/2023/2023-02-15/20230215-172520_[X100F]-[23-02-15]-[17-25-20]__0.JPG (20230215-172520.JPG taken)
SKIPPED: /Volumes/ARCHIVE/PHOTOS/2023/2023-02-15/20230215-172522_[X100F]-[23-02-15]-[17-25-22]__0.JPG (20230215-172522.JPG taken)
SKIPPED: /Volumes/ARCHIVE/PHOTOS/2023/2023-02-15/20230215-172649_[X100F]-[23-02-15]-[17-26-49]__0.JPG (20230215-172649.JPG taken)
SKIPPED: /Volumes/ARCHIVE/PHOTOS/2023/2023-02-15/20230215-172734_[X100F]-[23-02-15]-[17-27-34]__0.JPG (20230215-172734.JPG taken)
SKIPPED: /Volumes/ARCHIVE/PHOTOS/2023/2023-02-15/20230215-172742_[X100F]-[23-02-15]-[17-27-42]__0.JPG (20230215-172742.JPG taken)
SKIPPED: /Volumes/ARCHIVE/PHOTOS/2023/2023-02-15/20230215-172757_[X100F]-[23-02-15]-[17-27-57]__0.JPG (20230215-172757.JPG taken)
SKIPPED: /Volumes/ARCHIVE/PHOTOS/2023/2023-02-15/20230215-172806_[X100F]-[23-02-15]-[17-28-06]__0.JPG (20230215-172806.JPG taken)
SKIPPED: /Volumes/ARCHIVE/PHOTOS/2023/2023-02-15/20230215-174103_[X100F]-[23-02-15]-[17-41-03]__0.JPG (20230215-174103.JPG taken)
SKIPPED: /Volumes/ARCHIVE/PHOTOS/2023/2023-02-15/20230215-174240_[X100F]-[23-02-15]-[17-42-40]__0.JPG (20230215-174240.JPG taken)
SKIPPED: /Volumes/ARCHIVE/PHOTOS/2023/2023-02-15/20230215-174933_[X100F]-[23-02-15]-[17-49-33]__0.JPG (20230215-174933.JPG taken)
SKIPPED: /Volumes/ARCHIVE/PHOTOS/2023/2023-02-15/20230215-175411_[X100F]-[23-02-15]-[17-54-11]__0.JPG (20230215-175411.JPG taken)
SKIPPED: /Volumes/ARCHIVE/PHOTOS/2023/2023-02-15/20230215-175423_[X100F]-[23-02-15]-[17-54-23]__0.JPG (20230215-175423.JPG taken)
SKIPPED: /Volumes/ARCHIVE/PHOTOS/2023/2023-02-15/20230215-175425_[X100F]-[23-02-15]-[17-54-25]__0.JPG (20230215-175425.JPG taken)
SKIPPED: /Volumes/ARCHIVE/PHOTOS/2023/2023-02-15/20230215-175427_[X100F]-[23-02-15]-[17-54-27]__0.JPG (20230215-175427.JPG taken)
SKIPPED: /Volumes/ARCHIVE/PHOTOS/2023/2023-02-15/20230215-183211_[X100F]-[23-02-15]-[18-32-11]__0.JPG (20230215-183211.JPG taken)
SKIPPED: /Volumes/ARCHIVE/PHOTOS/2023/2023-02-15/20230215-183216_[X100F]-[23-02-15]-[18-32-16]__0.JPG (20230215-183216.JPG taken)
SKIPPED: /Volumes/ARCHIVE/PHOTOS/2023/2023-02-15/20230215-183832_[X100F]-[23-02-15]-[18-38-32]__0.JPG (20230215-183832.JPG taken)
SKIPPED: /Volumes/ARCHIVE/PHOTOS/2023/2023-02-15/20230215-183845_[X100F]-[23-02-15]-[18-38-45]__0.JPG (20230215-183845.JPG taken)
SKIPPED: /Volumes/ARCHIVE/PHOTOS/2023/2023-02-15/20230215-184127_[X100F]-[23-02-15]-[18-41-27]__0.JPG (20230215-184127.JPG taken)
SKIPPED: /Volumes/ARCHIVE/PHOTOS/2023/2023-02-15/20230215-184245_[X100F]-[23-02-15]-[18-42-45]__0.JPG (20230215-184245.JPG taken)
SKIPPED: /Volumes/ARCHIVE/PHOTOS/2023/2023-02-15/20230215-184443_[X100F]-[23-02-15]-[18-44-43]__0.JPG (20230215-184443.JPG taken)
SKIPPED: /Volumes/ARCHIVE/PHOTOS/2023/2023-02-15/20230215-184501_[X100F]-[23-02-15]-[18-45-01]__0.JPG (20230215-184501.JPG taken)
SKIPPED: /Volumes/ARCHIVE/PHOTOS/2023/2023-02-15/20230215-184623_[X100F]-[23-02-15]-[18-46-23]__0.JPG (20230215-184623.JPG taken)
SKIPPED: /Volumes/ARCHIVE/PHOTOS/2023/2023-02-15/20230215-184628_[X100F]-[23-02-15]-[18-46-28]__0.JPG (20230215-184628.JPG taken)
SKIPPED: /Volumes/ARCHIVE/PHOTOS/2023/2023-02-15/20230215-215825_[X100F]-[23-02-15]-[21-58-25]__0.JPG (20230215-215825.JPG taken)
SKIPPED: /Volumes/ARCHIVE/PHOTOS/2023/2023-02-15/20230215-215835_[X100F]-[23-02-15]-[21-58-35]__0.JPG (20230215-215835.JPG taken)
SKIPPED: /Volumes/ARCHIVE/PHOTOS/2023/2023-02-16/20230216-104325_[X100F]-[23-02-16]-[10-43-25]__0.JPG (20230216-104325.JPG taken)
SKIPPED: /Volumes/ARCHIVE/PHOTOS/2023/2023-02-16/20230216-104934_[X100F]-[23-02-16]-[10-49-34]__0.JPG (20230216-104934.JPG taken)
SKIPPED: /Volumes/ARCHIVE/PHOTOS/2023/2023-02-16/20230216-105003_[X100F]-[23-02-16]-[10-50-03]__0.JPG (20230216-105003.JPG taken)
SKIPPED: /Volumes/ARCHIVE/PHOTOS/2023/2023-02-16/20230216-105102_[X100F]-[23-02-16]-[10-51-02]__0.JPG (20230216-105102.JPG taken)
SKIPPED: /Volumes/ARCHIVE/PHOTOS/2023/2023-02-16/20230216-105530_[X100F]-[23-02-16]-[10-55-30]__0.JPG (20230216-105530.JPG taken)
SKIPPED: /Volumes/ARCHIVE/PHOTOS/2023/2023-02-16/20230216-105541_[X100F]-[23-02-16]-[10-55-41]__0.JPG (20230216-105541.JPG taken)
SKIPPED: /Volumes/ARCHIVE/PHOTOS/2023/2023-02-16/20230216-105621_[X100F]-[23-02-16]-[10-56-21]__0.JPG (20230216-105621.JPG taken)
SKIPPED: /Volumes/ARCHIVE/PHOTOS/2023/2023-02-16/20230216-105750_[X100F]-[23-02-16]-[10-57-50]__0.JPG (20230216-105750.JPG taken)
SKIPPED: /Volumes/ARCHIVE/PHOTOS/2023/2023-02-16/20230216-105803_[X100F]-[23-02-16]-[10-58-03]__0.JPG (20230216-105803.JPG taken)
SKIPPED: /Volumes/ARCHIVE/PHOTOS/2023/2023-02-16/20230216-105836_[X100F]-[23-02-16]-[10-58-36]__0.JPG (20230216-105836.JPG taken)
SKIPPED: /Volumes/ARCHIVE/PHOTOS/2023/2023-02-16/20230216-105952_[X100F]-[23-02-16]-[10-59-52]__0.JPG (20230216-105952.JPG taken)
SKIPPED: /Volumes/ARCHIVE/PHOTOS/2023/2023-02-16/20230216-110139_[X100F]-[23-02-16]-[11-01-39]__0.JPG (20230216-110139.JPG taken)
SKIPPED: /Volumes/ARCHIVE/PHOTOS/2023/2023-02-16/20230216-110140_[X100F]-[23-02-16]-[11-01-40]__0.JPG (20230216-110140.JPG taken)
SKIPPED: /Volumes/ARCHIVE/PHOTOS/2023/2023-02-16/20230216-110223_[X100F]-[23-02-16]-[11-02-23]__0.JPG (20230216-110223.JPG taken)
SKIPPED: /Volumes/ARCHIVE/PHOTOS/2023/2023-02-16/20230216-112418_[X100F]-[23-02-16]-[11-24-18]__0.JPG (20230216-112418.JPG taken)
SKIPPED: /Volumes/ARCHIVE/PHOTOS/2023/2023-02-16/20230216-112421_[X100F]-[23-02-16]-[11-24-21]__0.JPG (20230216-112421.JPG taken)
SKIPPED: /Volumes/ARCHIVE/PHOTOS/2023/2023-02-16/20230216-112526_[X100F]-[23-02-16]-[11-25-26]__0.JPG (20230216-112526.JPG taken)
SKIPPED: /Volumes/ARCHIVE/PHOTOS/2023/2023-02-16/20230216-112829_[X100F]-[23-02-16]-[11-28-29]__0.JPG (20230216-112829.JPG taken)
SKIPPED: /Volumes/ARCHIVE/PHOTOS/2023/2023-02-16/20230216-112838_[X100F]-[23-02-16]-[11-28-38]__0.JPG (20230216-112838.JPG taken)
SKIPPED: /Volumes/ARCHIVE/PHOTOS/2023/2023-02-16/20230216-112844_[X100F]-[23-02-16]-[11-28-44]__0.JPG (20230216-112844.JPG taken)
SKIPPED: /Volumes/ARCHIVE/PHOTOS/2023/2023-02-16/20230216-112908_[X100F]-[23-02-16]-[11-29-08]__0.JPG (20230216-112908.JPG taken)
SKIPPED: /Volumes/ARCHIVE/PHOTOS/2023/2023-02-16/20230216-112916_[X100F]-[23-02-16]-[11-29-16]__0.JPG (20230216-112916.JPG taken)
SKIPPED: /Volumes/ARCHIVE/PHOTOS/2023/2023-02-16/20230216-112929_[X100F]-[23-02-16]-[11-29-29]__0.JPG (20230216-112929.JPG taken)
SKIPPED: /Volumes/ARCHIVE/PHOTOS/2023/2023-02-16/20230216-112930_[X100F]-[23-02-16]-[11-29-30]__0.JPG (20230216-112930.JPG taken)
SKIPPED: /Volumes/ARCHIVE/PHOTOS/2023/2023-02-16/20230216-113043_[X100F]-[23-02-16]-[11-30-43]__0.JPG (20230216-113043.JPG taken)
SKIPPED: /Volumes/ARCHIVE/PHOTOS/2023/2023-02-16/20230216-113149_[X100F]-[23-02-16]-[11-31-49]__0.JPG (20230216-113149.JPG taken)
SKIPPED: /Volumes/ARCHIVE/PHOTOS/2023/2023-02-16/20230216-113212_[X100F]-[23-02-16]-[11-32-12]__0.JPG (20230216-113212.JPG taken)
SKIPPED: /Volumes/ARCHIVE/PHOTOS/2023/2023-02-16/20230216-113219_[X100F]-[23-02-16]-[11-32-19]__0.JPG (20230216-113219.JPG taken)
SKIPPED: /Volumes/ARCHIVE/PHOTOS/2023/2023-02-16/20230216-113228_[X100F]-[23-02-16]-[11-32-28]__0.JPG (20230216-113228.JPG taken)
SKIPPED: /Volumes/ARCHIVE/PHOTOS/2023/2023-02-16/20230216-120524_[X100F]-[23-02-16]-[12-05-24]__0.JPG (20230216-120524.JPG taken)
SKIPPED: /Volumes/ARCHIVE/PHOTOS/2023/2023-02-16/20230216-120639_[X100F]-[23-02-16]-[12-06-39]__0.JPG (20230216-120639.JPG taken)
SKIPPED: /Volumes/ARCHIVE/PHOTOS/2023/2023-02-16/20230216-120940_[X100F]-[23-02-16]-[12-09-40]__0.JPG (20230216-120940.JPG taken)
SKIPPED: /Volumes/ARCHIVE/PHOTOS/2023/2023-02-16/20230216-120943_[X100F]-[23-02-16]-[12-09-43]__0.JPG (20230216-120943.JPG taken)
SKIPPED: /Volumes/ARCHIVE/PHOTOS/2023/2023-02-16/20230216-120945_[X100F]-[23-02-16]-[12-09-45]__0.JPG (20230216-120945.JPG taken)
SKIPPED: /Volumes/ARCHIVE/PHOTOS/2023/2023-02-16/20230216-120947_[X100F]-[23-02-16]-[12-09-47]__0.JPG (20230216-120947.JPG taken)
SKIPPED: /Volumes/ARCHIVE/PHOTOS/2023/2023-02-16/20230216-120949_[X100F]-[23-02-16]-[12-09-49]__0.JPG (20230216-120949.JPG taken)
SKIPPED: /Volumes/ARCHIVE/PHOTOS/2023/2023-02-16/20230216-124340_[X100F]-[23-02-16]-[12-43-40]__0.JPG (20230216-124340.JPG taken)
SKIPPED: /Volumes/ARCHIVE/PHOTOS/2023/2023-02-16/20230216-124747_[X100F]-[23-02-16]-[12-47-47]__0.JPG (20230216-124747.JPG taken)
SKIPPED: /Volumes/ARCHIVE/PHOTOS/2023/2023-02-16/20230216-124754_[X100F]-[23-02-16]-[12-47-54]__0.JPG (20230216-124754.JPG taken)
SKIPPED: /Volumes/ARCHIVE/PHOTOS/2023/2023-02-16/20230216-125005_[X100F]-[23-02-16]-[12-50-05]__0.JPG (20230216-125005.JPG taken)
SKIPPED: /Volumes/ARCHIVE/PHOTOS/2023/2023-02-16/20230216-125016_[X100F]-[23-02-16]-[12-50-16]__0.JPG (20230216-125016.JPG taken)
SKIPPED: /Volumes/ARCHIVE/PHOTOS/2023/2023-02-16/20230216-125021_[X100F]-[23-02-16]-[12-50-21]__0.JPG (20230216-125021.JPG taken)
SKIPPED: /Volumes/ARCHIVE/PHOTOS/2023/2023-02-16/20230216-125029_[X100F]-[23-02-16]-[12-50-29]__0.JPG (20230216-125029.JPG taken)
SKIPPED: /Volumes/ARCHIVE/PHOTOS/2023/2023-02-16/20230216-125036_[X100F]-[23-02-16]-[12-50-36]__0.JPG (20230216-125036.JPG taken)
SKIPPED: /Volumes/ARCHIVE/PHOTOS/2023/2023-02-16/20230216-125127_[X100F]-[23-02-16]-[12-51-27]__0.JPG (20230216-125127.JPG taken)
SKIPPED: /Volumes/ARCHIVE/PHOTOS/2023/2023-02-16/20230216-125137_[X100F]-[23-02-16]-[12-51-37]__0.JPG (20230216-125137.JPG taken)
SKIPPED: /Volumes/ARCHIVE/PHOTOS/2023/2023-02-16/20230216-125201_[X100F]-[23-02-16]-[12-52-01]__0.JPG (20230216-125201.JPG taken)
SKIPPED: /Volumes/ARCHIVE/PHOTOS/2023/2023-02-16/20230216-125214_[X100F]-[23-02-16]-[12-52-14]__0.JPG (20230216-125214.JPG taken)
SKIPPED: /Volumes/ARCHIVE/PHOTOS/2023/2023-02-16/20230216-125220_[X100F]-[23-02-16]-[12-52-20]__0.JPG (20230216-125220.JPG taken)
SKIPPED: /Volumes/ARCHIVE/PHOTOS/2023/2023-02-16/20230216-125240_[X100F]-[23-02-16]-[12-52-40]__0.JPG (20230216-125240.JPG taken)
SKIPPED: /Volumes/ARCHIVE/PHOTOS/2023/2023-02-16/20230216-125250_[X100F]-[23-02-16]-[12-52-50]__0.JPG (20230216-125250.JPG taken)
SKIPPED: /Volumes/ARCHIVE/PHOTOS/2023/2023-02-16/20230216-125252_[X100F]-[23-02-16]-[12-52-52]__0.JPG (20230216-125252.JPG taken)
SKIPPED: /Volumes/ARCHIVE/PHOTOS/2023/2023-02-16/20230216-125254_[X100F]-[23-02-16]-[12-52-54]__0.JPG (20230216-125254.JPG taken)
SKIPPED: /Volumes/ARCHIVE/PHOTOS/2023/2023-02-16/20230216-125302_[X100F]-[23-02-16]-[12-53-02]__0.JPG (20230216-125302.JPG taken)
SKIPPED: /Volumes/ARCHIVE/PHOTOS/2023/2023-02-16/20230216-125304_[X100F]-[23-02-16]-[12-53-04]__0.JPG (20230216-125304.JPG taken)
SKIPPED: /Volumes/ARCHIVE/PHOTOS/2023/2023-02-16/20230216-125307_[X100F]-[23-02-16]-[12-53-07]__0.JPG (20230216-125307.JPG taken)
SKIPPED: /Volumes/ARCHIVE/PHOTOS/2023/2023-02-16/20230216-125311_[X100F]-[23-02-16]-[12-53-11]__0.JPG (20230216-125311.JPG taken)
SKIPPED: /Volumes/ARCHIVE/PHOTOS/2023/2023-02-16/20230216-125801_[X100F]-[23-02-16]-[12-58-01]__0.JPG (20230216-125801.JPG taken)
SKIPPED: /Volumes/ARCHIVE/PHOTOS/2023/2023-02-16/20230216-125829_[X100F]-[23-02-16]-[12-58-29]__0.JPG (20230216-125829.JPG taken)
SKIPPED: /Volumes/ARCHIVE/PHOTOS/2023/2023-02-16/20230216-125844_[X100F]-[23-02-16]-[12-58-44]__0.JPG (20230216-125844.JPG taken)
SKIPPED: /Volumes/ARCHIVE/PHOTOS/2023/2023-02-16/20230216-125850_[X100F]-[23-02-16]-[12-58-50]__0.JPG (20230216-125850.JPG taken)
SKIPPED: /Volumes/ARCHIVE/PHOTOS/2023/2023-02-16/20230216-125900_[X100F]-[23-02-16]-[12-59-00]__0.JPG (20230216-125900.JPG taken)
SKIPPED: /Volumes/ARCHIVE/PHOTOS/2023/2023-02-16/20230216-125912_[X100F]-[23-02-16]-[12-59-12]__0.JPG (20230216-125912.JPG taken)
SKIPPED: /Volumes/ARCHIVE/PHOTOS/2023/2023-02-16/20230216-130021_[X100F]-[23-02-16]-[13-00-21]__0.JPG (20230216-130021.JPG taken)
SKIPPED: /Volumes/ARCHIVE/PHOTOS/2023/2023-02-16/20230216-130031_[X100F]-[23-02-16]-[13-00-31]__0.JPG (20230216-130031.JPG taken)
SKIPPED: /Volumes/ARCHIVE/PHOTOS/2023/2023-02-16/20230216-130035_[X100F]-[23-02-16]-[13-00-35]__0.JPG (20230216-130035.JPG taken)
SKIPPED: /Volumes/ARCHIVE/PHOTOS/2023/2023-02-16/20230216-130044_[X100F]-[23-02-16]-[13-00-44]__0.JPG (20230216-130044.JPG taken)
SKIPPED: /Volumes/ARCHIVE/PHOTOS/2023/2023-02-16/20230216-130137_[X100F]-[23-02-16]-[13-01-37]__0.JPG (20230216-130137.JPG taken)
SKIPPED: /Volumes/ARCHIVE/PHOTOS/2023/2023-02-16/20230216-130139_[X100F]-[23-02-16]-[13-01-39]__0.JPG (20230216-130139.JPG taken)
SKIPPED: /Volumes/ARCHIVE/PHOTOS/2023/2023-02-16/20230216-130140_[X100F]-[23-02-16]-[13-01-40]__0.JPG (20230216-130140.JPG taken)
SKIPPED: /Volumes/ARCHIVE/PHOTOS/2023/2023-02-16/20230216-130613_[X100F]-[23-02-16]-[13-06-13]__0.JPG (20230216-130613.JPG taken)
SKIPPED: /Volumes/ARCHIVE/PHOTOS/2023/2023-02-16/20230216-130625_[X100F]-[23-02-16]-[13-06-25]__0.JPG (20230216-130625.JPG taken)
SKIPPED: /Volumes/ARCHIVE/PHOTOS/2023/2023-02-16/20230216-130626_[X100F]-[23-02-16]-[13-06-26]__0.JPG (20230216-130626.JPG taken)
SKIPPED: /Volumes/ARCHIVE/PHOTOS/2023/2023-02-16/20230216-130627_[X100F]-[23-02-16]-[13-06-27]__0.JPG (20230216-130627.JPG taken)
SKIPPED: /Volumes/ARCHIVE/PHOTOS/2023/2023-02-16/20230216-130639_[X100F]-[23-02-16]-[13-06-39]__0.JPG (20230216-130639.JPG taken)
SKIPPED: /Volumes/ARCHIVE/PHOTOS/2023/2023-02-16/20230216-130647_[X100F]-[23-02-16]-[13-06-47]__0.JPG (20230216-130647.JPG taken)
SKIPPED: /Volumes/ARCHIVE/PHOTOS/2023/2023-02-16/20230216-130653_[X100F]-[23-02-16]-[13-06-53]__0.JPG (20230216-130653.JPG taken)
SKIPPED: /Volumes/ARCHIVE/PHOTOS/2023/2023-02-16/20230216-130656_[X100F]-[23-02-16]-[13-06-56]__0.JPG (20230216-130656.JPG taken)
SKIPPED: /Volumes/ARCHIVE/PHOTOS/2023/2023-02-16/20230216-130722_[X100F]-[23-02-16]-[13-07-22]__0.JPG (20230216-130722.JPG taken)
SKIPPED: /Volumes/ARCHIVE/PHOTOS/2023/2023-02-16/20230216-130747_[X100F]-[23-02-16]-[13-07-47]__0.JPG (20230216-130747.JPG taken)
SKIPPED: /Volumes/ARCHIVE/PHOTOS/2023/2023-02-16/20230216-130902_[X100F]-[23-02-16]-[13-09-02]__0.JPG (20230216-130902.JPG taken)
SKIPPED: /Volumes/ARCHIVE/PHOTOS/2023/2023-02-16/20230216-130914_[X100F]-[23-02-16]-[13-09-14]__0.JPG (20230216-130914.JPG taken)
SKIPPED: /Volumes/ARCHIVE/PHOTOS/2023/2023-02-16/20230216-130948_[X100F]-[23-02-16]-[13-09-48]__0.JPG (20230216-130948.JPG taken)
SKIPPED: /Volumes/ARCHIVE/PHOTOS/2023/2023-02-16/20230216-130950_[X100F]-[23-02-16]-[13-09-50]__0.JPG (20230216-130950.JPG taken)
SKIPPED: /Volumes/ARCHIVE/PHOTOS/2023/2023-02-16/20230216-130954_[X100F]-[23-02-16]-[13-09-54]__0.JPG (20230216-130954.JPG taken)
SKIPPED: /Volumes/ARCHIVE/PHOTOS/2023/2023-02-16/20230216-131001_[X100F]-[23-02-16]-[13-10-01]__0.JPG (20230216-131001.JPG taken)
SKIPPED: /Volumes/ARCHIVE/PHOTOS/2023/2023-02-16/20230216-131002_[X100F]-[23-02-16]-[13-10-02]__0.JPG (20230216-131002.JPG taken)
SKIPPED: /Volumes/ARCHIVE/PHOTOS/2023/2023-02-16/20230216-131113_[X100F]-[23-02-16]-[13-11-13]__0.JPG (20230216-131113.JPG taken)
SKIPPED: /Volumes/ARCHIVE/PHOTOS/2023/2023-02-16/20230216-131253_[X100F]-[23-02-16]-[13-12-53]__0.JPG (20230216-131253.JPG taken)
SKIPPED: /Volumes/ARCHIVE/PHOTOS/2023/2023-02-16/20230216-131313_[X100F]-[23-02-16]-[13-13-13]__0.JPG (20230216-131313.JPG taken)
SKIPPED: /Volumes/ARCHIVE/PHOTOS/2023/2023-02-16/20230216-131314_[X100F]-[23-02-16]-[13-13-14]__0.JPG (20230216-131314.JPG taken)
SKIPPED: /Volumes/ARCHIVE/PHOTOS/2023/2023-02-16/20230216-131315_[X100F]-[23-02-16]-[13-13-15]__0.JPG (20230216-131315.JPG taken)
SKIPPED: /Volumes/ARCHIVE/PHOTOS/2023/2023-02-16/20230216-131513_[X100F]-[23-02-16]-[13-15-13]__0.JPG (20230216-131513.JPG taken)
SKIPPED: /Volumes/ARCHIVE/PHOTOS/2023/2023-02-16/20230216-131515_[X100F]-[23-02-16]-[13-15-15]__0.JPG (20230216-131515.JPG taken)
SKIPPED: /Volumes/ARCHIVE/PHOTOS/2023/2023-02-16/20230216-131520_[X100F]-[23-02-16]-[13-15-20]__0.JPG (20230216-131520.JPG taken)
SKIPPED: /Volumes/ARCHIVE/PHOTOS/2023/2023-02-16/20230216-131550_[X100F]-[23-02-16]-[13-15-50]__0.JPG (20230216-131550.JPG taken)
SKIPPED: /Volumes/ARCHIVE/PHOTOS/2023/2023-02-16/20230216-131552_[X100F]-[23-02-16]-[13-15-52]__0.JPG (20230216-131552.JPG taken)
SKIPPED: /Volumes/ARCHIVE/PHOTOS/2023/2023-02-16/20230216-131556_[X100F]-[23-02-16]-[13-15-56]__0.JPG (20230216-131556.JPG taken)
SKIPPED: /Volumes/ARCHIVE/PHOTOS/2023/2023-02-16/20230216-131640_[X100F]-[23-02-16]-[13-16-40]__0.JPG (20230216-131640.JPG taken)
SKIPPED: /Volumes/ARCHIVE/PHOTOS/2023/2023-02-16/20230216-131650_[X100F]-[23-02-16]-[13-16-50]__0.JPG (20230216-131650.JPG taken)
SKIPPED: /Volumes/ARCHIVE/PHOTOS/2023/2023-02-16/20230216-131652_[X100F]-[23-02-16]-[13-16-52]__0.JPG (20230216-131652.JPG taken)
SKIPPED: /Volumes/ARCHIVE/PHOTOS/2023/2023-02-16/20230216-131656_[X100F]-[23-02-16]-[13-16-56]__0.JPG (20230216-131656.JPG taken)
SKIPPED: /Volumes/ARCHIVE/PHOTOS/2023/2023-02-16/20230216-131820_[X100F]-[23-02-16]-[13-18-20]__0.JPG (20230216-131820.JPG taken)
SKIPPED: /Volumes/ARCHIVE/PHOTOS/2023/2023-02-16/20230216-131824_[X100F]-[23-02-16]-[13-18-24]__0.JPG (20230216-131824.JPG taken)
SKIPPED: /Volumes/ARCHIVE/PHOTOS/2023/2023-02-16/20230216-131831_[X100F]-[23-02-16]-[13-18-31]__0.JPG (20230216-131831.JPG taken)
SKIPPED: /Volumes/ARCHIVE/PHOTOS/2023/2023-02-16/20230216-132139_[X100F]-[23-02-16]-[13-21-39]__0.JPG (20230216-132139.JPG taken)
SKIPPED: /Volumes/ARCHIVE/PHOTOS/2023/2023-02-16/20230216-132151_[X100F]-[23-02-16]-[13-21-51]__0.JPG (20230216-132151.JPG taken)
SKIPPED: /Volumes/ARCHIVE/PHOTOS/2023/2023-02-16/20230216-132152_[X100F]-[23-02-16]-[13-21-52]__0.JPG (20230216-132152.JPG taken)
SKIPPED: /Volumes/ARCHIVE/PHOTOS/2023/2023-02-16/20230216-132153_JULZ2788.JPG (20230216-132153.JPG taken)
SKIPPED: /Volumes/ARCHIVE/PHOTOS/2023/2023-02-16/20230216-132153_[X100F]-[23-02-16]-[13-21-53]__0 1.JPG (20230216-132153.JPG taken)
SKIPPED: /Volumes/ARCHIVE/PHOTOS/2023/2023-02-16/20230216-132153_[X100F]-[23-02-16]-[13-21-53]__0.JPG (20230216-132153.JPG taken)
SKIPPED: /Volumes/ARCHIVE/PHOTOS/2023/2023-02-16/20230216-132154_[X100F]-[23-02-16]-[13-21-54]__0.JPG (20230216-132154.JPG taken)
SKIPPED: /Volumes/ARCHIVE/PHOTOS/2023/2023-02-16/20230216-132155_[X100F]-[23-02-16]-[13-21-55]__0.JPG (20230216-132155.JPG taken)
SKIPPED: /Volumes/ARCHIVE/PHOTOS/2023/2023-02-16/20230216-132156_[X100F]-[23-02-16]-[13-21-56]__0.JPG (20230216-132156.JPG taken)
SKIPPED: /Volumes/ARCHIVE/PHOTOS/2023/2023-02-16/20230216-132157_[X100F]-[23-02-16]-[13-21-57]__0.JPG (20230216-132157.JPG taken)
SKIPPED: /Volumes/ARCHIVE/PHOTOS/2023/2023-02-16/20230216-132158_[X100F]-[23-02-16]-[13-21-58]__0.JPG (20230216-132158.JPG taken)
SKIPPED: /Volumes/ARCHIVE/PHOTOS/2023/2023-02-16/20230216-132159_[X100F]-[23-02-16]-[13-21-59]__0.JPG (20230216-132159.JPG taken)
SKIPPED: /Volumes/ARCHIVE/PHOTOS/2023/2023-02-16/20230216-132200_[X100F]-[23-02-16]-[13-22-00]__0.JPG (20230216-132200.JPG taken)
SKIPPED: /Volumes/ARCHIVE/PHOTOS/2023/2023-02-16/20230216-132201_[X100F]-[23-02-16]-[13-22-01]__0.JPG (20230216-132201.JPG taken)
SKIPPED: /Volumes/ARCHIVE/PHOTOS/2023/2023-02-16/20230216-132203_[X100F]-[23-02-16]-[13-22-03]__0.JPG (20230216-132203.JPG taken)
SKIPPED: /Volumes/ARCHIVE/PHOTOS/2023/2023-02-16/20230216-132222_[X100F]-[23-02-16]-[13-22-22]__0.JPG (20230216-132222.JPG taken)
SKIPPED: /Volumes/ARCHIVE/PHOTOS/2023/2023-02-16/20230216-132240_[X100F]-[23-02-16]-[13-22-40]__0.JPG (20230216-132240.JPG taken)
SKIPPED: /Volumes/ARCHIVE/PHOTOS/2023/2023-02-16/20230216-133833_[X100F]-[23-02-16]-[13-38-33]__0.JPG (20230216-133833.JPG taken)
SKIPPED: /Volumes/ARCHIVE/PHOTOS/2023/2023-02-16/20230216-133850_[X100F]-[23-02-16]-[13-38-50]__0.JPG (20230216-133850.JPG taken)
SKIPPED: /Volumes/ARCHIVE/PHOTOS/2023/2023-02-16/20230216-134223_[X100F]-[23-02-16]-[13-42-23]__0.JPG (20230216-134223.JPG taken)
SKIPPED: /Volumes/ARCHIVE/PHOTOS/2023/2023-02-16/20230216-134448_[X100F]-[23-02-16]-[13-44-48]__0.JPG (20230216-134448.JPG taken)
SKIPPED: /Volumes/ARCHIVE/PHOTOS/2023/2023-02-16/20230216-134531_[X100F]-[23-02-16]-[13-45-31]__0.JPG (20230216-134531.JPG taken)
SKIPPED: /Volumes/ARCHIVE/PHOTOS/2023/2023-02-16/20230216-135035_[X100F]-[23-02-16]-[13-50-35]__0.JPG (20230216-135035.JPG taken)
SKIPPED: /Volumes/ARCHIVE/PHOTOS/2023/2023-02-16/20230216-135325_[X100F]-[23-02-16]-[13-53-25]__0.JPG (20230216-135325.JPG taken)
SKIPPED: /Volumes/ARCHIVE/PHOTOS/2023/2023-02-16/20230216-135621_[X100F]-[23-02-16]-[13-56-21]__0.JPG (20230216-135621.JPG taken)
SKIPPED: /Volumes/ARCHIVE/PHOTOS/2023/2023-02-16/20230216-135717_[X100F]-[23-02-16]-[13-57-17]__0.JPG (20230216-135717.JPG taken)
SKIPPED: /Volumes/ARCHIVE/PHOTOS/2023/2023-02-16/20230216-155329_[X100F]-[23-02-16]-[15-53-29]__0.JPG (20230216-155329.JPG taken)
SKIPPED: /Volumes/ARCHIVE/PHOTOS/2023/2023-02-16/20230216-155518_[X100F]-[23-02-16]-[15-55-18]__0.JPG (20230216-155518.JPG taken)
SKIPPED: /Volumes/ARCHIVE/PHOTOS/2023/2023-02-16/20230216-155637_[X100F]-[23-02-16]-[15-56-37]__0.JPG (20230216-155637.JPG taken)
SKIPPED: /Volumes/ARCHIVE/PHOTOS/2023/2023-02-16/20230216-155733_[X100F]-[23-02-16]-[15-57-33]__0.JPG (20230216-155733.JPG taken)
SKIPPED: /Volumes/ARCHIVE/PHOTOS/2023/2023-02-16/20230216-155735_[X100F]-[23-02-16]-[15-57-35]__0.JPG (20230216-155735.JPG taken)
SKIPPED: /Volumes/ARCHIVE/PHOTOS/2023/2023-02-16/20230216-155946_[X100F]-[23-02-16]-[15-59-46]__0.JPG (20230216-155946.JPG taken)
SKIPPED: /Volumes/ARCHIVE/PHOTOS/2023/2023-02-16/20230216-160015_[X100F]-[23-02-16]-[16-00-15]__0.JPG (20230216-160015.JPG taken)
SKIPPED: /Volumes/ARCHIVE/PHOTOS/2023/2023-02-16/20230216-160252_[X100F]-[23-02-16]-[16-02-52]__0.JPG (20230216-160252.JPG taken)
SKIPPED: /Volumes/ARCHIVE/PHOTOS/2023/2023-02-16/20230216-161604_[X100F]-[23-02-16]-[16-16-04]__0.JPG (20230216-161604.JPG taken)
SKIPPED: /Volumes/ARCHIVE/PHOTOS/2023/2023-02-16/20230216-161732_[X100F]-[23-02-16]-[16-17-32]__0.JPG (20230216-161732.JPG taken)
SKIPPED: /Volumes/ARCHIVE/PHOTOS/2023/2023-02-16/20230216-163009_[X100F]-[23-02-16]-[16-30-09]__0.JPG (20230216-163009.JPG taken)
SKIPPED: /Volumes/ARCHIVE/PHOTOS/2023/2023-02-16/20230216-163346_[X100F]-[23-02-16]-[16-33-46]__0.JPG (20230216-163346.JPG taken)
SKIPPED: /Volumes/ARCHIVE/PHOTOS/2023/2023-02-16/20230216-173011_[X100F]-[23-02-16]-[17-30-11]__0.JPG (20230216-173011.JPG taken)
SKIPPED: /Volumes/ARCHIVE/PHOTOS/2023/2023-02-16/20230216-173025_[X100F]-[23-02-16]-[17-30-25]__0.JPG (20230216-173025.JPG taken)
SKIPPED: /Volumes/ARCHIVE/PHOTOS/2023/2023-02-16/20230216-173320_[X100F]-[23-02-16]-[17-33-20]__0.JPG (20230216-173320.JPG taken)
SKIPPED: /Volumes/ARCHIVE/PHOTOS/2023/2023-02-16/20230216-173428_[X100F]-[23-02-16]-[17-34-28]__0.JPG (20230216-173428.JPG taken)
SKIPPED: /Volumes/ARCHIVE/PHOTOS/2023/2023-02-16/20230216-173516_[X100F]-[23-02-16]-[17-35-16]__0.JPG (20230216-173516.JPG taken)
SKIPPED: /Volumes/ARCHIVE/PHOTOS/2023/2023-02-16/20230216-173644_[X100F]-[23-02-16]-[17-36-44]__0.JPG (20230216-173644.JPG taken)
SKIPPED: /Volumes/ARCHIVE/PHOTOS/2023/2023-02-16/20230216-173653_[X100F]-[23-02-16]-[17-36-53]__0.JPG (20230216-173653.JPG taken)
SKIPPED: /Volumes/ARCHIVE/PHOTOS/2023/2023-02-16/20230216-173726_[X100F]-[23-02-16]-[17-37-26]__0.JPG (20230216-173726.JPG taken)
SKIPPED: /Volumes/ARCHIVE/PHOTOS/2023/2023-02-16/20230216-173820_[X100F]-[23-02-16]-[17-38-20]__0.JPG (20230216-173820.JPG taken)
SKIPPED: /Volumes/ARCHIVE/PHOTOS/2023/2023-02-16/20230216-173836_[X100F]-[23-02-16]-[17-38-36]__0.JPG (20230216-173836.JPG taken)
SKIPPED: /Volumes/ARCHIVE/PHOTOS/2023/2023-02-16/20230216-173951_[X100F]-[23-02-16]-[17-39-51]__0.JPG (20230216-173951.JPG taken)
SKIPPED: /Volumes/ARCHIVE/PHOTOS/2023/2023-02-16/20230216-174112_[X100F]-[23-02-16]-[17-41-12]__0.JPG (20230216-174112.JPG taken)
SKIPPED: /Volumes/ARCHIVE/PHOTOS/2023/2023-02-16/20230216-174258_[X100F]-[23-02-16]-[17-42-58]__0.JPG (20230216-174258.JPG taken)
SKIPPED: /Volumes/ARCHIVE/PHOTOS/2023/2023-02-16/20230216-174307_[X100F]-[23-02-16]-[17-43-07]__0.JPG (20230216-174307.JPG taken)
SKIPPED: /Volumes/ARCHIVE/PHOTOS/2023/2023-02-16/20230216-174500_[X100F]-[23-02-16]-[17-45-00]__0.JPG (20230216-174500.JPG taken)
SKIPPED: /Volumes/ARCHIVE/PHOTOS/2023/2023-02-16/20230216-174636_[X100F]-[23-02-16]-[17-46-36]__0.JPG (20230216-174636.JPG taken)
SKIPPED: /Volumes/ARCHIVE/PHOTOS/2023/2023-02-16/20230216-174910_[X100F]-[23-02-16]-[17-49-10]__0.JPG (20230216-174910.JPG taken)
SKIPPED: /Volumes/ARCHIVE/PHOTOS/2023/2023-02-16/20230216-174929_[X100F]-[23-02-16]-[17-49-29]__0.JPG (20230216-174929.JPG taken)
SKIPPED: /Volumes/ARCHIVE/PHOTOS/2023/2023-02-16/20230216-174932_[X100F]-[23-02-16]-[17-49-32]__0.JPG (20230216-174932.JPG taken)
SKIPPED: /Volumes/ARCHIVE/PHOTOS/2023/2023-02-16/20230216-175108_[X100F]-[23-02-16]-[17-51-08]__0.JPG (20230216-175108.JPG taken)
SKIPPED: /Volumes/ARCHIVE/PHOTOS/2023/2023-02-16/20230216-175119_[X100F]-[23-02-16]-[17-51-19]__0.JPG (20230216-175119.JPG taken)
SKIPPED: /Volumes/ARCHIVE/PHOTOS/2023/2023-02-16/20230216-175132_[X100F]-[23-02-16]-[17-51-32]__0.JPG (20230216-175132.JPG taken)
SKIPPED: /Volumes/ARCHIVE/PHOTOS/2023/2023-02-16/20230216-175714_[X100F]-[23-02-16]-[17-57-14]__0.JPG (20230216-175714.JPG taken)
SKIPPED: /Volumes/ARCHIVE/PHOTOS/2023/2023-02-16/20230216-180132_[X100F]-[23-02-16]-[18-01-32]__0.JPG (20230216-180132.JPG taken)
SKIPPED: /Volumes/ARCHIVE/PHOTOS/2023/2023-02-16/20230216-180145_[X100F]-[23-02-16]-[18-01-45]__0.JPG (20230216-180145.JPG taken)
SKIPPED: /Volumes/ARCHIVE/PHOTOS/2023/2023-02-16/20230216-180506_[X100F]-[23-02-16]-[18-05-06]__0.JPG (20230216-180506.JPG taken)
SKIPPED: /Volumes/ARCHIVE/PHOTOS/2023/2023-02-16/20230216-180831_[X100F]-[23-02-16]-[18-08-31]__0.JPG (20230216-180831.JPG taken)
SKIPPED: /Volumes/ARCHIVE/PHOTOS/2023/2023-02-16/20230216-190230_[X100F]-[23-02-16]-[19-02-30]__0.JPG (20230216-190230.JPG taken)
SKIPPED: /Volumes/ARCHIVE/PHOTOS/2023/2023-02-16/20230216-191112_[X100F]-[23-02-16]-[19-11-12]__0.JPG (20230216-191112.JPG taken)
SKIPPED: /Volumes/ARCHIVE/PHOTOS/2023/2023-02-16/20230216-191122_[X100F]-[23-02-16]-[19-11-22]__0.JPG (20230216-191122.JPG taken)
SKIPPED: /Volumes/ARCHIVE/PHOTOS/2023/2023-02-16/20230216-191128_[X100F]-[23-02-16]-[19-11-28]__0.JPG (20230216-191128.JPG taken)
SKIPPED: /Volumes/ARCHIVE/PHOTOS/2023/2023-02-16/20230216-214544_[X100F]-[23-02-16]-[21-45-44]__0.JPG (20230216-214544.JPG taken)
SKIPPED: /Volumes/ARCHIVE/PHOTOS/2023/2023-02-16/20230216-215418_[X100F]-[23-02-16]-[21-54-18]__0.JPG (20230216-215418.JPG taken)
SKIPPED: /Volumes/ARCHIVE/PHOTOS/2023/2023-02-16/20230216-215425_[X100F]-[23-02-16]-[21-54-25]__0.JPG (20230216-215425.JPG taken)
SKIPPED: /Volumes/ARCHIVE/PHOTOS/2023/2023-02-16/20230216-220946_[X100F]-[23-02-16]-[22-09-46]__0.JPG (20230216-220946.JPG taken)
SKIPPED: /Volumes/ARCHIVE/PHOTOS/2023/2023-02-16/20230216-222107_[X100F]-[23-02-16]-[22-21-07]__0.JPG (20230216-222107.JPG taken)
SKIPPED: /Volumes/ARCHIVE/PHOTOS/2023/2023-02-16/20230216-222245_[X100F]-[23-02-16]-[22-22-45]__0.JPG (20230216-222245.JPG taken)
SKIPPED: /Volumes/ARCHIVE/PHOTOS/2023/2023-02-16/20230216-222247_[X100F]-[23-02-16]-[22-22-47]__0.JPG (20230216-222247.JPG taken)
SKIPPED: /Volumes/ARCHIVE/PHOTOS/2023/2023-02-16/20230216-222250_[X100F]-[23-02-16]-[22-22-50]__0.JPG (20230216-222250.JPG taken)
SKIPPED: /Volumes/ARCHIVE/PHOTOS/2023/2023-02-16/20230216-222251_[X100F]-[23-02-16]-[22-22-51]__0.JPG (20230216-222251.JPG taken)
SKIPPED: /Volumes/ARCHIVE/PHOTOS/2023/2023-02-16/20230216-223246_[X100F]-[23-02-16]-[22-32-46]__0.JPG (20230216-223246.JPG taken)
SKIPPED: /Volumes/ARCHIVE/PHOTOS/2023/2023-02-16/20230216-223251_[X100F]-[23-02-16]-[22-32-51]__0.JPG (20230216-223251.JPG taken)
SKIPPED: /Volumes/ARCHIVE/PHOTOS/2023/2023-02-16/20230216-223254_[X100F]-[23-02-16]-[22-32-54]__0.JPG (20230216-223254.JPG taken)
SKIPPED: /Volumes/ARCHIVE/PHOTOS/2023/2023-02-16/20230216-223308_[X100F]-[23-02-16]-[22-33-08]__0.JPG (20230216-223308.JPG taken)
SKIPPED: /Volumes/ARCHIVE/PHOTOS/2023/2023-02-16/20230216-223310_[X100F]-[23-02-16]-[22-33-10]__0.JPG (20230216-223310.JPG taken)
SKIPPED: /Volumes/ARCHIVE/PHOTOS/2023/2023-02-16/20230216-223318_[X100F]-[23-02-16]-[22-33-18]__0.JPG (20230216-223318.JPG taken)
SKIPPED: /Volumes/ARCHIVE/PHOTOS/2023/2023-02-16/20230216-223322_[X100F]-[23-02-16]-[22-33-22]__0.JPG (20230216-223322.JPG taken)
SKIPPED: /Volumes/ARCHIVE/PHOTOS/2023/2023-02-17/20230217-095845_[X100F]-[23-02-17]-[09-58-45]__0.JPG (20230217-095845.JPG taken)
SKIPPED: /Volumes/ARCHIVE/PHOTOS/2023/2023-02-17/20230217-095902_[X100F]-[23-02-17]-[09-59-02]__0.JPG (20230217-095902.JPG taken)
SKIPPED: /Volumes/ARCHIVE/PHOTOS/2023/2023-02-17/20230217-095924_[X100F]-[23-02-17]-[09-59-24]__0.JPG (20230217-095924.JPG taken)
SKIPPED: /Volumes/ARCHIVE/PHOTOS/2023/2023-02-17/20230217-100247_[X100F]-[23-02-17]-[10-02-47]__0.JPG (20230217-100247.JPG taken)
SKIPPED: /Volumes/ARCHIVE/PHOTOS/2023/2023-02-17/20230217-100256_[X100F]-[23-02-17]-[10-02-56]__0.JPG (20230217-100256.JPG taken)
SKIPPED: /Volumes/ARCHIVE/PHOTOS/2023/2023-02-17/20230217-100315_[X100F]-[23-02-17]-[10-03-15]__0.JPG (20230217-100315.JPG taken)
SKIPPED: /Volumes/ARCHIVE/PHOTOS/2023/2023-02-17/20230217-100344_[X100F]-[23-02-17]-[10-03-44]__0.JPG (20230217-100344.JPG taken)
SKIPPED: /Volumes/ARCHIVE/PHOTOS/2023/2023-02-17/20230217-100356_[X100F]-[23-02-17]-[10-03-56]__0.JPG (20230217-100356.JPG taken)
SKIPPED: /Volumes/ARCHIVE/PHOTOS/2023/2023-02-17/20230217-100359_[X100F]-[23-02-17]-[10-03-59]__0.JPG (20230217-100359.JPG taken)
SKIPPED: /Volumes/ARCHIVE/PHOTOS/2023/2023-02-17/20230217-100407_[X100F]-[23-02-17]-[10-04-07]__0.JPG (20230217-100407.JPG taken)
SKIPPED: /Volumes/ARCHIVE/PHOTOS/2023/2023-02-17/20230217-100416_[X100F]-[23-02-17]-[10-04-16]__0.JPG (20230217-100416.JPG taken)
SKIPPED: /Volumes/ARCHIVE/PHOTOS/2023/2023-02-17/20230217-100438_[X100F]-[23-02-17]-[10-04-38]__0.JPG (20230217-100438.JPG taken)
SKIPPED: /Volumes/ARCHIVE/PHOTOS/2023/2023-02-17/20230217-100449_[X100F]-[23-02-17]-[10-04-49]__0.JPG (20230217-100449.JPG taken)
SKIPPED: /Volumes/ARCHIVE/PHOTOS/2023/2023-02-17/20230217-100608_[X100F]-[23-02-17]-[10-06-08]__0.JPG (20230217-100608.JPG taken)
SKIPPED: /Volumes/ARCHIVE/PHOTOS/2023/2023-02-17/20230217-100634_[X100F]-[23-02-17]-[10-06-34]__0.JPG (20230217-100634.JPG taken)
SKIPPED: /Volumes/ARCHIVE/PHOTOS/2023/2023-02-17/20230217-100704_[X100F]-[23-02-17]-[10-07-04]__0.JPG (20230217-100704.JPG taken)
SKIPPED: /Volumes/ARCHIVE/PHOTOS/2023/2023-02-17/20230217-100759_[X100F]-[23-02-17]-[10-07-59]__0.JPG (20230217-100759.JPG taken)
SKIPPED: /Volumes/ARCHIVE/PHOTOS/2023/2023-02-17/20230217-100807_[X100F]-[23-02-17]-[10-08-07]__0.JPG (20230217-100807.JPG taken)
SKIPPED: /Volumes/ARCHIVE/PHOTOS/2023/2023-02-17/20230217-100821_[X100F]-[23-02-17]-[10-08-21]__0.JPG (20230217-100821.JPG taken)
SKIPPED: /Volumes/ARCHIVE/PHOTOS/2023/2023-02-17/20230217-100844_[X100F]-[23-02-17]-[10-08-44]__0.JPG (20230217-100844.JPG taken)
SKIPPED: /Volumes/ARCHIVE/PHOTOS/2023/2023-02-17/20230217-100848_[X100F]-[23-02-17]-[10-08-48]__0.JPG (20230217-100848.JPG taken)
SKIPPED: /Volumes/ARCHIVE/PHOTOS/2023/2023-02-17/20230217-100850_[X100F]-[23-02-17]-[10-08-50]__0.JPG (20230217-100850.JPG taken)
SKIPPED: /Volumes/ARCHIVE/PHOTOS/2023/2023-02-17/20230217-100940_[X100F]-[23-02-17]-[10-09-40]__0.JPG (20230217-100940.JPG taken)
SKIPPED: /Volumes/ARCHIVE/PHOTOS/2023/2023-02-17/20230217-100941_[X100F]-[23-02-17]-[10-09-41]__0.JPG (20230217-100941.JPG taken)
SKIPPED: /Volumes/ARCHIVE/PHOTOS/2023/2023-02-17/20230217-100942_[X100F]-[23-02-17]-[10-09-42]__0.JPG (20230217-100942.JPG taken)
SKIPPED: /Volumes/ARCHIVE/PHOTOS/2023/2023-02-17/20230217-101305_[X100F]-[23-02-17]-[10-13-05]__0.JPG (20230217-101305.JPG taken)
SKIPPED: /Volumes/ARCHIVE/PHOTOS/2023/2023-02-17/20230217-102058_[X100F]-[23-02-17]-[10-20-58]__0.JPG (20230217-102058.JPG taken)
SKIPPED: /Volumes/ARCHIVE/PHOTOS/2023/2023-02-17/20230217-102113_[X100F]-[23-02-17]-[10-21-13]__0.JPG (20230217-102113.JPG taken)
SKIPPED: /Volumes/ARCHIVE/PHOTOS/2023/2023-02-17/20230217-102133_[X100F]-[23-02-17]-[10-21-33]__0.JPG (20230217-102133.JPG taken)
SKIPPED: /Volumes/ARCHIVE/PHOTOS/2023/2023-02-17/20230217-102800_[X100F]-[23-02-17]-[10-28-00]__0.JPG (20230217-102800.JPG taken)
SKIPPED: /Volumes/ARCHIVE/PHOTOS/2023/2023-02-17/20230217-103132_[X100F]-[23-02-17]-[10-31-32]__0.JPG (20230217-103132.JPG taken)
SKIPPED: /Volumes/ARCHIVE/PHOTOS/2023/2023-02-17/20230217-103225_[X100F]-[23-02-17]-[10-32-25]__0.JPG (20230217-103225.JPG taken)
SKIPPED: /Volumes/ARCHIVE/PHOTOS/2023/2023-02-17/20230217-103234_[X100F]-[23-02-17]-[10-32-34]__0.JPG (20230217-103234.JPG taken)
SKIPPED: /Volumes/ARCHIVE/PHOTOS/2023/2023-02-17/20230217-103243_[X100F]-[23-02-17]-[10-32-43]__0.JPG (20230217-103243.JPG taken)
SKIPPED: /Volumes/ARCHIVE/PHOTOS/2023/2023-02-17/20230217-104436_[X100F]-[23-02-17]-[10-44-36]__0.JPG (20230217-104436.JPG taken)
SKIPPED: /Volumes/ARCHIVE/PHOTOS/2023/2023-02-17/20230217-104847_[X100F]-[23-02-17]-[10-48-47]__0.JPG (20230217-104847.JPG taken)
SKIPPED: /Volumes/ARCHIVE/PHOTOS/2023/2023-02-17/20230217-105825_[X100F]-[23-02-17]-[10-58-25]__0.JPG (20230217-105825.JPG taken)
SKIPPED: /Volumes/ARCHIVE/PHOTOS/2023/2023-02-17/20230217-105833_[X100F]-[23-02-17]-[10-58-33]__0.JPG (20230217-105833.JPG taken)
SKIPPED: /Volumes/ARCHIVE/PHOTOS/2023/2023-02-17/20230217-105834_[X100F]-[23-02-17]-[10-58-34]__0.JPG (20230217-105834.JPG taken)
SKIPPED: /Volumes/ARCHIVE/PHOTOS/2023/2023-02-17/20230217-110032_[X100F]-[23-02-17]-[11-00-32]__0.JPG (20230217-110032.JPG taken)
SKIPPED: /Volumes/ARCHIVE/PHOTOS/2023/2023-02-17/20230217-110417_[X100F]-[23-02-17]-[11-04-17]__0.JPG (20230217-110417.JPG taken)
SKIPPED: /Volumes/ARCHIVE/PHOTOS/2023/2023-02-17/20230217-110639_[X100F]-[23-02-17]-[11-06-39]__0.JPG (20230217-110639.JPG taken)
SKIPPED: /Volumes/ARCHIVE/PHOTOS/2023/2023-02-17/20230217-115807_[X100F]-[23-02-17]-[11-58-07]__0.JPG (20230217-115807.JPG taken)
SKIPPED: /Volumes/ARCHIVE/PHOTOS/2023/2023-02-17/20230217-122051_[X100F]-[23-02-17]-[12-20-51]__0.JPG (20230217-122051.JPG taken)
SKIPPED: /Volumes/ARCHIVE/PHOTOS/2023/2023-02-17/20230217-125515_[X100F]-[23-02-17]-[12-55-15]__0.JPG (20230217-125515.JPG taken)
SKIPPED: /Volumes/ARCHIVE/PHOTOS/2023/2023-02-17/20230217-125530_[X100F]-[23-02-17]-[12-55-30]__0.JPG (20230217-125530.JPG taken)
SKIPPED: /Volumes/ARCHIVE/PHOTOS/2023/2023-02-17/20230217-125537_[X100F]-[23-02-17]-[12-55-37]__0.JPG (20230217-125537.JPG taken)
SKIPPED: /Volumes/ARCHIVE/PHOTOS/2023/2023-02-17/20230217-130758_[X100F]-[23-02-17]-[13-07-58]__0.JPG (20230217-130758.JPG taken)
SKIPPED: /Volumes/ARCHIVE/PHOTOS/2023/2023-02-17/20230217-135032_[X100F]-[23-02-17]-[13-50-32]__0.JPG (20230217-135032.JPG taken)
SKIPPED: /Volumes/ARCHIVE/PHOTOS/2023/2023-02-17/20230217-135051_[X100F]-[23-02-17]-[13-50-51]__0.JPG (20230217-135051.JPG taken)
SKIPPED: /Volumes/ARCHIVE/PHOTOS/2023/2023-02-17/20230217-135106_[X100F]-[23-02-17]-[13-51-06]__0.JPG (20230217-135106.JPG taken)
SKIPPED: /Volumes/ARCHIVE/PHOTOS/2023/2023-02-17/20230217-135110_[X100F]-[23-02-17]-[13-51-10]__0.JPG (20230217-135110.JPG taken)
SKIPPED: /Volumes/ARCHIVE/PHOTOS/2023/2023-02-17/20230217-135216_[X100F]-[23-02-17]-[13-52-16]__0.JPG (20230217-135216.JPG taken)
SKIPPED: /Volumes/ARCHIVE/PHOTOS/2023/2023-02-17/20230217-135354_[X100F]-[23-02-17]-[13-53-54]__0.JPG (20230217-135354.JPG taken)
SKIPPED: /Volumes/ARCHIVE/PHOTOS/2023/2023-02-17/20230217-135437_[X100F]-[23-02-17]-[13-54-37]__0.JPG (20230217-135437.JPG taken)
SKIPPED: /Volumes/ARCHIVE/PHOTOS/2023/2023-02-17/20230217-135538_[X100F]-[23-02-17]-[13-55-38]__0.JPG (20230217-135538.JPG taken)
SKIPPED: /Volumes/ARCHIVE/PHOTOS/2023/2023-02-17/20230217-135603_[X100F]-[23-02-17]-[13-56-03]__0.JPG (20230217-135603.JPG taken)
SKIPPED: /Volumes/ARCHIVE/PHOTOS/2023/2023-02-17/20230217-135649_[X100F]-[23-02-17]-[13-56-49]__0.JPG (20230217-135649.JPG taken)
SKIPPED: /Volumes/ARCHIVE/PHOTOS/2023/2023-02-17/20230217-135926_[X100F]-[23-02-17]-[13-59-26]__0.JPG (20230217-135926.JPG taken)
SKIPPED: /Volumes/ARCHIVE/PHOTOS/2023/2023-02-17/20230217-140258_[X100F]-[23-02-17]-[14-02-58]__0.JPG (20230217-140258.JPG taken)
SKIPPED: /Volumes/ARCHIVE/PHOTOS/2023/2023-02-17/20230217-140259_[X100F]-[23-02-17]-[14-02-59]__0.JPG (20230217-140259.JPG taken)
SKIPPED: /Volumes/ARCHIVE/PHOTOS/2023/2023-02-17/20230217-140300_[X100F]-[23-02-17]-[14-03-00]__0.JPG (20230217-140300.JPG taken)
SKIPPED: /Volumes/ARCHIVE/PHOTOS/2023/2023-02-17/20230217-140400_[X100F]-[23-02-17]-[14-04-00]__0.JPG (20230217-140400.JPG taken)
SKIPPED: /Volumes/ARCHIVE/PHOTOS/2023/2023-02-17/20230217-140407_[X100F]-[23-02-17]-[14-04-07]__0.JPG (20230217-140407.JPG taken)
SKIPPED: /Volumes/ARCHIVE/PHOTOS/2023/2023-02-17/20230217-140412_[X100F]-[23-02-17]-[14-04-12]__0.JPG (20230217-140412.JPG taken)
SKIPPED: /Volumes/ARCHIVE/PHOTOS/2023/2023-02-17/20230217-140417_[X100F]-[23-02-17]-[14-04-17]__0.JPG (20230217-140417.JPG taken)
SKIPPED: /Volumes/ARCHIVE/PHOTOS/2023/2023-02-17/20230217-140519_[X100F]-[23-02-17]-[14-05-19]__0.JPG (20230217-140519.JPG taken)
SKIPPED: /Volumes/ARCHIVE/PHOTOS/2023/2023-02-17/20230217-140523_[X100F]-[23-02-17]-[14-05-23]__0.JPG (20230217-140523.JPG taken)
SKIPPED: /Volumes/ARCHIVE/PHOTOS/2023/2023-02-17/20230217-140528_[X100F]-[23-02-17]-[14-05-28]__0.JPG (20230217-140528.JPG taken)
SKIPPED: /Volumes/ARCHIVE/PHOTOS/2023/2023-02-17/20230217-140711_[X100F]-[23-02-17]-[14-07-11]__0.JPG (20230217-140711.JPG taken)
SKIPPED: /Volumes/ARCHIVE/PHOTOS/2023/2023-02-17/20230217-140754_[X100F]-[23-02-17]-[14-07-54]__0.JPG (20230217-140754.JPG taken)
SKIPPED: /Volumes/ARCHIVE/PHOTOS/2023/2023-02-17/20230217-140856_[X100F]-[23-02-17]-[14-08-56]__0.JPG (20230217-140856.JPG taken)
SKIPPED: /Volumes/ARCHIVE/PHOTOS/2023/2023-02-17/20230217-141146_[X100F]-[23-02-17]-[14-11-46]__0.JPG (20230217-141146.JPG taken)
SKIPPED: /Volumes/ARCHIVE/PHOTOS/2023/2023-02-17/20230217-141203_[X100F]-[23-02-17]-[14-12-03]__0.JPG (20230217-141203.JPG taken)
SKIPPED: /Volumes/ARCHIVE/PHOTOS/2023/2023-02-17/20230217-141232_[X100F]-[23-02-17]-[14-12-32]__0.JPG (20230217-141232.JPG taken)
SKIPPED: /Volumes/ARCHIVE/PHOTOS/2023/2023-02-17/20230217-141249_[X100F]-[23-02-17]-[14-12-49]__0.JPG (20230217-141249.JPG taken)
SKIPPED: /Volumes/ARCHIVE/PHOTOS/2023/2023-02-17/20230217-142058_[X100F]-[23-02-17]-[14-20-58]__0.JPG (20230217-142058.JPG taken)
SKIPPED: /Volumes/ARCHIVE/PHOTOS/2023/2023-02-17/20230217-142104_[X100F]-[23-02-17]-[14-21-04]__0.JPG (20230217-142104.JPG taken)
SKIPPED: /Volumes/ARCHIVE/PHOTOS/2023/2023-02-17/20230217-142110_[X100F]-[23-02-17]-[14-21-10]__0.JPG (20230217-142110.JPG taken)
SKIPPED: /Volumes/ARCHIVE/PHOTOS/2023/2023-02-17/20230217-142114_[X100F]-[23-02-17]-[14-21-14]__0.JPG (20230217-142114.JPG taken)
SKIPPED: /Volumes/ARCHIVE/PHOTOS/2023/2023-02-17/20230217-154735_[X100F]-[23-02-17]-[15-47-35]__0.JPG (20230217-154735.JPG taken)
SKIPPED: /Volumes/ARCHIVE/PHOTOS/2023/2023-02-17/20230217-154918_[X100F]-[23-02-17]-[15-49-18]__0.JPG (20230217-154918.JPG taken)
SKIPPED: /Volumes/ARCHIVE/PHOTOS/2023/2023-02-17/20230217-155329_[X100F]-[23-02-17]-[15-53-29]__0.JPG (20230217-155329.JPG taken)
SKIPPED: /Volumes/ARCHIVE/PHOTOS/2023/2023-02-17/20230217-155332_[X100F]-[23-02-17]-[15-53-32]__0.JPG (20230217-155332.JPG taken)
SKIPPED: /Volumes/ARCHIVE/PHOTOS/2023/2023-02-17/20230217-155402_[X100F]-[23-02-17]-[15-54-02]__0.JPG (20230217-155402.JPG taken)
SKIPPED: /Volumes/ARCHIVE/PHOTOS/2023/2023-02-17/20230217-160010_[X100F]-[23-02-17]-[16-00-10]__0.JPG (20230217-160010.JPG taken)
SKIPPED: /Volumes/ARCHIVE/PHOTOS/2023/2023-02-17/20230217-160256_JULZ3123.JPG (20230217-160256.JPG taken)
SKIPPED: /Volumes/ARCHIVE/PHOTOS/2023/2023-02-17/20230217-160256_JULZ3124.JPG (20230217-160256.JPG taken)
SKIPPED: /Volumes/ARCHIVE/PHOTOS/2023/2023-02-17/20230217-160334_JULZ3126.JPG (20230217-160334.JPG taken)
SKIPPED: /Volumes/ARCHIVE/PHOTOS/2023/2023-02-17/20230217-160334_JULZ3127.JPG (20230217-160334.JPG taken)
SKIPPED: /Volumes/ARCHIVE/PHOTOS/2023/2023-02-17/20230217-160334_[X100F]-[23-02-17]-[16-03-34]__0 1.JPG (20230217-160334.JPG taken)
SKIPPED: /Volumes/ARCHIVE/PHOTOS/2023/2023-02-17/20230217-160334_[X100F]-[23-02-17]-[16-03-34]__0.JPG (20230217-160334.JPG taken)
SKIPPED: /Volumes/ARCHIVE/PHOTOS/2023/2023-02-17/20230217-160409_[X100F]-[23-02-17]-[16-04-09]__0.JPG (20230217-160409.JPG taken)
SKIPPED: /Volumes/ARCHIVE/PHOTOS/2023/2023-02-17/20230217-160439_[X100F]-[23-02-17]-[16-04-39]__0.JPG (20230217-160439.JPG taken)
SKIPPED: /Volumes/ARCHIVE/PHOTOS/2023/2023-02-17/20230217-160540_[X100F]-[23-02-17]-[16-05-40]__0.JPG (20230217-160540.JPG taken)
SKIPPED: /Volumes/ARCHIVE/PHOTOS/2023/2023-02-17/20230217-160732_[X100F]-[23-02-17]-[16-07-32]__0.JPG (20230217-160732.JPG taken)
SKIPPED: /Volumes/ARCHIVE/PHOTOS/2023/2023-02-17/20230217-160744_[X100F]-[23-02-17]-[16-07-44]__0.JPG (20230217-160744.JPG taken)
SKIPPED: /Volumes/ARCHIVE/PHOTOS/2023/2023-02-17/20230217-161035_[X100F]-[23-02-17]-[16-10-35]__0.JPG (20230217-161035.JPG taken)
SKIPPED: /Volumes/ARCHIVE/PHOTOS/2023/2023-02-17/20230217-161045_[X100F]-[23-02-17]-[16-10-45]__0.JPG (20230217-161045.JPG taken)
SKIPPED: /Volumes/ARCHIVE/PHOTOS/2023/2023-02-17/20230217-161052_[X100F]-[23-02-17]-[16-10-52]__0.JPG (20230217-161052.JPG taken)
SKIPPED: /Volumes/ARCHIVE/PHOTOS/2023/2023-02-17/20230217-161053_[X100F]-[23-02-17]-[16-10-53]__0.JPG (20230217-161053.JPG taken)
SKIPPED: /Volumes/ARCHIVE/PHOTOS/2023/2023-02-17/20230217-161359_[X100F]-[23-02-17]-[16-13-59]__0.JPG (20230217-161359.JPG taken)
SKIPPED: /Volumes/ARCHIVE/PHOTOS/2023/2023-02-17/20230217-161431_[X100F]-[23-02-17]-[16-14-31]__0.JPG (20230217-161431.JPG taken)
SKIPPED: /Volumes/ARCHIVE/PHOTOS/2023/2023-02-17/20230217-161607_[X100F]-[23-02-17]-[16-16-07]__0.JPG (20230217-161607.JPG taken)
SKIPPED: /Volumes/ARCHIVE/PHOTOS/2023/2023-02-17/20230217-161843_[X100F]-[23-02-17]-[16-18-43]__0.JPG (20230217-161843.JPG taken)
SKIPPED: /Volumes/ARCHIVE/PHOTOS/2023/2023-02-17/20230217-162056_[X100F]-[23-02-17]-[16-20-56]__0.JPG (20230217-162056.JPG taken)
SKIPPED: /Volumes/ARCHIVE/PHOTOS/2023/2023-02-17/20230217-162438_[X100F]-[23-02-17]-[16-24-38]__0.JPG (20230217-162438.JPG taken)
SKIPPED: /Volumes/ARCHIVE/PHOTOS/2023/2023-02-17/20230217-162500_[X100F]-[23-02-17]-[16-25-00]__0.JPG (20230217-162500.JPG taken)
SKIPPED: /Volumes/ARCHIVE/PHOTOS/2023/2023-02-17/20230217-162532_[X100F]-[23-02-17]-[16-25-32]__0.JPG (20230217-162532.JPG taken)
SKIPPED: /Volumes/ARCHIVE/PHOTOS/2023/2023-02-17/20230217-162603_[X100F]-[23-02-17]-[16-26-03]__0.JPG (20230217-162603.JPG taken)
SKIPPED: /Volumes/ARCHIVE/PHOTOS/2023/2023-02-17/20230217-162706_[X100F]-[23-02-17]-[16-27-06]__0.JPG (20230217-162706.JPG taken)
SKIPPED: /Volumes/ARCHIVE/PHOTOS/2023/2023-02-17/20230217-163114_[X100F]-[23-02-17]-[16-31-14]__0.JPG (20230217-163114.JPG taken)
SKIPPED: /Volumes/ARCHIVE/PHOTOS/2023/2023-02-17/20230217-163153_[X100F]-[23-02-17]-[16-31-53]__0.JPG (20230217-163153.JPG taken)
SKIPPED: /Volumes/ARCHIVE/PHOTOS/2023/2023-02-17/20230217-163235_[X100F]-[23-02-17]-[16-32-35]__0.JPG (20230217-163235.JPG taken)
SKIPPED: /Volumes/ARCHIVE/PHOTOS/2023/2023-02-17/20230217-163306_[X100F]-[23-02-17]-[16-33-06]__0.JPG (20230217-163306.JPG taken)
SKIPPED: /Volumes/ARCHIVE/PHOTOS/2023/2023-02-17/20230217-163322_[X100F]-[23-02-17]-[16-33-22]__0.JPG (20230217-163322.JPG taken)
SKIPPED: /Volumes/ARCHIVE/PHOTOS/2023/2023-02-17/20230217-163337_[X100F]-[23-02-17]-[16-33-37]__0.JPG (20230217-163337.JPG taken)
SKIPPED: /Volumes/ARCHIVE/PHOTOS/2023/2023-02-17/20230217-163444_[X100F]-[23-02-17]-[16-34-44]__0.JPG (20230217-163444.JPG taken)
SKIPPED: /Volumes/ARCHIVE/PHOTOS/2023/2023-02-17/20230217-163447_[X100F]-[23-02-17]-[16-34-47]__0.JPG (20230217-163447.JPG taken)
SKIPPED: /Volumes/ARCHIVE/PHOTOS/2023/2023-02-17/20230217-163501_[X100F]-[23-02-17]-[16-35-01]__0.JPG (20230217-163501.JPG taken)
SKIPPED: /Volumes/ARCHIVE/PHOTOS/2023/2023-02-17/20230217-163536_[X100F]-[23-02-17]-[16-35-36]__0.JPG (20230217-163536.JPG taken)
SKIPPED: /Volumes/ARCHIVE/PHOTOS/2023/2023-02-17/20230217-163542_[X100F]-[23-02-17]-[16-35-42]__0.JPG (20230217-163542.JPG taken)
SKIPPED: /Volumes/ARCHIVE/PHOTOS/2023/2023-02-17/20230217-163631_[X100F]-[23-02-17]-[16-36-31]__0.JPG (20230217-163631.JPG taken)
SKIPPED: /Volumes/ARCHIVE/PHOTOS/2023/2023-02-17/20230217-163636_[X100F]-[23-02-17]-[16-36-36]__0.JPG (20230217-163636.JPG taken)
SKIPPED: /Volumes/ARCHIVE/PHOTOS/2023/2023-02-17/20230217-163644_[X100F]-[23-02-17]-[16-36-44]__0.JPG (20230217-163644.JPG taken)
SKIPPED: /Volumes/ARCHIVE/PHOTOS/2023/2023-02-17/20230217-163736_[X100F]-[23-02-17]-[16-37-36]__0.JPG (20230217-163736.JPG taken)
SKIPPED: /Volumes/ARCHIVE/PHOTOS/2023/2023-02-17/20230217-163757_[X100F]-[23-02-17]-[16-37-57]__0.JPG (20230217-163757.JPG taken)
SKIPPED: /Volumes/ARCHIVE/PHOTOS/2023/2023-02-17/20230217-163958_[X100F]-[23-02-17]-[16-39-58]__0.JPG (20230217-163958.JPG taken)
SKIPPED: /Volumes/ARCHIVE/PHOTOS/2023/2023-02-17/20230217-164038_[X100F]-[23-02-17]-[16-40-38]__0.JPG (20230217-164038.JPG taken)
SKIPPED: /Volumes/ARCHIVE/PHOTOS/2023/2023-02-17/20230217-164204_[X100F]-[23-02-17]-[16-42-04]__0.JPG (20230217-164204.JPG taken)
SKIPPED: /Volumes/ARCHIVE/PHOTOS/2023/2023-02-17/20230217-164252_[X100F]-[23-02-17]-[16-42-52]__0.JPG (20230217-164252.JPG taken)
SKIPPED: /Volumes/ARCHIVE/PHOTOS/2023/2023-02-17/20230217-164519_[X100F]-[23-02-17]-[16-45-19]__0.JPG (20230217-164519.JPG taken)
SKIPPED: /Volumes/ARCHIVE/PHOTOS/2023/2023-02-17/20230217-164524_[X100F]-[23-02-17]-[16-45-24]__0.JPG (20230217-164524.JPG taken)
SKIPPED: /Volumes/ARCHIVE/PHOTOS/2023/2023-02-17/20230217-165807_[X100F]-[23-02-17]-[16-58-07]__0.JPG (20230217-165807.JPG taken)
SKIPPED: /Volumes/ARCHIVE/PHOTOS/2023/2023-02-17/20230217-170848_[X100F]-[23-02-17]-[17-08-48]__0.JPG (20230217-170848.JPG taken)
SKIPPED: /Volumes/ARCHIVE/PHOTOS/2023/2023-02-17/20230217-170854_[X100F]-[23-02-17]-[17-08-54]__0.JPG (20230217-170854.JPG taken)
SKIPPED: /Volumes/ARCHIVE/PHOTOS/2023/2023-02-17/20230217-170858_[X100F]-[23-02-17]-[17-08-58]__0.JPG (20230217-170858.JPG taken)
SKIPPED: /Volumes/ARCHIVE/PHOTOS/2023/2023-02-17/20230217-170901_[X100F]-[23-02-17]-[17-09-01]__0.JPG (20230217-170901.JPG taken)
SKIPPED: /Volumes/ARCHIVE/PHOTOS/2023/2023-02-17/20230217-170904_[X100F]-[23-02-17]-[17-09-04]__0.JPG (20230217-170904.JPG taken)
SKIPPED: /Volumes/ARCHIVE/PHOTOS/2023/2023-02-17/20230217-170913_[X100F]-[23-02-17]-[17-09-13]__0.JPG (20230217-170913.JPG taken)
SKIPPED: /Volumes/ARCHIVE/PHOTOS/2023/2023-02-17/20230217-170914_[X100F]-[23-02-17]-[17-09-14]__0.JPG (20230217-170914.JPG taken)
SKIPPED: /Volumes/ARCHIVE/PHOTOS/2023/2023-02-17/20230217-171636_[X100F]-[23-02-17]-[17-16-36]__0.JPG (20230217-171636.JPG taken)
SKIPPED: /Volumes/ARCHIVE/PHOTOS/2023/2023-02-17/20230217-171641_[X100F]-[23-02-17]-[17-16-41]__0.JPG (20230217-171641.JPG taken)
SKIPPED: /Volumes/ARCHIVE/PHOTOS/2023/2023-02-17/20230217-171836_[X100F]-[23-02-17]-[17-18-36]__0.JPG (20230217-171836.JPG taken)
SKIPPED: /Volumes/ARCHIVE/PHOTOS/2023/2023-02-17/20230217-171900_[X100F]-[23-02-17]-[17-19-00]__0.JPG (20230217-171900.JPG taken)
SKIPPED: /Volumes/ARCHIVE/PHOTOS/2023/2023-02-17/20230217-171932_[X100F]-[23-02-17]-[17-19-32]__0.JPG (20230217-171932.JPG taken)
SKIPPED: /Volumes/ARCHIVE/PHOTOS/2023/2023-02-17/20230217-172531_[X100F]-[23-02-17]-[17-25-31]__0.JPG (20230217-172531.JPG taken)
SKIPPED: /Volumes/ARCHIVE/PHOTOS/2023/2023-02-17/20230217-172600_[X100F]-[23-02-17]-[17-26-00]__0.JPG (20230217-172600.JPG taken)
SKIPPED: /Volumes/ARCHIVE/PHOTOS/2023/2023-02-17/20230217-172602_[X100F]-[23-02-17]-[17-26-02]__0.JPG (20230217-172602.JPG taken)
SKIPPED: /Volumes/ARCHIVE/PHOTOS/2023/2023-02-17/20230217-172833_[X100F]-[23-02-17]-[17-28-33]__0.JPG (20230217-172833.JPG taken)
SKIPPED: /Volumes/ARCHIVE/PHOTOS/2023/2023-02-17/20230217-172848_[X100F]-[23-02-17]-[17-28-48]__0.JPG (20230217-172848.JPG taken)
SKIPPED: /Volumes/ARCHIVE/PHOTOS/2023/2023-02-17/20230217-173913_[X100F]-[23-02-17]-[17-39-13]__0.JPG (20230217-173913.JPG taken)
SKIPPED: /Volumes/ARCHIVE/PHOTOS/2023/2023-02-17/20230217-174013_[X100F]-[23-02-17]-[17-40-13]__0.JPG (20230217-174013.JPG taken)
SKIPPED: /Volumes/ARCHIVE/PHOTOS/2023/2023-02-17/20230217-174059_[X100F]-[23-02-17]-[17-40-59]__0.JPG (20230217-174059.JPG taken)
SKIPPED: /Volumes/ARCHIVE/PHOTOS/2023/2023-02-17/20230217-174354_[X100F]-[23-02-17]-[17-43-54]__0.JPG (20230217-174354.JPG taken)
SKIPPED: /Volumes/ARCHIVE/PHOTOS/2023/2023-02-17/20230217-174418_[X100F]-[23-02-17]-[17-44-18]__0.JPG (20230217-174418.JPG taken)
SKIPPED: /Volumes/ARCHIVE/PHOTOS/2023/2023-02-17/20230217-174436_[X100F]-[23-02-17]-[17-44-36]__0.JPG (20230217-174436.JPG taken)
SKIPPED: /Volumes/ARCHIVE/PHOTOS/2023/2023-02-17/20230217-174840_[X100F]-[23-02-17]-[17-48-40]__0.JPG (20230217-174840.JPG taken)
SKIPPED: /Volumes/ARCHIVE/PHOTOS/2023/2023-02-17/20230217-180816_[X100F]-[23-02-17]-[18-08-16]__0.JPG (20230217-180816.JPG taken)
SKIPPED: /Volumes/ARCHIVE/PHOTOS/2023/2023-02-17/20230217-181030_[X100F]-[23-02-17]-[18-10-30]__0.JPG (20230217-181030.JPG taken)
SKIPPED: /Volumes/ARCHIVE/PHOTOS/2023/2023-02-17/20230217-181406_[X100F]-[23-02-17]-[18-14-06]__0.JPG (20230217-181406.JPG taken)
SKIPPED: /Volumes/ARCHIVE/PHOTOS/2023/2023-02-17/20230217-181407_[X100F]-[23-02-17]-[18-14-07]__0.JPG (20230217-181407.JPG taken)
SKIPPED: /Volumes/ARCHIVE/PHOTOS/2023/2023-02-17/20230217-181416_[X100F]-[23-02-17]-[18-14-16]__0.JPG (20230217-181416.JPG taken)
SKIPPED: /Volumes/ARCHIVE/PHOTOS/2023/2023-02-17/20230217-181534_[X100F]-[23-02-17]-[18-15-34]__0.JPG (20230217-181534.JPG taken)
SKIPPED: /Volumes/ARCHIVE/PHOTOS/2023/2023-02-17/20230217-193319_[X100F]-[23-02-17]-[19-33-19]__0.JPG (20230217-193319.JPG taken)
SKIPPED: /Volumes/ARCHIVE/PHOTOS/2023/2023-02-17/20230217-193325_[X100F]-[23-02-17]-[19-33-25]__0.JPG (20230217-193325.JPG taken)
SKIPPED: /Volumes/ARCHIVE/PHOTOS/2023/2023-02-17/20230217-193423_[X100F]-[23-02-17]-[19-34-23]__0.JPG (20230217-193423.JPG taken)
SKIPPED: /Volumes/ARCHIVE/PHOTOS/2023/2023-02-17/20230217-193910_[X100F]-[23-02-17]-[19-39-10]__0.JPG (20230217-193910.JPG taken)
SKIPPED: /Volumes/ARCHIVE/PHOTOS/2023/2023-02-17/20230217-193927_[X100F]-[23-02-17]-[19-39-27]__0.JPG (20230217-193927.JPG taken)
SKIPPED: /Volumes/ARCHIVE/PHOTOS/2023/2023-02-17/20230217-193929_[X100F]-[23-02-17]-[19-39-29]__0.JPG (20230217-193929.JPG taken)
SKIPPED: /Volumes/ARCHIVE/PHOTOS/2023/2023-02-17/20230217-194443_[X100F]-[23-02-17]-[19-44-43]__0.JPG (20230217-194443.JPG taken)
SKIPPED: /Volumes/ARCHIVE/PHOTOS/2023/2023-02-17/20230217-194720_[X100F]-[23-02-17]-[19-47-20]__0.JPG (20230217-194720.JPG taken)
SKIPPED: /Volumes/ARCHIVE/PHOTOS/2023/2023-02-17/20230217-194749_[X100F]-[23-02-17]-[19-47-49]__0.JPG (20230217-194749.JPG taken)
SKIPPED: /Volumes/ARCHIVE/PHOTOS/2023/2023-02-17/20230217-194815_[X100F]-[23-02-17]-[19-48-15]__0.JPG (20230217-194815.JPG taken)
SKIPPED: /Volumes/ARCHIVE/PHOTOS/2023/2023-02-17/20230217-195033_[X100F]-[23-02-17]-[19-50-33]__0.JPG (20230217-195033.JPG taken)
SKIPPED: /Volumes/ARCHIVE/PHOTOS/2023/2023-02-17/20230217-195035_[X100F]-[23-02-17]-[19-50-35]__0.JPG (20230217-195035.JPG taken)
SKIPPED: /Volumes/ARCHIVE/PHOTOS/2023/2023-02-17/20230217-195244_[X100F]-[23-02-17]-[19-52-44]__0.JPG (20230217-195244.JPG taken)
SKIPPED: /Volumes/ARCHIVE/PHOTOS/2023/2023-02-17/20230217-195300_[X100F]-[23-02-17]-[19-53-00]__0.JPG (20230217-195300.JPG taken)
SKIPPED: /Volumes/ARCHIVE/PHOTOS/2023/2023-02-17/20230217-195703_[X100F]-[23-02-17]-[19-57-03]__0.JPG (20230217-195703.JPG taken)
SKIPPED: /Volumes/ARCHIVE/PHOTOS/2023/2023-02-17/20230217-203522_[X100F]-[23-02-17]-[20-35-22]__0.JPG (20230217-203522.JPG taken)
SKIPPED: /Volumes/ARCHIVE/PHOTOS/2023/2023-02-17/20230217-203528_[X100F]-[23-02-17]-[20-35-28]__0.JPG (20230217-203528.JPG taken)
SKIPPED: /Volumes/ARCHIVE/PHOTOS/2023/2023-02-17/20230217-203539_[X100F]-[23-02-17]-[20-35-39]__0.JPG (20230217-203539.JPG taken)
SKIPPED: /Volumes/ARCHIVE/PHOTOS/2023/2023-02-17/20230217-205058_[X100F]-[23-02-17]-[20-50-58]__0.JPG (20230217-205058.JPG taken)
SKIPPED: /Volumes/ARCHIVE/PHOTOS/2023/2023-02-17/20230217-210034_JULZ3365.JPG (20230217-210034.JPG taken)
SKIPPED: /Volumes/ARCHIVE/PHOTOS/2023/2023-02-17/20230217-210034_[X100F]-[23-02-17]-[21-00-34]__0.JPG (20230217-210034.JPG taken)
SKIPPED: /Volumes/ARCHIVE/PHOTOS/2023/2023-02-17/20230217-210035_JULZ3367.JPG (20230217-210035.JPG taken)
SKIPPED: /Volumes/ARCHIVE/PHOTOS/2023/2023-02-17/20230217-210035_[X100F]-[23-02-17]-[21-00-35]__0 1.JPG (20230217-210035.JPG taken)
SKIPPED: /Volumes/ARCHIVE/PHOTOS/2023/2023-02-17/20230217-210036_JULZ3369.JPG (20230217-210036.JPG taken)
SKIPPED: /Volumes/ARCHIVE/PHOTOS/2023/2023-02-17/20230217-210037_JULZ3371.JPG (20230217-210037.JPG taken)
SKIPPED: /Volumes/ARCHIVE/PHOTOS/2023/2023-02-17/20230217-210037_JULZ3372.JPG (20230217-210037.JPG taken)
SKIPPED: /Volumes/ARCHIVE/PHOTOS/2023/2023-02-17/20230217-210038_JULZ3374.JPG (20230217-210038.JPG taken)
SKIPPED: /Volumes/ARCHIVE/PHOTOS/2023/2023-02-17/20230217-210038_JULZ3375.JPG (20230217-210038.JPG taken)
SKIPPED: /Volumes/ARCHIVE/PHOTOS/2023/2023-02-17/20230217-210038_[X100F]-[23-02-17]-[21-00-38]__0 2.JPG (20230217-210038.JPG taken)
SKIPPED: /Volumes/ARCHIVE/PHOTOS/2023/2023-02-17/20230217-211429_[X100F]-[23-02-17]-[21-14-29]__0.JPG (20230217-211429.JPG taken)
SKIPPED: /Volumes/ARCHIVE/PHOTOS/2023/2023-02-17/20230217-213739_[X100F]-[23-02-17]-[21-37-39]__0.JPG (20230217-213739.JPG taken)
SKIPPED: /Volumes/ARCHIVE/PHOTOS/2023/2023-02-17/20230217-213822_[X100F]-[23-02-17]-[21-38-22]__0.JPG (20230217-213822.JPG taken)
SKIPPED: /Volumes/ARCHIVE/PHOTOS/2023/2023-02-17/20230217-214000_[X100F]-[23-02-17]-[21-40-00]__0.JPG (20230217-214000.JPG taken)
SKIPPED: /Volumes/ARCHIVE/PHOTOS/2023/2023-02-17/20230217-214002_[X100F]-[23-02-17]-[21-40-02]__0.JPG (20230217-214002.JPG taken)
SKIPPED: /Volumes/ARCHIVE/PHOTOS/2023/2023-02-17/20230217-214008_[X100F]-[23-02-17]-[21-40-08]__0.JPG (20230217-214008.JPG taken)
SKIPPED: /Volumes/ARCHIVE/PHOTOS/2023/2023-02-17/20230217-214012_[X100F]-[23-02-17]-[21-40-12]__0.JPG (20230217-214012.JPG taken)
SKIPPED: /Volumes/ARCHIVE/PHOTOS/2023/2023-02-17/20230217-214209_[X100F]-[23-02-17]-[21-42-09]__0.JPG (20230217-214209.JPG taken)
SKIPPED: /Volumes/ARCHIVE/PHOTOS/2023/2023-02-18/20230218-120636_[X100F]-[23-02-18]-[12-06-36]__0.JPG (20230218-120636.JPG taken)
SKIPPED: /Volumes/ARCHIVE/PHOTOS/2023/2023-02-18/20230218-120732_[X100F]-[23-02-18]-[12-07-32]__0.JPG (20230218-120732.JPG taken)
SKIPPED: /Volumes/ARCHIVE/PHOTOS/2023/2023-02-18/20230218-120834_[X100F]-[23-02-18]-[12-08-34]__0.JPG (20230218-120834.JPG taken)
SKIPPED: /Volumes/ARCHIVE/PHOTOS/2023/2023-02-18/20230218-120912_[X100F]-[23-02-18]-[12-09-12]__0.JPG (20230218-120912.JPG taken)
SKIPPED: /Volumes/ARCHIVE/PHOTOS/2023/2023-02-18/20230218-120930_[X100F]-[23-02-18]-[12-09-30]__0.JPG (20230218-120930.JPG taken)
SKIPPED: /Volumes/ARCHIVE/PHOTOS/2023/2023-02-18/20230218-120946_[X100F]-[23-02-18]-[12-09-46]__0.JPG (20230218-120946.JPG taken)
SKIPPED: /Volumes/ARCHIVE/PHOTOS/2023/2023-02-18/20230218-121010_[X100F]-[23-02-18]-[12-10-10]__0.JPG (20230218-121010.JPG taken)
SKIPPED: /Volumes/ARCHIVE/PHOTOS/2023/2023-02-18/20230218-133842_[X100F]-[23-02-18]-[13-38-42]__0.JPG (20230218-133842.JPG taken)
SKIPPED: /Volumes/ARCHIVE/PHOTOS/2023/2023-02-18/20230218-141245_[X100F]-[23-02-18]-[14-12-45]__0.JPG (20230218-141245.JPG taken)
SKIPPED: /Volumes/ARCHIVE/PHOTOS/2023/2023-02-18/20230218-175856_[X100F]-[23-02-18]-[17-58-56]__0.JPG (20230218-175856.JPG taken)
SKIPPED: /Volumes/ARCHIVE/PHOTOS/2023/2023-02-18/20230218-180952_[X100F]-[23-02-18]-[18-09-52]__0.JPG (20230218-180952.JPG taken)
SKIPPED: /Volumes/ARCHIVE/PHOTOS/2023/2023-02-18/20230218-181035_[X100F]-[23-02-18]-[18-10-35]__0.JPG (20230218-181035.JPG taken)
SKIPPED: /Volumes/ARCHIVE/PHOTOS/2023/2023-02-18/20230218-181156_[X100F]-[23-02-18]-[18-11-56]__0.JPG (20230218-181156.JPG taken)
SKIPPED: /Volumes/ARCHIVE/PHOTOS/2023/2023-02-18/20230218-181401_[X100F]-[23-02-18]-[18-14-01]__0.JPG (20230218-181401.JPG taken)
SKIPPED: /Volumes/ARCHIVE/PHOTOS/2023/2023-02-18/20230218-181409_[X100F]-[23-02-18]-[18-14-09]__0.JPG (20230218-181409.JPG taken)
SKIPPED: /Volumes/ARCHIVE/PHOTOS/2023/2023-02-18/20230218-181942_[X100F]-[23-02-18]-[18-19-42]__0.JPG (20230218-181942.JPG taken)
SKIPPED: /Volumes/ARCHIVE/PHOTOS/2023/2023-02-18/20230218-182039_[X100F]-[23-02-18]-[18-20-39]__0.JPG (20230218-182039.JPG taken)
SKIPPED: /Volumes/ARCHIVE/PHOTOS/2023/2023-02-18/20230218-182045_[X100F]-[23-02-18]-[18-20-45]__0.JPG (20230218-182045.JPG taken)
SKIPPED: /Volumes/ARCHIVE/PHOTOS/2023/2023-02-18/20230218-182049_[X100F]-[23-02-18]-[18-20-49]__0.JPG (20230218-182049.JPG taken)
SKIPPED: /Volumes/ARCHIVE/PHOTOS/2023/2023-02-18/20230218-182053_[X100F]-[23-02-18]-[18-20-53]__0.JPG (20230218-182053.JPG taken)
SKIPPED: /Volumes/ARCHIVE/PHOTOS/2023/2023-02-18/20230218-182058_[X100F]-[23-02-18]-[18-20-58]__0.JPG (20230218-182058.JPG taken)
SKIPPED: /Volumes/ARCHIVE/PHOTOS/2023/2023-02-18/20230218-182100_[X100F]-[23-02-18]-[18-21-00]__0.JPG (20230218-182100.JPG taken)
SKIPPED: /Volumes/ARCHIVE/PHOTOS/2023/2023-02-18/20230218-182103_[X100F]-[23-02-18]-[18-21-03]__0.JPG (20230218-182103.JPG taken)
SKIPPED: /Volumes/ARCHIVE/PHOTOS/2023/2023-02-18/20230218-182107_[X100F]-[23-02-18]-[18-21-07]__0.JPG (20230218-182107.JPG taken)
SKIPPED: /Volumes/ARCHIVE/PHOTOS/2023/2023-02-18/20230218-182109_[X100F]-[23-02-18]-[18-21-09]__0.JPG (20230218-182109.JPG taken)
SKIPPED: /Volumes/ARCHIVE/PHOTOS/2023/2023-02-18/20230218-182121_[X100F]-[23-02-18]-[18-21-21]__0.JPG (20230218-182121.JPG taken)
SKIPPED: /Volumes/ARCHIVE/PHOTOS/2023/2023-02-18/20230218-182155_[X100F]-[23-02-18]-[18-21-55]__0.JPG (20230218-182155.JPG taken)
SKIPPED: /Volumes/ARCHIVE/PHOTOS/2023/2023-02-18/20230218-183240_[X100F]-[23-02-18]-[18-32-40]__0.JPG (20230218-183240.JPG taken)
SKIPPED: /Volumes/ARCHIVE/PHOTOS/2023/2023-02-18/20230218-183407_[X100F]-[23-02-18]-[18-34-07]__0.JPG (20230218-183407.JPG taken)
SKIPPED: /Volumes/ARCHIVE/PHOTOS/2023/2023-02-18/20230218-183450_[X100F]-[23-02-18]-[18-34-50]__0.JPG (20230218-183450.JPG taken)
SKIPPED: /Volumes/ARCHIVE/PHOTOS/2023/2023-02-18/20230218-183452_[X100F]-[23-02-18]-[18-34-52]__0.JPG (20230218-183452.JPG taken)
SKIPPED: /Volumes/ARCHIVE/PHOTOS/2023/2023-02-18/20230218-183529_[X100F]-[23-02-18]-[18-35-29]__0.JPG (20230218-183529.JPG taken)
SKIPPED: /Volumes/ARCHIVE/PHOTOS/2023/2023-02-18/20230218-183837_[X100F]-[23-02-18]-[18-38-37]__0.JPG (20230218-183837.JPG taken)
SKIPPED: /Volumes/ARCHIVE/PHOTOS/2023/2023-03-07/20230307-185847_[X-T5]-[23-03-07]-[18-58-47]__0 2.JPG (20230307-185847.JPG taken)
SKIPPED: /Volumes/ARCHIVE/PHOTOS/2023/2023-03-07/20230307-185847_[X-T5]-[23-03-07]-[18-58-47]__0 2.RAF (20230307-185847.RAF taken)
SKIPPED: /Volumes/ARCHIVE/PHOTOS/2023/2023-03-07/20230307-185946_[X-T5]-[23-03-07]-[18-59-46]__0 2.JPG (20230307-185946.JPG taken)
SKIPPED: /Volumes/ARCHIVE/PHOTOS/2023/2023-03-07/20230307-185946_[X-T5]-[23-03-07]-[18-59-46]__0 2.RAF (20230307-185946.RAF taken)
SKIPPED: /Volumes/ARCHIVE/PHOTOS/2023/2023-03-07/20230307-185946_[X-T5]-[23-03-07]-[18-59-46]__0.JPG (20230307-185946.JPG taken)
SKIPPED: /Volumes/ARCHIVE/PHOTOS/2023/2023-03-07/20230307-185946_[X-T5]-[23-03-07]-[18-59-46]__0.RAF (20230307-185946.RAF taken)
SKIPPED: /Volumes/ARCHIVE/PHOTOS/2023/2023-03-07/20230307-190022_[X-T5]-[23-03-07]-[19-00-22]__0 2.JPG (20230307-190022.JPG taken)
SKIPPED: /Volumes/ARCHIVE/PHOTOS/2023/2023-03-07/20230307-190022_[X-T5]-[23-03-07]-[19-00-22]__0 2.RAF (20230307-190022.RAF taken)
SKIPPED: /Volumes/ARCHIVE/PHOTOS/2023/2023-03-07/20230307-190022_[X-T5]-[23-03-07]-[19-00-22]__0 3.JPG (20230307-190022.JPG taken)
SKIPPED: /Volumes/ARCHIVE/PHOTOS/2023/2023-03-07/20230307-190022_[X-T5]-[23-03-07]-[19-00-22]__0 3.RAF (20230307-190022.RAF taken)
SKIPPED: /Volumes/ARCHIVE/PHOTOS/2023/2023-03-07/20230307-190022_[X-T5]-[23-03-07]-[19-00-22]__0 4.JPG (20230307-190022.JPG taken)
SKIPPED: /Volumes/ARCHIVE/PHOTOS/2023/2023-03-07/20230307-190022_[X-T5]-[23-03-07]-[19-00-22]__0 4.RAF (20230307-190022.RAF taken)
SKIPPED: /Volumes/ARCHIVE/PHOTOS/2023/2023-03-07/20230307-190022_[X-T5]-[23-03-07]-[19-00-22]__0 7.JPG (20230307-190022.JPG taken)
SKIPPED: /Volumes/ARCHIVE/PHOTOS/2023/2023-03-07/20230307-190022_[X-T5]-[23-03-07]-[19-00-22]__0 7.RAF (20230307-190022.RAF taken)
SKIPPED: /Volumes/ARCHIVE/PHOTOS/2023/2023-03-07/20230307-190022_[X-T5]-[23-03-07]-[19-00-22]__0.JPG (20230307-190022.JPG taken)
SKIPPED: /Volumes/ARCHIVE/PHOTOS/2023/2023-03-07/20230307-190022_[X-T5]-[23-03-07]-[19-00-22]__0.RAF (20230307-190022.RAF taken)
SKIPPED: /Volumes/ARCHIVE/PHOTOS/2023/2023-03-13/20230313-081100_[X-T5]-[23-03-13]-[08-11-00]__0.JPG (20230313-081100.JPG taken)
SKIPPED: /Volumes/ARCHIVE/PHOTOS/2023/2023-03-13/20230313-081100_[X-T5]-[23-03-13]-[08-11-00]__0.RAF (20230313-081100.RAF taken)
SKIPPED: /Volumes/ARCHIVE/PHOTOS/2023/2023-03-13/20230313-081135_[X-T5]-[23-03-13]-[08-11-35]__0.JPG (20230313-081135.JPG taken)
SKIPPED: /Volumes/ARCHIVE/PHOTOS/2023/2023-03-13/20230313-081135_[X-T5]-[23-03-13]-[08-11-35]__0.RAF (20230313-081135.RAF taken)
SKIPPED: /Volumes/ARCHIVE/PHOTOS/2023/2023-03-13/20230313-105007_[X-T5]-[23-03-13]-[10-50-07]__0.JPG (20230313-105007.JPG taken)
SKIPPED: /Volumes/ARCHIVE/PHOTOS/2023/2023-03-13/20230313-105007_[X-T5]-[23-03-13]-[10-50-07]__0.RAF (20230313-105007.RAF taken)
SKIPPED: /Volumes/ARCHIVE/PHOTOS/2023/2023-03-13/20230313-105042_[X-T5]-[23-03-13]-[10-50-42]__0.JPG (20230313-105042.JPG taken)
SKIPPED: /Volumes/ARCHIVE/PHOTOS/2023/2023-03-13/20230313-105042_[X-T5]-[23-03-13]-[10-50-42]__0.RAF (20230313-105042.RAF taken)
SKIPPED: /Volumes/ARCHIVE/PHOTOS/2023/2023-03-13/20230313-105108_[X-T5]-[23-03-13]-[10-51-08]__0.JPG (20230313-105108.JPG taken)
SKIPPED: /Volumes/ARCHIVE/PHOTOS/2023/2023-03-13/20230313-105108_[X-T5]-[23-03-13]-[10-51-08]__0.RAF (20230313-105108.RAF taken)
SKIPPED: /Volumes/ARCHIVE/PHOTOS/2023/2023-03-13/20230313-105509_[X-T5]-[23-03-13]-[10-55-09]__0.JPG (20230313-105509.JPG taken)
SKIPPED: /Volumes/ARCHIVE/PHOTOS/2023/2023-03-13/20230313-105509_[X-T5]-[23-03-13]-[10-55-09]__0.RAF (20230313-105509.RAF taken)
SKIPPED: /Volumes/ARCHIVE/PHOTOS/2023/2023-03-13/20230313-114241_DSCF3039.JPG (20230313-114241.JPG taken)
SKIPPED: /Volumes/ARCHIVE/PHOTOS/2023/2023-03-13/20230313-141150_[X-T5]-[23-03-13]-[14-11-50]__0.JPG (20230313-141150.JPG taken)
SKIPPED: /Volumes/ARCHIVE/PHOTOS/2023/2023-03-13/20230313-141150_[X-T5]-[23-03-13]-[14-11-50]__0.RAF (20230313-141150.RAF taken)
SKIPPED: /Volumes/ARCHIVE/PHOTOS/2023/2023-03-13/20230313-141648_[X-T5]-[23-03-13]-[14-16-48]__0.JPG (20230313-141648.JPG taken)
SKIPPED: /Volumes/ARCHIVE/PHOTOS/2023/2023-03-13/20230313-141648_[X-T5]-[23-03-13]-[14-16-48]__0.RAF (20230313-141648.RAF taken)
SKIPPED: /Volumes/ARCHIVE/PHOTOS/2023/2023-03-13/20230313-141649_[X-T5]-[23-03-13]-[14-16-49]__0.JPG (20230313-141649.JPG taken)
SKIPPED: /Volumes/ARCHIVE/PHOTOS/2023/2023-03-13/20230313-141649_[X-T5]-[23-03-13]-[14-16-49]__0.RAF (20230313-141649.RAF taken)
SKIPPED: /Volumes/ARCHIVE/PHOTOS/2023/2023-03-13/20230313-141650_DSCF3060.JPG (20230313-141650.JPG taken)
SKIPPED: /Volumes/ARCHIVE/PHOTOS/2023/2023-03-13/20230313-141650_[X-T5]-[23-03-13]-[14-16-50]__0 1.JPG (20230313-141650.JPG taken)
SKIPPED: /Volumes/ARCHIVE/PHOTOS/2023/2023-03-13/20230313-141650_[X-T5]-[23-03-13]-[14-16-50]__0 1.RAF (20230313-141650.RAF taken)
SKIPPED: /Volumes/ARCHIVE/PHOTOS/2023/2023-03-13/20230313-141657_[X-T5]-[23-03-13]-[14-16-57]__0.JPG (20230313-141657.JPG taken)
SKIPPED: /Volumes/ARCHIVE/PHOTOS/2023/2023-03-13/20230313-141657_[X-T5]-[23-03-13]-[14-16-57]__0.RAF (20230313-141657.RAF taken)
SKIPPED: /Volumes/ARCHIVE/PHOTOS/2023/2023-03-13/20230313-141658_[X-T5]-[23-03-13]-[14-16-58]__0.JPG (20230313-141658.JPG taken)
SKIPPED: /Volumes/ARCHIVE/PHOTOS/2023/2023-03-13/20230313-141658_[X-T5]-[23-03-13]-[14-16-58]__0.RAF (20230313-141658.RAF taken)
SKIPPED: /Volumes/ARCHIVE/PHOTOS/2023/2023-03-13/20230313-142228_[X-T5]-[23-03-13]-[14-22-28]__0.JPG (20230313-142228.JPG taken)
SKIPPED: /Volumes/ARCHIVE/PHOTOS/2023/2023-03-13/20230313-142228_[X-T5]-[23-03-13]-[14-22-28]__0.RAF (20230313-142228.RAF taken)
SKIPPED: /Volumes/ARCHIVE/PHOTOS/2023/2023-03-13/20230313-142529_[X-T5]-[23-03-13]-[14-25-29]__0.JPG (20230313-142529.JPG taken)
SKIPPED: /Volumes/ARCHIVE/PHOTOS/2023/2023-03-13/20230313-142529_[X-T5]-[23-03-13]-[14-25-29]__0.RAF (20230313-142529.RAF taken)
SKIPPED: /Volumes/ARCHIVE/PHOTOS/2023/2023-03-13/20230313-142850_[X-T5]-[23-03-13]-[14-28-50]__0.JPG (20230313-142850.JPG taken)
SKIPPED: /Volumes/ARCHIVE/PHOTOS/2023/2023-03-13/20230313-142850_[X-T5]-[23-03-13]-[14-28-50]__0.RAF (20230313-142850.RAF taken)
SKIPPED: /Volumes/ARCHIVE/PHOTOS/2023/2023-03-13/20230313-142856_[X-T5]-[23-03-13]-[14-28-56]__0.JPG (20230313-142856.JPG taken)
SKIPPED: /Volumes/ARCHIVE/PHOTOS/2023/2023-03-13/20230313-142856_[X-T5]-[23-03-13]-[14-28-56]__0.RAF (20230313-142856.RAF taken)
SKIPPED: /Volumes/ARCHIVE/PHOTOS/2023/2023-03-13/20230313-143201_[X-T5]-[23-03-13]-[14-32-01]__0.JPG (20230313-143201.JPG taken)
SKIPPED: /Volumes/ARCHIVE/PHOTOS/2023/2023-03-13/20230313-143201_[X-T5]-[23-03-13]-[14-32-01]__0.RAF (20230313-143201.RAF taken)
SKIPPED: /Volumes/ARCHIVE/PHOTOS/2023/2023-03-13/20230313-150218_[X-T5]-[23-03-13]-[15-02-18]__0.JPG (20230313-150218.JPG taken)
SKIPPED: /Volumes/ARCHIVE/PHOTOS/2023/2023-03-13/20230313-150218_[X-T5]-[23-03-13]-[15-02-18]__0.RAF (20230313-150218.RAF taken)
SKIPPED: /Volumes/ARCHIVE/PHOTOS/2023/2023-03-13/20230313-150228_[X-T5]-[23-03-13]-[15-02-28]__0.JPG (20230313-150228.JPG taken)
SKIPPED: /Volumes/ARCHIVE/PHOTOS/2023/2023-03-13/20230313-150228_[X-T5]-[23-03-13]-[15-02-28]__0.RAF (20230313-150228.RAF taken)
SKIPPED: /Volumes/ARCHIVE/PHOTOS/2023/2023-03-13/20230313-150542_[X-T5]-[23-03-13]-[15-05-42]__0.JPG (20230313-150542.JPG taken)
SKIPPED: /Volumes/ARCHIVE/PHOTOS/2023/2023-03-13/20230313-150542_[X-T5]-[23-03-13]-[15-05-42]__0.RAF (20230313-150542.RAF taken)
SKIPPED: /Volumes/ARCHIVE/PHOTOS/2023/2023-03-13/20230313-174955_[X-T5]-[23-03-13]-[17-49-55]__0.JPG (20230313-174955.JPG taken)
SKIPPED: /Volumes/ARCHIVE/PHOTOS/2023/2023-03-13/20230313-174955_[X-T5]-[23-03-13]-[17-49-55]__0.RAF (20230313-174955.RAF taken)
SKIPPED: /Volumes/ARCHIVE/PHOTOS/2023/2023-03-13/20230313-175011_[X-T5]-[23-03-13]-[17-50-11]__0.JPG (20230313-175011.JPG taken)
SKIPPED: /Volumes/ARCHIVE/PHOTOS/2023/2023-03-13/20230313-175011_[X-T5]-[23-03-13]-[17-50-11]__0.RAF (20230313-175011.RAF taken)
SKIPPED: /Volumes/ARCHIVE/PHOTOS/2023/2023-03-13/20230313-175346_[X-T5]-[23-03-13]-[17-53-46]__0.JPG (20230313-175346.JPG taken)
SKIPPED: /Volumes/ARCHIVE/PHOTOS/2023/2023-03-13/20230313-175346_[X-T5]-[23-03-13]-[17-53-46]__0.RAF (20230313-175346.RAF taken)
SKIPPED: /Volumes/ARCHIVE/PHOTOS/2023/2023-03-13/20230313-175605_DSCF3135.JPG (20230313-175605.JPG taken)
SKIPPED: /Volumes/ARCHIVE/PHOTOS/2023/2023-03-13/20230313-175605_[X-T5]-[23-03-13]-[17-56-05]__0.JPG (20230313-175605.JPG taken)
SKIPPED: /Volumes/ARCHIVE/PHOTOS/2023/2023-03-13/20230313-175605_[X-T5]-[23-03-13]-[17-56-05]__0.RAF (20230313-175605.RAF taken)
SKIPPED: /Volumes/ARCHIVE/PHOTOS/2023/2023-03-13/20230313-175717_[X-T5]-[23-03-13]-[17-57-17]__0.JPG (20230313-175717.JPG taken)
SKIPPED: /Volumes/ARCHIVE/PHOTOS/2023/2023-03-13/20230313-175717_[X-T5]-[23-03-13]-[17-57-17]__0.RAF (20230313-175717.RAF taken)
SKIPPED: /Volumes/ARCHIVE/PHOTOS/2023/2023-03-13/20230313-175746_[X-T5]-[23-03-13]-[17-57-46]__0.JPG (20230313-175746.JPG taken)
SKIPPED: /Volumes/ARCHIVE/PHOTOS/2023/2023-03-13/20230313-175746_[X-T5]-[23-03-13]-[17-57-46]__0.RAF (20230313-175746.RAF taken)
SKIPPED: /Volumes/ARCHIVE/PHOTOS/2023/2023-03-13/20230313-175808_[X-T5]-[23-03-13]-[17-58-08]__0.JPG (20230313-175808.JPG taken)
SKIPPED: /Volumes/ARCHIVE/PHOTOS/2023/2023-03-13/20230313-175808_[X-T5]-[23-03-13]-[17-58-08]__0.RAF (20230313-175808.RAF taken)
SKIPPED: /Volumes/ARCHIVE/PHOTOS/2023/2023-03-13/20230313-175933_[X-T5]-[23-03-13]-[17-59-33]__0 2.JPG (20230313-175933.JPG taken)
SKIPPED: /Volumes/ARCHIVE/PHOTOS/2023/2023-03-13/20230313-175933_[X-T5]-[23-03-13]-[17-59-33]__0 2.RAF (20230313-175933.RAF taken)
SKIPPED: /Volumes/ARCHIVE/PHOTOS/2023/2023-03-13/20230313-175933_[X-T5]-[23-03-13]-[17-59-33]__0.JPG (20230313-175933.JPG taken)
SKIPPED: /Volumes/ARCHIVE/PHOTOS/2023/2023-03-13/20230313-175933_[X-T5]-[23-03-13]-[17-59-33]__0.RAF (20230313-175933.RAF taken)
SKIPPED: /Volumes/ARCHIVE/PHOTOS/2023/2023-03-13/20230313-180341_[X-T5]-[23-03-13]-[18-03-41]__0.JPG (20230313-180341.JPG taken)
SKIPPED: /Volumes/ARCHIVE/PHOTOS/2023/2023-03-13/20230313-180341_[X-T5]-[23-03-13]-[18-03-41]__0.RAF (20230313-180341.RAF taken)
SKIPPED: /Volumes/ARCHIVE/PHOTOS/2023/2023-03-13/20230313-185432_[X-T5]-[23-03-13]-[18-54-32]__0 1.JPG (20230313-185432.JPG taken)
SKIPPED: /Volumes/ARCHIVE/PHOTOS/2023/2023-03-13/20230313-185432_[X-T5]-[23-03-13]-[18-54-32]__0 1.RAF (20230313-185432.RAF taken)
SKIPPED: /Volumes/ARCHIVE/PHOTOS/2023/2023-03-13/20230313-191036_[X-T5]-[23-03-13]-[19-10-36]__0.JPG (20230313-191036.JPG taken)
SKIPPED: /Volumes/ARCHIVE/PHOTOS/2023/2023-03-13/20230313-191036_[X-T5]-[23-03-13]-[19-10-36]__0.RAF (20230313-191036.RAF taken)
SKIPPED: /Volumes/ARCHIVE/PHOTOS/2023/2023-03-13/20230313-191143_[X-T5]-[23-03-13]-[19-11-43]__0.JPG (20230313-191143.JPG taken)
SKIPPED: /Volumes/ARCHIVE/PHOTOS/2023/2023-03-13/20230313-191143_[X-T5]-[23-03-13]-[19-11-43]__0.RAF (20230313-191143.RAF taken)
SKIPPED: /Volumes/ARCHIVE/PHOTOS/2023/2023-03-13/20230313-191234_[X-T5]-[23-03-13]-[19-12-34]__0.JPG (20230313-191234.JPG taken)
SKIPPED: /Volumes/ARCHIVE/PHOTOS/2023/2023-03-13/20230313-191234_[X-T5]-[23-03-13]-[19-12-34]__0.RAF (20230313-191234.RAF taken)
SKIPPED: /Volumes/ARCHIVE/PHOTOS/2023/2023-03-13/20230313-191448_[X-T5]-[23-03-13]-[19-14-48]__0.JPG (20230313-191448.JPG taken)
SKIPPED: /Volumes/ARCHIVE/PHOTOS/2023/2023-03-13/20230313-191448_[X-T5]-[23-03-13]-[19-14-48]__0.RAF (20230313-191448.RAF taken)
SKIPPED: /Volumes/ARCHIVE/PHOTOS/2023/2023-03-13/20230313-191508_DSCF3184.JPG (20230313-191508.JPG taken)
SKIPPED: /Volumes/ARCHIVE/PHOTOS/2023/2023-03-13/20230313-191533_[X-T5]-[23-03-13]-[19-15-33]__0.JPG (20230313-191533.JPG taken)
SKIPPED: /Volumes/ARCHIVE/PHOTOS/2023/2023-03-13/20230313-191533_[X-T5]-[23-03-13]-[19-15-33]__0.RAF (20230313-191533.RAF taken)
SKIPPED: /Volumes/ARCHIVE/PHOTOS/2023/2023-03-13/20230313-192015_[X-T5]-[23-03-13]-[19-20-15]__0.JPG (20230313-192015.JPG taken)
SKIPPED: /Volumes/ARCHIVE/PHOTOS/2023/2023-03-13/20230313-192015_[X-T5]-[23-03-13]-[19-20-15]__0.RAF (20230313-192015.RAF taken)
SKIPPED: /Volumes/ARCHIVE/PHOTOS/2023/2023-03-13/20230313-192755_DSCF3215.JPG (20230313-192755.JPG taken)
SKIPPED: /Volumes/ARCHIVE/PHOTOS/2023/2023-03-14/20230314-115837_[X-T5]-[23-03-14]-[11-58-37]__0.JPG (20230314-115837.JPG taken)
SKIPPED: /Volumes/ARCHIVE/PHOTOS/2023/2023-03-14/20230314-115837_[X-T5]-[23-03-14]-[11-58-37]__0.RAF (20230314-115837.RAF taken)
SKIPPED: /Volumes/ARCHIVE/PHOTOS/2023/2023-03-14/20230314-115902_[X-T5]-[23-03-14]-[11-59-02]__0.JPG (20230314-115902.JPG taken)
SKIPPED: /Volumes/ARCHIVE/PHOTOS/2023/2023-03-14/20230314-115902_[X-T5]-[23-03-14]-[11-59-02]__0.RAF (20230314-115902.RAF taken)
SKIPPED: /Volumes/ARCHIVE/PHOTOS/2023/2023-03-14/20230314-120047_[X-T5]-[23-03-14]-[12-00-47]__0.JPG (20230314-120047.JPG taken)
SKIPPED: /Volumes/ARCHIVE/PHOTOS/2023/2023-03-14/20230314-120047_[X-T5]-[23-03-14]-[12-00-47]__0.RAF (20230314-120047.RAF taken)
SKIPPED: /Volumes/ARCHIVE/PHOTOS/2023/2023-03-14/20230314-120127_[X-T5]-[23-03-14]-[12-01-27]__0.JPG (20230314-120127.JPG taken)
SKIPPED: /Volumes/ARCHIVE/PHOTOS/2023/2023-03-14/20230314-120127_[X-T5]-[23-03-14]-[12-01-27]__0.RAF (20230314-120127.RAF taken)
SKIPPED: /Volumes/ARCHIVE/PHOTOS/2023/2023-03-14/20230314-120405_[X-T5]-[23-03-14]-[12-04-05]__0.JPG (20230314-120405.JPG taken)
SKIPPED: /Volumes/ARCHIVE/PHOTOS/2023/2023-03-14/20230314-120405_[X-T5]-[23-03-14]-[12-04-05]__0.RAF (20230314-120405.RAF taken)
SKIPPED: /Volumes/ARCHIVE/PHOTOS/2023/2023-03-14/20230314-120456_[X-T5]-[23-03-14]-[12-04-56]__0.JPG (20230314-120456.JPG taken)
SKIPPED: /Volumes/ARCHIVE/PHOTOS/2023/2023-03-14/20230314-120456_[X-T5]-[23-03-14]-[12-04-56]__0.RAF (20230314-120456.RAF taken)
SKIPPED: /Volumes/ARCHIVE/PHOTOS/2023/2023-03-14/20230314-120541_[X-T5]-[23-03-14]-[12-05-41]__0.JPG (20230314-120541.JPG taken)
SKIPPED: /Volumes/ARCHIVE/PHOTOS/2023/2023-03-14/20230314-120541_[X-T5]-[23-03-14]-[12-05-41]__0.RAF (20230314-120541.RAF taken)
SKIPPED: /Volumes/ARCHIVE/PHOTOS/2023/2023-03-14/20230314-120548_[X-T5]-[23-03-14]-[12-05-48]__0.JPG (20230314-120548.JPG taken)
SKIPPED: /Volumes/ARCHIVE/PHOTOS/2023/2023-03-14/20230314-120548_[X-T5]-[23-03-14]-[12-05-48]__0.RAF (20230314-120548.RAF taken)
SKIPPED: /Volumes/ARCHIVE/PHOTOS/2023/2023-03-14/20230314-120733_[X-T5]-[23-03-14]-[12-07-33]__0.JPG (20230314-120733.JPG taken)
SKIPPED: /Volumes/ARCHIVE/PHOTOS/2023/2023-03-14/20230314-120733_[X-T5]-[23-03-14]-[12-07-33]__0.RAF (20230314-120733.RAF taken)
SKIPPED: /Volumes/ARCHIVE/PHOTOS/2023/2023-03-14/20230314-122315_[X-T5]-[23-03-14]-[12-23-15]__0.JPG (20230314-122315.JPG taken)
SKIPPED: /Volumes/ARCHIVE/PHOTOS/2023/2023-03-14/20230314-122315_[X-T5]-[23-03-14]-[12-23-15]__0.RAF (20230314-122315.RAF taken)
SKIPPED: /Volumes/ARCHIVE/PHOTOS/2023/2023-03-14/20230314-122346_[X-T5]-[23-03-14]-[12-23-46]__0.JPG (20230314-122346.JPG taken)
SKIPPED: /Volumes/ARCHIVE/PHOTOS/2023/2023-03-14/20230314-122346_[X-T5]-[23-03-14]-[12-23-46]__0.RAF (20230314-122346.RAF taken)
SKIPPED: /Volumes/ARCHIVE/PHOTOS/2023/2023-03-14/20230314-124226_[X-T5]-[23-03-14]-[12-42-26]__0.JPG (20230314-124226.JPG taken)
SKIPPED: /Volumes/ARCHIVE/PHOTOS/2023/2023-03-14/20230314-124226_[X-T5]-[23-03-14]-[12-42-26]__0.RAF (20230314-124226.RAF taken)
SKIPPED: /Volumes/ARCHIVE/PHOTOS/2023/2023-03-14/20230314-124232_[X-T5]-[23-03-14]-[12-42-32]__0.JPG (20230314-124232.JPG taken)
SKIPPED: /Volumes/ARCHIVE/PHOTOS/2023/2023-03-14/20230314-124232_[X-T5]-[23-03-14]-[12-42-32]__0.RAF (20230314-124232.RAF taken)
SKIPPED: /Volumes/ARCHIVE/PHOTOS/2023/2023-03-14/20230314-124250_[X-T5]-[23-03-14]-[12-42-50]__0.JPG (20230314-124250.JPG taken)
SKIPPED: /Volumes/ARCHIVE/PHOTOS/2023/2023-03-14/20230314-124250_[X-T5]-[23-03-14]-[12-42-50]__0.RAF (20230314-124250.RAF taken)
SKIPPED: /Volumes/ARCHIVE/PHOTOS/2023/2023-03-14/20230314-133318_[X-T5]-[23-03-14]-[13-33-18]__0.JPG (20230314-133318.JPG taken)
SKIPPED: /Volumes/ARCHIVE/PHOTOS/2023/2023-03-14/20230314-133318_[X-T5]-[23-03-14]-[13-33-18]__0.RAF (20230314-133318.RAF taken)
SKIPPED: /Volumes/ARCHIVE/PHOTOS/2023/2023-03-14/20230314-133723_[X-T5]-[23-03-14]-[13-37-23]__0.JPG (20230314-133723.JPG taken)
SKIPPED: /Volumes/ARCHIVE/PHOTOS/2023/2023-03-14/20230314-133723_[X-T5]-[23-03-14]-[13-37-23]__0.RAF (20230314-133723.RAF taken)
SKIPPED: /Volumes/ARCHIVE/PHOTOS/2023/2023-03-14/20230314-133726_[X-T5]-[23-03-14]-[13-37-26]__0.JPG (20230314-133726.JPG taken)
SKIPPED: /Volumes/ARCHIVE/PHOTOS/2023/2023-03-14/20230314-133726_[X-T5]-[23-03-14]-[13-37-26]__0.RAF (20230314-133726.RAF taken)
SKIPPED: /Volumes/ARCHIVE/PHOTOS/2023/2023-03-14/20230314-133738_[X-T5]-[23-03-14]-[13-37-38]__0.JPG (20230314-133738.JPG taken)
SKIPPED: /Volumes/ARCHIVE/PHOTOS/2023/2023-03-14/20230314-133738_[X-T5]-[23-03-14]-[13-37-38]__0.RAF (20230314-133738.RAF taken)
SKIPPED: /Volumes/ARCHIVE/PHOTOS/2023/2023-03-14/20230314-133809_[X-T5]-[23-03-14]-[13-38-09]__0.JPG (20230314-133809.JPG taken)
SKIPPED: /Volumes/ARCHIVE/PHOTOS/2023/2023-03-14/20230314-133809_[X-T5]-[23-03-14]-[13-38-09]__0.RAF (20230314-133809.RAF taken)
SKIPPED: /Volumes/ARCHIVE/PHOTOS/2023/2023-03-14/20230314-133911_[X-T5]-[23-03-14]-[13-39-11]__0.JPG (20230314-133911.JPG taken)
SKIPPED: /Volumes/ARCHIVE/PHOTOS/2023/2023-03-14/20230314-133911_[X-T5]-[23-03-14]-[13-39-11]__0.RAF (20230314-133911.RAF taken)
SKIPPED: /Volumes/ARCHIVE/PHOTOS/2023/2023-03-14/20230314-133932_[X-T5]-[23-03-14]-[13-39-32]__0.JPG (20230314-133932.JPG taken)
SKIPPED: /Volumes/ARCHIVE/PHOTOS/2023/2023-03-14/20230314-133932_[X-T5]-[23-03-14]-[13-39-32]__0.RAF (20230314-133932.RAF taken)
SKIPPED: /Volumes/ARCHIVE/PHOTOS/2023/2023-03-14/20230314-133934_[X-T5]-[23-03-14]-[13-39-34]__0.JPG (20230314-133934.JPG taken)
SKIPPED: /Volumes/ARCHIVE/PHOTOS/2023/2023-03-14/20230314-133934_[X-T5]-[23-03-14]-[13-39-34]__0.RAF (20230314-133934.RAF taken)
SKIPPED: /Volumes/ARCHIVE/PHOTOS/2023/2023-03-14/20230314-134258_[X-T5]-[23-03-14]-[13-42-58]__0.JPG (20230314-134258.JPG taken)
SKIPPED: /Volumes/ARCHIVE/PHOTOS/2023/2023-03-14/20230314-134258_[X-T5]-[23-03-14]-[13-42-58]__0.RAF (20230314-134258.RAF taken)
SKIPPED: /Volumes/ARCHIVE/PHOTOS/2023/2023-03-14/20230314-134259_[X-T5]-[23-03-14]-[13-42-59]__0.JPG (20230314-134259.JPG taken)
SKIPPED: /Volumes/ARCHIVE/PHOTOS/2023/2023-03-14/20230314-134259_[X-T5]-[23-03-14]-[13-42-59]__0.RAF (20230314-134259.RAF taken)
SKIPPED: /Volumes/ARCHIVE/PHOTOS/2023/2023-03-14/20230314-134332_[X-T5]-[23-03-14]-[13-43-32]__0.JPG (20230314-134332.JPG taken)
SKIPPED: /Volumes/ARCHIVE/PHOTOS/2023/2023-03-14/20230314-134332_[X-T5]-[23-03-14]-[13-43-32]__0.RAF (20230314-134332.RAF taken)
SKIPPED: /Volumes/ARCHIVE/PHOTOS/2023/2023-03-14/20230314-134335_[X-T5]-[23-03-14]-[13-43-35]__0.JPG (20230314-134335.JPG taken)
SKIPPED: /Volumes/ARCHIVE/PHOTOS/2023/2023-03-14/20230314-134335_[X-T5]-[23-03-14]-[13-43-35]__0.RAF (20230314-134335.RAF taken)
SKIPPED: /Volumes/ARCHIVE/PHOTOS/2023/2023-03-14/20230314-134401_[X-T5]-[23-03-14]-[13-44-01]__0.JPG (20230314-134401.JPG taken)
SKIPPED: /Volumes/ARCHIVE/PHOTOS/2023/2023-03-14/20230314-134401_[X-T5]-[23-03-14]-[13-44-01]__0.RAF (20230314-134401.RAF taken)
SKIPPED: /Volumes/ARCHIVE/PHOTOS/2023/2023-03-14/20230314-134438_[X-T5]-[23-03-14]-[13-44-38]__0.JPG (20230314-134438.JPG taken)
SKIPPED: /Volumes/ARCHIVE/PHOTOS/2023/2023-03-14/20230314-134438_[X-T5]-[23-03-14]-[13-44-38]__0.RAF (20230314-134438.RAF taken)
SKIPPED: /Volumes/ARCHIVE/PHOTOS/2023/2023-03-14/20230314-134520_[X-T5]-[23-03-14]-[13-45-20]__0.JPG (20230314-134520.JPG taken)
SKIPPED: /Volumes/ARCHIVE/PHOTOS/2023/2023-03-14/20230314-134520_[X-T5]-[23-03-14]-[13-45-20]__0.RAF (20230314-134520.RAF taken)
SKIPPED: /Volumes/ARCHIVE/PHOTOS/2023/2023-03-14/20230314-134626_[X-T5]-[23-03-14]-[13-46-26]__0.JPG (20230314-134626.JPG taken)
SKIPPED: /Volumes/ARCHIVE/PHOTOS/2023/2023-03-14/20230314-134626_[X-T5]-[23-03-14]-[13-46-26]__0.RAF (20230314-134626.RAF taken)
SKIPPED: /Volumes/ARCHIVE/PHOTOS/2023/2023-03-14/20230314-134719_[X-T5]-[23-03-14]-[13-47-19]__0.JPG (20230314-134719.JPG taken)
SKIPPED: /Volumes/ARCHIVE/PHOTOS/2023/2023-03-14/20230314-134719_[X-T5]-[23-03-14]-[13-47-19]__0.RAF (20230314-134719.RAF taken)
SKIPPED: /Volumes/ARCHIVE/PHOTOS/2023/2023-03-14/20230314-134744_[X-T5]-[23-03-14]-[13-47-44]__0.JPG (20230314-134744.JPG taken)
SKIPPED: /Volumes/ARCHIVE/PHOTOS/2023/2023-03-14/20230314-134744_[X-T5]-[23-03-14]-[13-47-44]__0.RAF (20230314-134744.RAF taken)
SKIPPED: /Volumes/ARCHIVE/PHOTOS/2023/2023-03-14/20230314-134751_[X-T5]-[23-03-14]-[13-47-51]__0.JPG (20230314-134751.JPG taken)
SKIPPED: /Volumes/ARCHIVE/PHOTOS/2023/2023-03-14/20230314-134751_[X-T5]-[23-03-14]-[13-47-51]__0.RAF (20230314-134751.RAF taken)
SKIPPED: /Volumes/ARCHIVE/PHOTOS/2023/2023-03-14/20230314-135049_[X-T5]-[23-03-14]-[13-50-49]__0.JPG (20230314-135049.JPG taken)
SKIPPED: /Volumes/ARCHIVE/PHOTOS/2023/2023-03-14/20230314-135049_[X-T5]-[23-03-14]-[13-50-49]__0.RAF (20230314-135049.RAF taken)
SKIPPED: /Volumes/ARCHIVE/PHOTOS/2023/2023-03-14/20230314-135151_[X-T5]-[23-03-14]-[13-51-51]__0.JPG (20230314-135151.JPG taken)
SKIPPED: /Volumes/ARCHIVE/PHOTOS/2023/2023-03-14/20230314-135151_[X-T5]-[23-03-14]-[13-51-51]__0.RAF (20230314-135151.RAF taken)
SKIPPED: /Volumes/ARCHIVE/PHOTOS/2023/2023-03-14/20230314-135426_[X-T5]-[23-03-14]-[13-54-26]__0.JPG (20230314-135426.JPG taken)
SKIPPED: /Volumes/ARCHIVE/PHOTOS/2023/2023-03-14/20230314-135426_[X-T5]-[23-03-14]-[13-54-26]__0.RAF (20230314-135426.RAF taken)
SKIPPED: /Volumes/ARCHIVE/PHOTOS/2023/2023-03-14/20230314-135638_[X-T5]-[23-03-14]-[13-56-38]__0.JPG (20230314-135638.JPG taken)
SKIPPED: /Volumes/ARCHIVE/PHOTOS/2023/2023-03-14/20230314-135638_[X-T5]-[23-03-14]-[13-56-38]__0.RAF (20230314-135638.RAF taken)
SKIPPED: /Volumes/ARCHIVE/PHOTOS/2023/2023-03-14/20230314-135728_[X-T5]-[23-03-14]-[13-57-28]__0.JPG (20230314-135728.JPG taken)
SKIPPED: /Volumes/ARCHIVE/PHOTOS/2023/2023-03-14/20230314-135728_[X-T5]-[23-03-14]-[13-57-28]__0.RAF (20230314-135728.RAF taken)
SKIPPED: /Volumes/ARCHIVE/PHOTOS/2023/2023-03-14/20230314-135956_[X-T5]-[23-03-14]-[13-59-56]__0.JPG (20230314-135956.JPG taken)
SKIPPED: /Volumes/ARCHIVE/PHOTOS/2023/2023-03-14/20230314-135956_[X-T5]-[23-03-14]-[13-59-56]__0.RAF (20230314-135956.RAF taken)
SKIPPED: /Volumes/ARCHIVE/PHOTOS/2023/2023-03-14/20230314-140056_[X-T5]-[23-03-14]-[14-00-56]__0.JPG (20230314-140056.JPG taken)
SKIPPED: /Volumes/ARCHIVE/PHOTOS/2023/2023-03-14/20230314-140056_[X-T5]-[23-03-14]-[14-00-56]__0.RAF (20230314-140056.RAF taken)
SKIPPED: /Volumes/ARCHIVE/PHOTOS/2023/2023-03-14/20230314-140152_[X-T5]-[23-03-14]-[14-01-52]__0.JPG (20230314-140152.JPG taken)
SKIPPED: /Volumes/ARCHIVE/PHOTOS/2023/2023-03-14/20230314-140152_[X-T5]-[23-03-14]-[14-01-52]__0.RAF (20230314-140152.RAF taken)
SKIPPED: /Volumes/ARCHIVE/PHOTOS/2023/2023-03-14/20230314-140155_[X-T5]-[23-03-14]-[14-01-55]__0.JPG (20230314-140155.JPG taken)
SKIPPED: /Volumes/ARCHIVE/PHOTOS/2023/2023-03-14/20230314-140155_[X-T5]-[23-03-14]-[14-01-55]__0.RAF (20230314-140155.RAF taken)
SKIPPED: /Volumes/ARCHIVE/PHOTOS/2023/2023-03-14/20230314-140405_[X-T5]-[23-03-14]-[14-04-05]__0.JPG (20230314-140405.JPG taken)
SKIPPED: /Volumes/ARCHIVE/PHOTOS/2023/2023-03-14/20230314-140405_[X-T5]-[23-03-14]-[14-04-05]__0.RAF (20230314-140405.RAF taken)
SKIPPED: /Volumes/ARCHIVE/PHOTOS/2023/2023-03-14/20230314-140502_[X-T5]-[23-03-14]-[14-05-02]__0.JPG (20230314-140502.JPG taken)
SKIPPED: /Volumes/ARCHIVE/PHOTOS/2023/2023-03-14/20230314-140502_[X-T5]-[23-03-14]-[14-05-02]__0.RAF (20230314-140502.RAF taken)
SKIPPED: /Volumes/ARCHIVE/PHOTOS/2023/2023-03-14/20230314-141211_[X-T5]-[23-03-14]-[14-12-11]__0.JPG (20230314-141211.JPG taken)
SKIPPED: /Volumes/ARCHIVE/PHOTOS/2023/2023-03-14/20230314-141211_[X-T5]-[23-03-14]-[14-12-11]__0.RAF (20230314-141211.RAF taken)
SKIPPED: /Volumes/ARCHIVE/PHOTOS/2023/2023-03-14/20230314-141222_[X-T5]-[23-03-14]-[14-12-22]__0.JPG (20230314-141222.JPG taken)
SKIPPED: /Volumes/ARCHIVE/PHOTOS/2023/2023-03-14/20230314-141222_[X-T5]-[23-03-14]-[14-12-22]__0.RAF (20230314-141222.RAF taken)
SKIPPED: /Volumes/ARCHIVE/PHOTOS/2023/2023-03-14/20230314-141303_[X-T5]-[23-03-14]-[14-13-03]__0.JPG (20230314-141303.JPG taken)
SKIPPED: /Volumes/ARCHIVE/PHOTOS/2023/2023-03-14/20230314-141303_[X-T5]-[23-03-14]-[14-13-03]__0.RAF (20230314-141303.RAF taken)
SKIPPED: /Volumes/ARCHIVE/PHOTOS/2023/2023-03-14/20230314-141307_[X-T5]-[23-03-14]-[14-13-07]__0.JPG (20230314-141307.JPG taken)
SKIPPED: /Volumes/ARCHIVE/PHOTOS/2023/2023-03-14/20230314-141307_[X-T5]-[23-03-14]-[14-13-07]__0.RAF (20230314-141307.RAF taken)
SKIPPED: /Volumes/ARCHIVE/PHOTOS/2023/2023-03-14/20230314-141324_[X-T5]-[23-03-14]-[14-13-24]__0.JPG (20230314-141324.JPG taken)
SKIPPED: /Volumes/ARCHIVE/PHOTOS/2023/2023-03-14/20230314-141324_[X-T5]-[23-03-14]-[14-13-24]__0.RAF (20230314-141324.RAF taken)
SKIPPED: /Volumes/ARCHIVE/PHOTOS/2023/2023-03-14/20230314-141347_[X-T5]-[23-03-14]-[14-13-47]__0.JPG (20230314-141347.JPG taken)
SKIPPED: /Volumes/ARCHIVE/PHOTOS/2023/2023-03-14/20230314-141347_[X-T5]-[23-03-14]-[14-13-47]__0.RAF (20230314-141347.RAF taken)
SKIPPED: /Volumes/ARCHIVE/PHOTOS/2023/2023-03-14/20230314-141354_[X-T5]-[23-03-14]-[14-13-54]__0.JPG (20230314-141354.JPG taken)
SKIPPED: /Volumes/ARCHIVE/PHOTOS/2023/2023-03-14/20230314-141354_[X-T5]-[23-03-14]-[14-13-54]__0.RAF (20230314-141354.RAF taken)
SKIPPED: /Volumes/ARCHIVE/PHOTOS/2023/2023-03-14/20230314-141558_[X-T5]-[23-03-14]-[14-15-58]__0.JPG (20230314-141558.JPG taken)
SKIPPED: /Volumes/ARCHIVE/PHOTOS/2023/2023-03-14/20230314-141558_[X-T5]-[23-03-14]-[14-15-58]__0.RAF (20230314-141558.RAF taken)
SKIPPED: /Volumes/ARCHIVE/PHOTOS/2023/2023-03-14/20230314-142002_[X-T5]-[23-03-14]-[14-20-02]__0.JPG (20230314-142002.JPG taken)
SKIPPED: /Volumes/ARCHIVE/PHOTOS/2023/2023-03-14/20230314-142002_[X-T5]-[23-03-14]-[14-20-02]__0.RAF (20230314-142002.RAF taken)
SKIPPED: /Volumes/ARCHIVE/PHOTOS/2023/2023-03-14/20230314-142058_[X-T5]-[23-03-14]-[14-20-58]__0.JPG (20230314-142058.JPG taken)
SKIPPED: /Volumes/ARCHIVE/PHOTOS/2023/2023-03-14/20230314-142058_[X-T5]-[23-03-14]-[14-20-58]__0.RAF (20230314-142058.RAF taken)
SKIPPED: /Volumes/ARCHIVE/PHOTOS/2023/2023-03-14/20230314-142454_[X-T5]-[23-03-14]-[14-24-54]__0.JPG (20230314-142454.JPG taken)
SKIPPED: /Volumes/ARCHIVE/PHOTOS/2023/2023-03-14/20230314-142454_[X-T5]-[23-03-14]-[14-24-54]__0.RAF (20230314-142454.RAF taken)
SKIPPED: /Volumes/ARCHIVE/PHOTOS/2023/2023-03-14/20230314-142535_[X-T5]-[23-03-14]-[14-25-35]__0.JPG (20230314-142535.JPG taken)
SKIPPED: /Volumes/ARCHIVE/PHOTOS/2023/2023-03-14/20230314-142535_[X-T5]-[23-03-14]-[14-25-35]__0.RAF (20230314-142535.RAF taken)
SKIPPED: /Volumes/ARCHIVE/PHOTOS/2023/2023-03-14/20230314-143044_[X-T5]-[23-03-14]-[14-30-44]__0.JPG (20230314-143044.JPG taken)
SKIPPED: /Volumes/ARCHIVE/PHOTOS/2023/2023-03-14/20230314-143044_[X-T5]-[23-03-14]-[14-30-44]__0.RAF (20230314-143044.RAF taken)
SKIPPED: /Volumes/ARCHIVE/PHOTOS/2023/2023-03-14/20230314-143625_[X-T5]-[23-03-14]-[14-36-25]__0.JPG (20230314-143625.JPG taken)
SKIPPED: /Volumes/ARCHIVE/PHOTOS/2023/2023-03-14/20230314-143625_[X-T5]-[23-03-14]-[14-36-25]__0.RAF (20230314-143625.RAF taken)
SKIPPED: /Volumes/ARCHIVE/PHOTOS/2023/2023-03-14/20230314-143723_DSCF3578.JPG (20230314-143723.JPG taken)
SKIPPED: /Volumes/ARCHIVE/PHOTOS/2023/2023-03-14/20230314-143723_[X-T5]-[23-03-14]-[14-37-23]__0 1.JPG (20230314-143723.JPG taken)
SKIPPED: /Volumes/ARCHIVE/PHOTOS/2023/2023-03-14/20230314-143723_[X-T5]-[23-03-14]-[14-37-23]__0 1.RAF (20230314-143723.RAF taken)
SKIPPED: /Volumes/ARCHIVE/PHOTOS/2023/2023-03-14/20230314-143816_[X-T5]-[23-03-14]-[14-38-16]__0.JPG (20230314-143816.JPG taken)
SKIPPED: /Volumes/ARCHIVE/PHOTOS/2023/2023-03-14/20230314-143816_[X-T5]-[23-03-14]-[14-38-16]__0.RAF (20230314-143816.RAF taken)
SKIPPED: /Volumes/ARCHIVE/PHOTOS/2023/2023-03-14/20230314-144022_[X-T5]-[23-03-14]-[14-40-22]__0.JPG (20230314-144022.JPG taken)
SKIPPED: /Volumes/ARCHIVE/PHOTOS/2023/2023-03-14/20230314-144022_[X-T5]-[23-03-14]-[14-40-22]__0.RAF (20230314-144022.RAF taken)
SKIPPED: /Volumes/ARCHIVE/PHOTOS/2023/2023-03-14/20230314-144244_[X-T5]-[23-03-14]-[14-42-44]__0.JPG (20230314-144244.JPG taken)
SKIPPED: /Volumes/ARCHIVE/PHOTOS/2023/2023-03-14/20230314-144244_[X-T5]-[23-03-14]-[14-42-44]__0.RAF (20230314-144244.RAF taken)
SKIPPED: /Volumes/ARCHIVE/PHOTOS/2023/2023-03-14/20230314-144737_[X-T5]-[23-03-14]-[14-47-37]__0.JPG (20230314-144737.JPG taken)
SKIPPED: /Volumes/ARCHIVE/PHOTOS/2023/2023-03-14/20230314-144737_[X-T5]-[23-03-14]-[14-47-37]__0.RAF (20230314-144737.RAF taken)
SKIPPED: /Volumes/ARCHIVE/PHOTOS/2023/2023-03-14/20230314-144740_[X-T5]-[23-03-14]-[14-47-40]__0.JPG (20230314-144740.JPG taken)
SKIPPED: /Volumes/ARCHIVE/PHOTOS/2023/2023-03-14/20230314-144740_[X-T5]-[23-03-14]-[14-47-40]__0.RAF (20230314-144740.RAF taken)
SKIPPED: /Volumes/ARCHIVE/PHOTOS/2023/2023-03-14/20230314-144821_[X-T5]-[23-03-14]-[14-48-21]__0.JPG (20230314-144821.JPG taken)
SKIPPED: /Volumes/ARCHIVE/PHOTOS/2023/2023-03-14/20230314-144821_[X-T5]-[23-03-14]-[14-48-21]__0.RAF (20230314-144821.RAF taken)
SKIPPED: /Volumes/ARCHIVE/PHOTOS/2023/2023-03-14/20230314-144919_[X-T5]-[23-03-14]-[14-49-19]__0.JPG (20230314-144919.JPG taken)
SKIPPED: /Volumes/ARCHIVE/PHOTOS/2023/2023-03-14/20230314-144919_[X-T5]-[23-03-14]-[14-49-19]__0.RAF (20230314-144919.RAF taken)
SKIPPED: /Volumes/ARCHIVE/PHOTOS/2023/2023-03-14/20230314-145038_DSCF3600.JPG (20230314-145038.JPG taken)
SKIPPED: /Volumes/ARCHIVE/PHOTOS/2023/2023-03-14/20230314-145038_[X-T5]-[23-03-14]-[14-50-38]__0 1.JPG (20230314-145038.JPG taken)
SKIPPED: /Volumes/ARCHIVE/PHOTOS/2023/2023-03-14/20230314-145038_[X-T5]-[23-03-14]-[14-50-38]__0 1.RAF (20230314-145038.RAF taken)
SKIPPED: /Volumes/ARCHIVE/PHOTOS/2023/2023-03-14/20230314-145050_[X-T5]-[23-03-14]-[14-50-50]__0.JPG (20230314-145050.JPG taken)
SKIPPED: /Volumes/ARCHIVE/PHOTOS/2023/2023-03-14/20230314-145050_[X-T5]-[23-03-14]-[14-50-50]__0.RAF (20230314-145050.RAF taken)
SKIPPED: /Volumes/ARCHIVE/PHOTOS/2023/2023-03-14/20230314-150015_[X-T5]-[23-03-14]-[15-00-15]__0.JPG (20230314-150015.JPG taken)
SKIPPED: /Volumes/ARCHIVE/PHOTOS/2023/2023-03-14/20230314-150015_[X-T5]-[23-03-14]-[15-00-15]__0.RAF (20230314-150015.RAF taken)
SKIPPED: /Volumes/ARCHIVE/PHOTOS/2023/2023-03-14/20230314-152638_[X-T5]-[23-03-14]-[15-26-38]__0.JPG (20230314-152638.JPG taken)
SKIPPED: /Volumes/ARCHIVE/PHOTOS/2023/2023-03-14/20230314-152638_[X-T5]-[23-03-14]-[15-26-38]__0.RAF (20230314-152638.RAF taken)
SKIPPED: /Volumes/ARCHIVE/PHOTOS/2023/2023-03-14/20230314-152901_[X-T5]-[23-03-14]-[15-29-01]__0.JPG (20230314-152901.JPG taken)
SKIPPED: /Volumes/ARCHIVE/PHOTOS/2023/2023-03-14/20230314-152901_[X-T5]-[23-03-14]-[15-29-01]__0.RAF (20230314-152901.RAF taken)
SKIPPED: /Volumes/ARCHIVE/PHOTOS/2023/2023-03-14/20230314-154905_[X-T5]-[23-03-14]-[15-49-05]__0.JPG (20230314-154905.JPG taken)
SKIPPED: /Volumes/ARCHIVE/PHOTOS/2023/2023-03-14/20230314-154905_[X-T5]-[23-03-14]-[15-49-05]__0.RAF (20230314-154905.RAF taken)
SKIPPED: /Volumes/ARCHIVE/PHOTOS/2023/2023-03-14/20230314-163131_[X-T5]-[23-03-14]-[16-31-31]__0.JPG (20230314-163131.JPG taken)
SKIPPED: /Volumes/ARCHIVE/PHOTOS/2023/2023-03-14/20230314-163131_[X-T5]-[23-03-14]-[16-31-31]__0.RAF (20230314-163131.RAF taken)
SKIPPED: /Volumes/ARCHIVE/PHOTOS/2023/2023-03-14/20230314-170136_[X-T5]-[23-03-14]-[17-01-36]__0.JPG (20230314-170136.JPG taken)
SKIPPED: /Volumes/ARCHIVE/PHOTOS/2023/2023-03-14/20230314-170136_[X-T5]-[23-03-14]-[17-01-36]__0.RAF (20230314-170136.RAF taken)
SKIPPED: /Volumes/ARCHIVE/PHOTOS/2023/2023-03-14/20230314-170227_[X-T5]-[23-03-14]-[17-02-27]__0.JPG (20230314-170227.JPG taken)
SKIPPED: /Volumes/ARCHIVE/PHOTOS/2023/2023-03-14/20230314-170227_[X-T5]-[23-03-14]-[17-02-27]__0.RAF (20230314-170227.RAF taken)
SKIPPED: /Volumes/ARCHIVE/PHOTOS/2023/2023-03-14/20230314-170524_[X-T5]-[23-03-14]-[17-05-24]__0.JPG (20230314-170524.JPG taken)
SKIPPED: /Volumes/ARCHIVE/PHOTOS/2023/2023-03-14/20230314-170524_[X-T5]-[23-03-14]-[17-05-24]__0.RAF (20230314-170524.RAF taken)
SKIPPED: /Volumes/ARCHIVE/PHOTOS/2023/2023-03-14/20230314-170545_[X-T5]-[23-03-14]-[17-05-45]__0.JPG (20230314-170545.JPG taken)
SKIPPED: /Volumes/ARCHIVE/PHOTOS/2023/2023-03-14/20230314-170545_[X-T5]-[23-03-14]-[17-05-45]__0.RAF (20230314-170545.RAF taken)
SKIPPED: /Volumes/ARCHIVE/PHOTOS/2023/2023-03-14/20230314-170547_[X-T5]-[23-03-14]-[17-05-47]__0.JPG (20230314-170547.JPG taken)
SKIPPED: /Volumes/ARCHIVE/PHOTOS/2023/2023-03-14/20230314-170547_[X-T5]-[23-03-14]-[17-05-47]__0.RAF (20230314-170547.RAF taken)
SKIPPED: /Volumes/ARCHIVE/PHOTOS/2023/2023-03-14/20230314-170548_[X-T5]-[23-03-14]-[17-05-48]__0.JPG (20230314-170548.JPG taken)
SKIPPED: /Volumes/ARCHIVE/PHOTOS/2023/2023-03-14/20230314-170548_[X-T5]-[23-03-14]-[17-05-48]__0.RAF (20230314-170548.RAF taken)
SKIPPED: /Volumes/ARCHIVE/PHOTOS/2023/2023-03-14/20230314-170604_[X-T5]-[23-03-14]-[17-06-04]__0.JPG (20230314-170604.JPG taken)
SKIPPED: /Volumes/ARCHIVE/PHOTOS/2023/2023-03-14/20230314-170604_[X-T5]-[23-03-14]-[17-06-04]__0.RAF (20230314-170604.RAF taken)
SKIPPED: /Volumes/ARCHIVE/PHOTOS/2023/2023-03-14/20230314-171114_[X-T5]-[23-03-14]-[17-11-14]__0.JPG (20230314-171114.JPG taken)
SKIPPED: /Volumes/ARCHIVE/PHOTOS/2023/2023-03-14/20230314-171114_[X-T5]-[23-03-14]-[17-11-14]__0.RAF (20230314-171114.RAF taken)
SKIPPED: /Volumes/ARCHIVE/PHOTOS/2023/2023-03-14/20230314-171203_[X-T5]-[23-03-14]-[17-12-03]__0.JPG (20230314-171203.JPG taken)
SKIPPED: /Volumes/ARCHIVE/PHOTOS/2023/2023-03-14/20230314-171203_[X-T5]-[23-03-14]-[17-12-03]__0.RAF (20230314-171203.RAF taken)
SKIPPED: /Volumes/ARCHIVE/PHOTOS/2023/2023-03-14/20230314-171236_[X-T5]-[23-03-14]-[17-12-36]__0 1.JPG (20230314-171236.JPG taken)
SKIPPED: /Volumes/ARCHIVE/PHOTOS/2023/2023-03-14/20230314-171236_[X-T5]-[23-03-14]-[17-12-36]__0 1.RAF (20230314-171236.RAF taken)
SKIPPED: /Volumes/ARCHIVE/PHOTOS/2023/2023-03-14/20230314-171237_DSCF3664.JPG (20230314-171237.JPG taken)
SKIPPED: /Volumes/ARCHIVE/PHOTOS/2023/2023-03-14/20230314-171237_[X-T5]-[23-03-14]-[17-12-37]__0 1.JPG (20230314-171237.JPG taken)
SKIPPED: /Volumes/ARCHIVE/PHOTOS/2023/2023-03-14/20230314-171237_[X-T5]-[23-03-14]-[17-12-37]__0 1.RAF (20230314-171237.RAF taken)
SKIPPED: /Volumes/ARCHIVE/PHOTOS/2023/2023-03-14/20230314-171237_[X-T5]-[23-03-14]-[17-12-37]__0.JPG (20230314-171237.JPG taken)
SKIPPED: /Volumes/ARCHIVE/PHOTOS/2023/2023-03-14/20230314-171237_[X-T5]-[23-03-14]-[17-12-37]__0.RAF (20230314-171237.RAF taken)
SKIPPED: /Volumes/ARCHIVE/PHOTOS/2023/2023-03-14/20230314-171328_[X-T5]-[23-03-14]-[17-13-28]__0.JPG (20230314-171328.JPG taken)
SKIPPED: /Volumes/ARCHIVE/PHOTOS/2023/2023-03-14/20230314-171328_[X-T5]-[23-03-14]-[17-13-28]__0.RAF (20230314-171328.RAF taken)
SKIPPED: /Volumes/ARCHIVE/PHOTOS/2023/2023-03-14/20230314-171355_[X-T5]-[23-03-14]-[17-13-55]__0.JPG (20230314-171355.JPG taken)
SKIPPED: /Volumes/ARCHIVE/PHOTOS/2023/2023-03-14/20230314-171355_[X-T5]-[23-03-14]-[17-13-55]__0.RAF (20230314-171355.RAF taken)
SKIPPED: /Volumes/ARCHIVE/PHOTOS/2023/2023-03-14/20230314-201650_[X-T5]-[23-03-14]-[20-16-50]__0.JPG (20230314-201650.JPG taken)
SKIPPED: /Volumes/ARCHIVE/PHOTOS/2023/2023-03-14/20230314-201650_[X-T5]-[23-03-14]-[20-16-50]__0.RAF (20230314-201650.RAF taken)
SKIPPED: /Volumes/ARCHIVE/PHOTOS/2023/2023-03-14/20230314-201704_[X-T5]-[23-03-14]-[20-17-04]__0.JPG (20230314-201704.JPG taken)
SKIPPED: /Volumes/ARCHIVE/PHOTOS/2023/2023-03-14/20230314-201704_[X-T5]-[23-03-14]-[20-17-04]__0.RAF (20230314-201704.RAF taken)
SKIPPED: /Volumes/ARCHIVE/PHOTOS/2023/2023-03-16/20230316-182430_[X-T5]-[23-03-16]-[18-24-30]__0.JPG (20230316-182430.JPG taken)
SKIPPED: /Volumes/ARCHIVE/PHOTOS/2023/2023-03-16/20230316-182430_[X-T5]-[23-03-16]-[18-24-30]__0.RAF (20230316-182430.RAF taken)
SKIPPED: /Volumes/ARCHIVE/PHOTOS/2023/2023-03-17/20230317-115448_[X-T5]-[23-03-17]-[11-54-48]__0.JPG (20230317-115448.JPG taken)
SKIPPED: /Volumes/ARCHIVE/PHOTOS/2023/2023-03-17/20230317-115448_[X-T5]-[23-03-17]-[11-54-48]__0.RAF (20230317-115448.RAF taken)
SKIPPED: /Volumes/ARCHIVE/PHOTOS/2023/2023-03-17/20230317-120326_[X-T5]-[23-03-17]-[12-03-26]__0.JPG (20230317-120326.JPG taken)
SKIPPED: /Volumes/ARCHIVE/PHOTOS/2023/2023-03-17/20230317-120326_[X-T5]-[23-03-17]-[12-03-26]__0.RAF (20230317-120326.RAF taken)
SKIPPED: /Volumes/ARCHIVE/PHOTOS/2023/2023-03-17/20230317-120337_[X-T5]-[23-03-17]-[12-03-37]__0.JPG (20230317-120337.JPG taken)
SKIPPED: /Volumes/ARCHIVE/PHOTOS/2023/2023-03-17/20230317-120337_[X-T5]-[23-03-17]-[12-03-37]__0.RAF (20230317-120337.RAF taken)
SKIPPED: /Volumes/ARCHIVE/PHOTOS/2023/2023-03-17/20230317-120437_[X-T5]-[23-03-17]-[12-04-37]__0.JPG (20230317-120437.JPG taken)
SKIPPED: /Volumes/ARCHIVE/PHOTOS/2023/2023-03-17/20230317-120437_[X-T5]-[23-03-17]-[12-04-37]__0.RAF (20230317-120437.RAF taken)
SKIPPED: /Volumes/ARCHIVE/PHOTOS/2023/2023-03-17/20230317-121038_[X-T5]-[23-03-17]-[12-10-38]__0.JPG (20230317-121038.JPG taken)
SKIPPED: /Volumes/ARCHIVE/PHOTOS/2023/2023-03-17/20230317-121038_[X-T5]-[23-03-17]-[12-10-38]__0.RAF (20230317-121038.RAF taken)
SKIPPED: /Volumes/ARCHIVE/PHOTOS/2023/2023-03-17/20230317-121043_[X-T5]-[23-03-17]-[12-10-43]__0.JPG (20230317-121043.JPG taken)
SKIPPED: /Volumes/ARCHIVE/PHOTOS/2023/2023-03-17/20230317-121043_[X-T5]-[23-03-17]-[12-10-43]__0.RAF (20230317-121043.RAF taken)
SKIPPED: /Volumes/ARCHIVE/PHOTOS/2023/2023-03-17/20230317-123157_[X-T5]-[23-03-17]-[12-31-57]__0.JPG (20230317-123157.JPG taken)
SKIPPED: /Volumes/ARCHIVE/PHOTOS/2023/2023-03-17/20230317-123157_[X-T5]-[23-03-17]-[12-31-57]__0.RAF (20230317-123157.RAF taken)
SKIPPED: /Volumes/ARCHIVE/PHOTOS/2023/2023-03-17/20230317-123216_[X-T5]-[23-03-17]-[12-32-16]__0.JPG (20230317-123216.JPG taken)
SKIPPED: /Volumes/ARCHIVE/PHOTOS/2023/2023-03-17/20230317-123216_[X-T5]-[23-03-17]-[12-32-16]__0.RAF (20230317-123216.RAF taken)
SKIPPED: /Volumes/ARCHIVE/PHOTOS/2023/2023-03-17/20230317-131036_[X-T5]-[23-03-17]-[13-10-36]__0.JPG (20230317-131036.JPG taken)
SKIPPED: /Volumes/ARCHIVE/PHOTOS/2023/2023-03-17/20230317-131036_[X-T5]-[23-03-17]-[13-10-36]__0.RAF (20230317-131036.RAF taken)
SKIPPED: /Volumes/ARCHIVE/PHOTOS/2023/2023-03-17/20230317-131153_[X-T5]-[23-03-17]-[13-11-53]__0.JPG (20230317-131153.JPG taken)
SKIPPED: /Volumes/ARCHIVE/PHOTOS/2023/2023-03-17/20230317-131153_[X-T5]-[23-03-17]-[13-11-53]__0.RAF (20230317-131153.RAF taken)
SKIPPED: /Volumes/ARCHIVE/PHOTOS/2023/2023-03-17/20230317-131444_[X-T5]-[23-03-17]-[13-14-44]__0.JPG (20230317-131444.JPG taken)
SKIPPED: /Volumes/ARCHIVE/PHOTOS/2023/2023-03-17/20230317-131444_[X-T5]-[23-03-17]-[13-14-44]__0.RAF (20230317-131444.RAF taken)
SKIPPED: /Volumes/ARCHIVE/PHOTOS/2023/2023-03-17/20230317-131504_[X-T5]-[23-03-17]-[13-15-04]__0.JPG (20230317-131504.JPG taken)
SKIPPED: /Volumes/ARCHIVE/PHOTOS/2023/2023-03-17/20230317-131504_[X-T5]-[23-03-17]-[13-15-04]__0.RAF (20230317-131504.RAF taken)
SKIPPED: /Volumes/ARCHIVE/PHOTOS/2023/2023-03-17/20230317-131726_[X-T5]-[23-03-17]-[13-17-26]__0.JPG (20230317-131726.JPG taken)
SKIPPED: /Volumes/ARCHIVE/PHOTOS/2023/2023-03-17/20230317-131726_[X-T5]-[23-03-17]-[13-17-26]__0.RAF (20230317-131726.RAF taken)
SKIPPED: /Volumes/ARCHIVE/PHOTOS/2023/2023-03-17/20230317-132117_[X-T5]-[23-03-17]-[13-21-17]__0.JPG (20230317-132117.JPG taken)
SKIPPED: /Volumes/ARCHIVE/PHOTOS/2023/2023-03-17/20230317-132117_[X-T5]-[23-03-17]-[13-21-17]__0.RAF (20230317-132117.RAF taken)
SKIPPED: /Volumes/ARCHIVE/PHOTOS/2023/2023-03-17/20230317-132152_[X-T5]-[23-03-17]-[13-21-52]__0.JPG (20230317-132152.JPG taken)
SKIPPED: /Volumes/ARCHIVE/PHOTOS/2023/2023-03-17/20230317-132152_[X-T5]-[23-03-17]-[13-21-52]__0.RAF (20230317-132152.RAF taken)
SKIPPED: /Volumes/ARCHIVE/PHOTOS/2023/2023-03-17/20230317-132156_[X-T5]-[23-03-17]-[13-21-56]__0.JPG (20230317-132156.JPG taken)
SKIPPED: /Volumes/ARCHIVE/PHOTOS/2023/2023-03-17/20230317-132156_[X-T5]-[23-03-17]-[13-21-56]__0.RAF (20230317-132156.RAF taken)
SKIPPED: /Volumes/ARCHIVE/PHOTOS/2023/2023-03-17/20230317-132213_[X-T5]-[23-03-17]-[13-22-13]__0.JPG (20230317-132213.JPG taken)
SKIPPED: /Volumes/ARCHIVE/PHOTOS/2023/2023-03-17/20230317-132213_[X-T5]-[23-03-17]-[13-22-13]__0.RAF (20230317-132213.RAF taken)
SKIPPED: /Volumes/ARCHIVE/PHOTOS/2023/2023-03-17/20230317-132216_[X-T5]-[23-03-17]-[13-22-16]__0.JPG (20230317-132216.JPG taken)
SKIPPED: /Volumes/ARCHIVE/PHOTOS/2023/2023-03-17/20230317-132216_[X-T5]-[23-03-17]-[13-22-16]__0.RAF (20230317-132216.RAF taken)
SKIPPED: /Volumes/ARCHIVE/PHOTOS/2023/2023-03-17/20230317-132806_[X-T5]-[23-03-17]-[13-28-06]__0.JPG (20230317-132806.JPG taken)
SKIPPED: /Volumes/ARCHIVE/PHOTOS/2023/2023-03-17/20230317-132806_[X-T5]-[23-03-17]-[13-28-06]__0.RAF (20230317-132806.RAF taken)
SKIPPED: /Volumes/ARCHIVE/PHOTOS/2023/2023-03-17/20230317-132849_[X-T5]-[23-03-17]-[13-28-49]__0.JPG (20230317-132849.JPG taken)
SKIPPED: /Volumes/ARCHIVE/PHOTOS/2023/2023-03-17/20230317-132849_[X-T5]-[23-03-17]-[13-28-49]__0.RAF (20230317-132849.RAF taken)
SKIPPED: /Volumes/ARCHIVE/PHOTOS/2023/2023-03-17/20230317-133247_[X-T5]-[23-03-17]-[13-32-47]__0.JPG (20230317-133247.JPG taken)
SKIPPED: /Volumes/ARCHIVE/PHOTOS/2023/2023-03-17/20230317-133247_[X-T5]-[23-03-17]-[13-32-47]__0.RAF (20230317-133247.RAF taken)
SKIPPED: /Volumes/ARCHIVE/PHOTOS/2023/2023-03-17/20230317-134114_[X-T5]-[23-03-17]-[13-41-14]__0.JPG (20230317-134114.JPG taken)
SKIPPED: /Volumes/ARCHIVE/PHOTOS/2023/2023-03-17/20230317-134114_[X-T5]-[23-03-17]-[13-41-14]__0.RAF (20230317-134114.RAF taken)
SKIPPED: /Volumes/ARCHIVE/PHOTOS/2023/2023-03-17/20230317-183916_[X-T5]-[23-03-17]-[18-39-16]__0.JPG (20230317-183916.JPG taken)
SKIPPED: /Volumes/ARCHIVE/PHOTOS/2023/2023-03-17/20230317-183916_[X-T5]-[23-03-17]-[18-39-16]__0.RAF (20230317-183916.RAF taken)
SKIPPED: /Volumes/ARCHIVE/PHOTOS/2023/2023-03-17/20230317-183920_[X-T5]-[23-03-17]-[18-39-20]__0.JPG (20230317-183920.JPG taken)
SKIPPED: /Volumes/ARCHIVE/PHOTOS/2023/2023-03-17/20230317-183920_[X-T5]-[23-03-17]-[18-39-20]__0.RAF (20230317-183920.RAF taken)
SKIPPED: /Volumes/ARCHIVE/PHOTOS/2023/2023-03-17/20230317-184227_[X-T5]-[23-03-17]-[18-42-27]__0.JPG (20230317-184227.JPG taken)
SKIPPED: /Volumes/ARCHIVE/PHOTOS/2023/2023-03-17/20230317-184227_[X-T5]-[23-03-17]-[18-42-27]__0.RAF (20230317-184227.RAF taken)
SKIPPED: /Volumes/ARCHIVE/PHOTOS/2023/2023-03-17/20230317-184731_[X-T5]-[23-03-17]-[18-47-31]__0.JPG (20230317-184731.JPG taken)
SKIPPED: /Volumes/ARCHIVE/PHOTOS/2023/2023-03-17/20230317-184731_[X-T5]-[23-03-17]-[18-47-31]__0.RAF (20230317-184731.RAF taken)
SKIPPED: /Volumes/ARCHIVE/PHOTOS/2023/2023-03-17/20230317-191005_[X-T5]-[23-03-17]-[19-10-05]__0.JPG (20230317-191005.JPG taken)
SKIPPED: /Volumes/ARCHIVE/PHOTOS/2023/2023-03-17/20230317-191005_[X-T5]-[23-03-17]-[19-10-05]__0.RAF (20230317-191005.RAF taken)
SKIPPED: /Volumes/ARCHIVE/PHOTOS/2023/2023-03-17/20230317-191010_[X-T5]-[23-03-17]-[19-10-10]__0.JPG (20230317-191010.JPG taken)
SKIPPED: /Volumes/ARCHIVE/PHOTOS/2023/2023-03-17/20230317-191010_[X-T5]-[23-03-17]-[19-10-10]__0.RAF (20230317-191010.RAF taken)
SKIPPED: /Volumes/ARCHIVE/PHOTOS/2023/2023-03-17/20230317-191014_[X-T5]-[23-03-17]-[19-10-14]__0.JPG (20230317-191014.JPG taken)
SKIPPED: /Volumes/ARCHIVE/PHOTOS/2023/2023-03-17/20230317-191014_[X-T5]-[23-03-17]-[19-10-14]__0.RAF (20230317-191014.RAF taken)
SKIPPED: /Volumes/ARCHIVE/PHOTOS/2023/2023-03-17/20230317-191032_[X-T5]-[23-03-17]-[19-10-32]__0.JPG (20230317-191032.JPG taken)
SKIPPED: /Volumes/ARCHIVE/PHOTOS/2023/2023-03-17/20230317-191032_[X-T5]-[23-03-17]-[19-10-32]__0.RAF (20230317-191032.RAF taken)
SKIPPED: /Volumes/ARCHIVE/PHOTOS/2023/2023-03-17/20230317-192209_[X-T5]-[23-03-17]-[19-22-09]__0.JPG (20230317-192209.JPG taken)
SKIPPED: /Volumes/ARCHIVE/PHOTOS/2023/2023-03-17/20230317-192209_[X-T5]-[23-03-17]-[19-22-09]__0.RAF (20230317-192209.RAF taken)
SKIPPED: /Volumes/ARCHIVE/PHOTOS/2023/2023-03-17/20230317-192213_[X-T5]-[23-03-17]-[19-22-13]__0.JPG (20230317-192213.JPG taken)
SKIPPED: /Volumes/ARCHIVE/PHOTOS/2023/2023-03-17/20230317-192213_[X-T5]-[23-03-17]-[19-22-13]__0.RAF (20230317-192213.RAF taken)
SKIPPED: /Volumes/ARCHIVE/PHOTOS/2023/2023-03-17/20230317-192224_[X-T5]-[23-03-17]-[19-22-24]__0.JPG (20230317-192224.JPG taken)
SKIPPED: /Volumes/ARCHIVE/PHOTOS/2023/2023-03-17/20230317-192224_[X-T5]-[23-03-17]-[19-22-24]__0.RAF (20230317-192224.RAF taken)
SKIPPED: /Volumes/ARCHIVE/PHOTOS/2023/2023-03-17/20230317-192230_[X-T5]-[23-03-17]-[19-22-30]__0.JPG (20230317-192230.JPG taken)
SKIPPED: /Volumes/ARCHIVE/PHOTOS/2023/2023-03-17/20230317-192230_[X-T5]-[23-03-17]-[19-22-30]__0.RAF (20230317-192230.RAF taken)
SKIPPED: /Volumes/ARCHIVE/PHOTOS/2023/2023-03-17/20230317-192249_[X-T5]-[23-03-17]-[19-22-49]__0.JPG (20230317-192249.JPG taken)
SKIPPED: /Volumes/ARCHIVE/PHOTOS/2023/2023-03-17/20230317-192249_[X-T5]-[23-03-17]-[19-22-49]__0.RAF (20230317-192249.RAF taken)
SKIPPED: /Volumes/ARCHIVE/PHOTOS/2023/2023-03-17/20230317-192259_[X-T5]-[23-03-17]-[19-22-59]__0.JPG (20230317-192259.JPG taken)
SKIPPED: /Volumes/ARCHIVE/PHOTOS/2023/2023-03-17/20230317-192259_[X-T5]-[23-03-17]-[19-22-59]__0.RAF (20230317-192259.RAF taken)
SKIPPED: /Volumes/ARCHIVE/PHOTOS/2023/2023-03-18/20230318-103753_[X100F]-[23-03-18]-[10-37-53]__0.JPG (20230318-103753.JPG taken)
SKIPPED: /Volumes/ARCHIVE/PHOTOS/2023/2023-03-18/20230318-104624_[X100F]-[23-03-18]-[10-46-24]__0.JPG (20230318-104624.JPG taken)
SKIPPED: /Volumes/ARCHIVE/PHOTOS/2023/2023-03-18/20230318-104724_[X100F]-[23-03-18]-[10-47-24]__0.JPG (20230318-104724.JPG taken)
SKIPPED: /Volumes/ARCHIVE/PHOTOS/2023/2023-03-18/20230318-110200_[X100F]-[23-03-18]-[11-02-00]__0.JPG (20230318-110200.JPG taken)
SKIPPED: /Volumes/ARCHIVE/PHOTOS/2023/2023-03-18/20230318-110312_[X100F]-[23-03-18]-[11-03-12]__0.JPG (20230318-110312.JPG taken)
SKIPPED: /Volumes/ARCHIVE/PHOTOS/2023/2023-03-18/20230318-110655_[X100F]-[23-03-18]-[11-06-55]__0.JPG (20230318-110655.JPG taken)
SKIPPED: /Volumes/ARCHIVE/PHOTOS/2023/2023-03-18/20230318-111043_[X100F]-[23-03-18]-[11-10-43]__0.JPG (20230318-111043.JPG taken)
SKIPPED: /Volumes/ARCHIVE/PHOTOS/2023/2023-03-18/20230318-111047_[X100F]-[23-03-18]-[11-10-47]__0.JPG (20230318-111047.JPG taken)
SKIPPED: /Volumes/ARCHIVE/PHOTOS/2023/2023-03-18/20230318-111049_[X100F]-[23-03-18]-[11-10-49]__0.JPG (20230318-111049.JPG taken)
SKIPPED: /Volumes/ARCHIVE/PHOTOS/2023/2023-03-18/20230318-111244_[X100F]-[23-03-18]-[11-12-44]__0.JPG (20230318-111244.JPG taken)
SKIPPED: /Volumes/ARCHIVE/PHOTOS/2023/2023-03-18/20230318-111503_[X100F]-[23-03-18]-[11-15-03]__0.JPG (20230318-111503.JPG taken)
SKIPPED: /Volumes/ARCHIVE/PHOTOS/2023/2023-03-18/20230318-111523_[X100F]-[23-03-18]-[11-15-23]__0.JPG (20230318-111523.JPG taken)
SKIPPED: /Volumes/ARCHIVE/PHOTOS/2023/2023-03-18/20230318-111534_[X100F]-[23-03-18]-[11-15-34]__0.JPG (20230318-111534.JPG taken)
SKIPPED: /Volumes/ARCHIVE/PHOTOS/2023/2023-03-18/20230318-111637_[X100F]-[23-03-18]-[11-16-37]__0.JPG (20230318-111637.JPG taken)
SKIPPED: /Volumes/ARCHIVE/PHOTOS/2023/2023-03-18/20230318-112229_[X100F]-[23-03-18]-[11-22-29]__0.JPG (20230318-112229.JPG taken)
SKIPPED: /Volumes/ARCHIVE/PHOTOS/2023/2023-03-18/20230318-112231_[X100F]-[23-03-18]-[11-22-31]__0.JPG (20230318-112231.JPG taken)
SKIPPED: /Volumes/ARCHIVE/PHOTOS/2023/2023-03-18/20230318-112235_[X100F]-[23-03-18]-[11-22-35]__0.JPG (20230318-112235.JPG taken)
SKIPPED: /Volumes/ARCHIVE/PHOTOS/2023/2023-03-18/20230318-112237_[X100F]-[23-03-18]-[11-22-37]__0.JPG (20230318-112237.JPG taken)
SKIPPED: /Volumes/ARCHIVE/PHOTOS/2023/2023-03-18/20230318-112238_[X100F]-[23-03-18]-[11-22-38]__0.JPG (20230318-112238.JPG taken)
SKIPPED: /Volumes/ARCHIVE/PHOTOS/2023/2023-03-18/20230318-112245_[X100F]-[23-03-18]-[11-22-45]__0.JPG (20230318-112245.JPG taken)
SKIPPED: /Volumes/ARCHIVE/PHOTOS/2023/2023-03-18/20230318-112247_[X100F]-[23-03-18]-[11-22-47]__0.JPG (20230318-112247.JPG taken)
SKIPPED: /Volumes/ARCHIVE/PHOTOS/2023/2023-03-18/20230318-112252_[X100F]-[23-03-18]-[11-22-52]__0.JPG (20230318-112252.JPG taken)
SKIPPED: /Volumes/ARCHIVE/PHOTOS/2023/2023-03-18/20230318-112357_[X100F]-[23-03-18]-[11-23-57]__0.JPG (20230318-112357.JPG taken)
SKIPPED: /Volumes/ARCHIVE/PHOTOS/2023/2023-03-18/20230318-112422_[X100F]-[23-03-18]-[11-24-22]__0.JPG (20230318-112422.JPG taken)
SKIPPED: /Volumes/ARCHIVE/PHOTOS/2023/2023-03-18/20230318-112712_[X100F]-[23-03-18]-[11-27-12]__0.JPG (20230318-112712.JPG taken)
SKIPPED: /Volumes/ARCHIVE/PHOTOS/2023/2023-03-18/20230318-113021_[X100F]-[23-03-18]-[11-30-21]__0.JPG (20230318-113021.JPG taken)
SKIPPED: /Volumes/ARCHIVE/PHOTOS/2023/2023-03-18/20230318-113034_[X100F]-[23-03-18]-[11-30-34]__0.JPG (20230318-113034.JPG taken)
SKIPPED: /Volumes/ARCHIVE/PHOTOS/2023/2023-03-18/20230318-113412_[X100F]-[23-03-18]-[11-34-12]__0.JPG (20230318-113412.JPG taken)
SKIPPED: /Volumes/ARCHIVE/PHOTOS/2023/2023-03-18/20230318-113858_[X100F]-[23-03-18]-[11-38-58]__0.JPG (20230318-113858.JPG taken)
SKIPPED: /Volumes/ARCHIVE/PHOTOS/2023/2023-03-18/20230318-114217_[X100F]-[23-03-18]-[11-42-17]__0.JPG (20230318-114217.JPG taken)
SKIPPED: /Volumes/ARCHIVE/PHOTOS/2023/2023-03-18/20230318-122214_[X100F]-[23-03-18]-[12-22-14]__0.JPG (20230318-122214.JPG taken)
SKIPPED: /Volumes/ARCHIVE/PHOTOS/2023/2023-03-18/20230318-122221_[X100F]-[23-03-18]-[12-22-21]__0.JPG (20230318-122221.JPG taken)
SKIPPED: /Volumes/ARCHIVE/PHOTOS/2023/2023-03-18/20230318-122245_[X100F]-[23-03-18]-[12-22-45]__0.JPG (20230318-122245.JPG taken)
SKIPPED: /Volumes/ARCHIVE/PHOTOS/2023/2023-03-18/20230318-122301_[X100F]-[23-03-18]-[12-23-01]__0.JPG (20230318-122301.JPG taken)
SKIPPED: /Volumes/ARCHIVE/PHOTOS/2023/2023-03-18/20230318-122721_[X100F]-[23-03-18]-[12-27-21]__0.JPG (20230318-122721.JPG taken)
SKIPPED: /Volumes/ARCHIVE/PHOTOS/2023/2023-03-18/20230318-122728_[X100F]-[23-03-18]-[12-27-28]__0.JPG (20230318-122728.JPG taken)
SKIPPED: /Volumes/ARCHIVE/PHOTOS/2023/2023-03-18/20230318-122814_[X100F]-[23-03-18]-[12-28-14]__0.JPG (20230318-122814.JPG taken)
SKIPPED: /Volumes/ARCHIVE/PHOTOS/2023/2023-03-18/20230318-134756_[X-T5]-[23-03-18]-[13-47-56]__0.JPG (20230318-134756.JPG taken)
SKIPPED: /Volumes/ARCHIVE/PHOTOS/2023/2023-03-18/20230318-134756_[X-T5]-[23-03-18]-[13-47-56]__0.RAF (20230318-134756.RAF taken)
SKIPPED: /Volumes/ARCHIVE/PHOTOS/2023/2023-03-18/20230318-140115_[X-T5]-[23-03-18]-[14-01-15]__0.JPG (20230318-140115.JPG taken)
SKIPPED: /Volumes/ARCHIVE/PHOTOS/2023/2023-03-18/20230318-140115_[X-T5]-[23-03-18]-[14-01-15]__0.RAF (20230318-140115.RAF taken)
SKIPPED: /Volumes/ARCHIVE/PHOTOS/2023/2023-03-18/20230318-140120_[X-T5]-[23-03-18]-[14-01-20]__0.JPG (20230318-140120.JPG taken)
SKIPPED: /Volumes/ARCHIVE/PHOTOS/2023/2023-03-18/20230318-140120_[X-T5]-[23-03-18]-[14-01-20]__0.RAF (20230318-140120.RAF taken)
SKIPPED: /Volumes/ARCHIVE/PHOTOS/2023/2023-03-18/20230318-155405_[X-T5]-[23-03-18]-[15-54-05]__0.JPG (20230318-155405.JPG taken)
SKIPPED: /Volumes/ARCHIVE/PHOTOS/2023/2023-03-18/20230318-155405_[X-T5]-[23-03-18]-[15-54-05]__0.RAF (20230318-155405.RAF taken)
SKIPPED: /Volumes/ARCHIVE/PHOTOS/2023/2023-03-19/20230319-113702_[X-T5]-[23-03-19]-[11-37-02]__0.JPG (20230319-113702.JPG taken)
SKIPPED: /Volumes/ARCHIVE/PHOTOS/2023/2023-03-19/20230319-113702_[X-T5]-[23-03-19]-[11-37-02]__0.RAF (20230319-113702.RAF taken)
SKIPPED: /Volumes/ARCHIVE/PHOTOS/2023/2023-03-19/20230319-121055_[X-T5]-[23-03-19]-[12-10-55]__0.JPG (20230319-121055.JPG taken)
SKIPPED: /Volumes/ARCHIVE/PHOTOS/2023/2023-03-19/20230319-121055_[X-T5]-[23-03-19]-[12-10-55]__0.RAF (20230319-121055.RAF taken)
SKIPPED: /Volumes/ARCHIVE/PHOTOS/2023/2023-03-19/20230319-142314_[X-T5]-[23-03-19]-[14-23-14]__0.JPG (20230319-142314.JPG taken)
SKIPPED: /Volumes/ARCHIVE/PHOTOS/2023/2023-03-19/20230319-142314_[X-T5]-[23-03-19]-[14-23-14]__0.RAF (20230319-142314.RAF taken)
SKIPPED: /Volumes/ARCHIVE/PHOTOS/2023/2023-03-19/20230319-155314_[X-T5]-[23-03-19]-[15-53-14]__0.JPG (20230319-155314.JPG taken)
SKIPPED: /Volumes/ARCHIVE/PHOTOS/2023/2023-03-19/20230319-155314_[X-T5]-[23-03-19]-[15-53-14]__0.RAF (20230319-155314.RAF taken)
SKIPPED: /Volumes/ARCHIVE/PHOTOS/2023/2023-03-19/20230319-155954_[X-T5]-[23-03-19]-[15-59-54]__0.JPG (20230319-155954.JPG taken)
SKIPPED: /Volumes/ARCHIVE/PHOTOS/2023/2023-03-19/20230319-155954_[X-T5]-[23-03-19]-[15-59-54]__0.RAF (20230319-155954.RAF taken)
SKIPPED: /Volumes/ARCHIVE/PHOTOS/2023/2023-03-19/20230319-160030_[X-T5]-[23-03-19]-[16-00-30]__0.JPG (20230319-160030.JPG taken)
SKIPPED: /Volumes/ARCHIVE/PHOTOS/2023/2023-03-19/20230319-160030_[X-T5]-[23-03-19]-[16-00-30]__0.RAF (20230319-160030.RAF taken)
SKIPPED: /Volumes/ARCHIVE/PHOTOS/2023/2023-03-19/20230319-160045_[X-T5]-[23-03-19]-[16-00-45]__0.JPG (20230319-160045.JPG taken)
SKIPPED: /Volumes/ARCHIVE/PHOTOS/2023/2023-03-19/20230319-160045_[X-T5]-[23-03-19]-[16-00-45]__0.RAF (20230319-160045.RAF taken)
SKIPPED: /Volumes/ARCHIVE/PHOTOS/2023/2023-03-19/20230319-160059_[X-T5]-[23-03-19]-[16-00-59]__0.JPG (20230319-160059.JPG taken)
SKIPPED: /Volumes/ARCHIVE/PHOTOS/2023/2023-03-19/20230319-160059_[X-T5]-[23-03-19]-[16-00-59]__0.RAF (20230319-160059.RAF taken)
SKIPPED: /Volumes/ARCHIVE/PHOTOS/2023/2023-03-19/20230319-160119_[X-T5]-[23-03-19]-[16-01-19]__0.JPG (20230319-160119.JPG taken)
SKIPPED: /Volumes/ARCHIVE/PHOTOS/2023/2023-03-19/20230319-160119_[X-T5]-[23-03-19]-[16-01-19]__0.RAF (20230319-160119.RAF taken)
SKIPPED: /Volumes/ARCHIVE/PHOTOS/2023/2023-03-19/20230319-160234_[X-T5]-[23-03-19]-[16-02-34]__0.JPG (20230319-160234.JPG taken)
SKIPPED: /Volumes/ARCHIVE/PHOTOS/2023/2023-03-19/20230319-160234_[X-T5]-[23-03-19]-[16-02-34]__0.RAF (20230319-160234.RAF taken)
SKIPPED: /Volumes/ARCHIVE/PHOTOS/2023/2023-03-19/20230319-160313_[X-T5]-[23-03-19]-[16-03-13]__0.JPG (20230319-160313.JPG taken)
SKIPPED: /Volumes/ARCHIVE/PHOTOS/2023/2023-03-19/20230319-160313_[X-T5]-[23-03-19]-[16-03-13]__0.RAF (20230319-160313.RAF taken)
SKIPPED: /Volumes/ARCHIVE/PHOTOS/2023/2023-03-19/20230319-160319_[X-T5]-[23-03-19]-[16-03-19]__0.JPG (20230319-160319.JPG taken)
SKIPPED: /Volumes/ARCHIVE/PHOTOS/2023/2023-03-19/20230319-160319_[X-T5]-[23-03-19]-[16-03-19]__0.RAF (20230319-160319.RAF taken)
SKIPPED: /Volumes/ARCHIVE/PHOTOS/2023/2023-03-19/20230319-161448_[X-T5]-[23-03-19]-[16-14-48]__0.JPG (20230319-161448.JPG taken)
SKIPPED: /Volumes/ARCHIVE/PHOTOS/2023/2023-03-19/20230319-161448_[X-T5]-[23-03-19]-[16-14-48]__0.RAF (20230319-161448.RAF taken)
SKIPPED: /Volumes/ARCHIVE/PHOTOS/2023/2023-03-19/20230319-170036_DSCF4348.JPG (20230319-170036.JPG taken)
SKIPPED: /Volumes/ARCHIVE/PHOTOS/2023/2023-03-19/20230319-170036_[X-T5]-[23-03-19]-[17-00-36]__0 1.JPG (20230319-170036.JPG taken)
SKIPPED: /Volumes/ARCHIVE/PHOTOS/2023/2023-03-19/20230319-170036_[X-T5]-[23-03-19]-[17-00-36]__0 1.RAF (20230319-170036.RAF taken)
SKIPPED: /Volumes/ARCHIVE/PHOTOS/2023/2023-03-19/20230319-194432_[X-T5]-[23-03-19]-[19-44-32]__0.JPG (20230319-194432.JPG taken)
SKIPPED: /Volumes/ARCHIVE/PHOTOS/2023/2023-03-19/20230319-194432_[X-T5]-[23-03-19]-[19-44-32]__0.RAF (20230319-194432.RAF taken)
SKIPPED: /Volumes/ARCHIVE/PHOTOS/2023/2023-03-19/20230319-194457_[X-T5]-[23-03-19]-[19-44-57]__0.JPG (20230319-194457.JPG taken)
SKIPPED: /Volumes/ARCHIVE/PHOTOS/2023/2023-03-19/20230319-194457_[X-T5]-[23-03-19]-[19-44-57]__0.RAF (20230319-194457.RAF taken)
SKIPPED: /Volumes/ARCHIVE/PHOTOS/2023/2023-03-19/20230319-214904_[X-T5]-[23-03-19]-[21-49-04]__0.JPG (20230319-214904.JPG taken)
SKIPPED: /Volumes/ARCHIVE/PHOTOS/2023/2023-03-19/20230319-214904_[X-T5]-[23-03-19]-[21-49-04]__0.RAF (20230319-214904.RAF taken)
SKIPPED: /Volumes/ARCHIVE/PHOTOS/2023/2023-03-19/20230319-214922_[X-T5]-[23-03-19]-[21-49-22]__0.JPG (20230319-214922.JPG taken)
SKIPPED: /Volumes/ARCHIVE/PHOTOS/2023/2023-03-19/20230319-214922_[X-T5]-[23-03-19]-[21-49-22]__0.RAF (20230319-214922.RAF taken)
SKIPPED: /Volumes/ARCHIVE/PHOTOS/2023/2023-03-19/20230319-214934_[X-T5]-[23-03-19]-[21-49-34]__0.JPG (20230319-214934.JPG taken)
SKIPPED: /Volumes/ARCHIVE/PHOTOS/2023/2023-03-19/20230319-214934_[X-T5]-[23-03-19]-[21-49-34]__0.RAF (20230319-214934.RAF taken)
SKIPPED: /Volumes/ARCHIVE/PHOTOS/2023/2023-06-01/20230601-180542_DSCF5704.JPG (20230601-180542.JPG taken)
SKIPPED: /Volumes/ARCHIVE/PHOTOS/2023/2023-06-01/20230601-184541_DSCF5770.JPG (20230601-184541.JPG taken)
SKIPPED: /Volumes/ARCHIVE/PHOTOS/2023/2023-07-01/20230701-104015_[X-T5]-[23-07-01]__[10-40-15]__0.JPG (20230701-104015.JPG taken)
SKIPPED: /Volumes/ARCHIVE/PHOTOS/2023/2023-07-01/20230701-104228_[X-T5]-[23-07-01]__[10-42-28]__0.JPG (20230701-104228.JPG taken)
SKIPPED: /Volumes/ARCHIVE/PHOTOS/2023/2023-07-01/20230701-132914_[X-T5]-[23-07-01]__[13-29-14]__0.JPG (20230701-132914.JPG taken)
SKIPPED: /Volumes/ARCHIVE/PHOTOS/2023/2023-07-01/20230701-133044_[X-T5]-[23-07-01]__[13-30-44]__0.JPG (20230701-133044.JPG taken)
SKIPPED: /Volumes/ARCHIVE/PHOTOS/2023/2023-07-01/20230701-191950_[X-T5]-[23-07-01]__[19-19-50]__0.JPG (20230701-191950.JPG taken)
SKIPPED: /Volumes/ARCHIVE/PHOTOS/2023/2023-07-01/20230701-192003_[X-T5]-[23-07-01]__[19-20-03]__0.JPG (20230701-192003.JPG taken)
SKIPPED: /Volumes/ARCHIVE/PHOTOS/2023/2023-07-04/20230704-124455_[X-T5]-[23-07-04]__[12-44-55]__0.JPG (20230704-124455.JPG taken)
SKIPPED: /Volumes/ARCHIVE/PHOTOS/2023/2023-07-04/20230704-174637_[X-T5]-[23-07-04]__[17-46-37]__0.JPG (20230704-174637.JPG taken)
SKIPPED: /Volumes/ARCHIVE/PHOTOS/2023/2023-07-04/20230704-174846_[X-T5]-[23-07-04]__[17-48-46]__0.JPG (20230704-174846.JPG taken)
SKIPPED: /Volumes/ARCHIVE/PHOTOS/2023/2023-07-04/20230704-181808_[X-T5]-[23-07-04]__[18-18-08]__0.JPG (20230704-181808.JPG taken)
SKIPPED: /Volumes/ARCHIVE/PHOTOS/2023/2023-07-08/20230708-190827_[X-T5]-[23-07-08]__[19-08-27]__0.JPG (20230708-190827.JPG taken)
SKIPPED: /Volumes/ARCHIVE/PHOTOS/2023/2023-07-08/20230708-190829_[X-T5]-[23-07-08]__[19-08-29]__0.JPG (20230708-190829.JPG taken)
SKIPPED: /Volumes/ARCHIVE/PHOTOS/2023/2023-07-08/20230708-190834_[X-T5]-[23-07-08]__[19-08-34]__0.JPG (20230708-190834.JPG taken)
SKIPPED: /Volumes/ARCHIVE/PHOTOS/2023/2023-07-09/20230709-124252_[X-T5]-[23-07-09]__[12-42-52]__0.JPG (20230709-124252.JPG taken)
SKIPPED: /Volumes/ARCHIVE/PHOTOS/2023/2023-07-09/20230709-191316_[X-T5]-[23-07-09]__[19-13-16]__0.JPG (20230709-191316.JPG taken)
SKIPPED: /Volumes/ARCHIVE/PHOTOS/2023/2023-07-09/20230709-191330_[X-T5]-[23-07-09]__[19-13-30]__0.JPG (20230709-191330.JPG taken)
SKIPPED: /Volumes/ARCHIVE/PHOTOS/2023/2023-07-09/20230709-191426_[X-T5]-[23-07-09]__[19-14-26]__0.JPG (20230709-191426.JPG taken)
SKIPPED: /Volumes/ARCHIVE/PHOTOS/2023/2023-07-09/20230709-191443_[X-T5]-[23-07-09]__[19-14-43]__0.JPG (20230709-191443.JPG taken)
SKIPPED: /Volumes/ARCHIVE/PHOTOS/2023/2023-07-09/20230709-191506_[X-T5]-[23-07-09]__[19-15-06]__0.JPG (20230709-191506.JPG taken)
SKIPPED: /Volumes/ARCHIVE/PHOTOS/2023/2023-07-09/20230709-191514_[X-T5]-[23-07-09]__[19-15-14]__0.JPG (20230709-191514.JPG taken)
SKIPPED: /Volumes/ARCHIVE/PHOTOS/2023/2023-07-09/20230709-191536_[X-T5]-[23-07-09]__[19-15-36]__0.JPG (20230709-191536.JPG taken)
SKIPPED: /Volumes/ARCHIVE/PHOTOS/2023/2023-07-09/20230709-214733_[X-T5]-[23-07-09]__[21-47-33]__0.JPG (20230709-214733.JPG taken)
SKIPPED: /Volumes/ARCHIVE/PHOTOS/2023/2023-07-10/20230710-190546_[X-T5]-[23-07-10]__[19-05-46]__0.JPG (20230710-190546.JPG taken)
SKIPPED: /Volumes/ARCHIVE/PHOTOS/2023/2023-07-10/20230710-190559_[X-T5]-[23-07-10]__[19-05-59]__0.JPG (20230710-190559.JPG taken)
SKIPPED: /Volumes/ARCHIVE/PHOTOS/2023/2023-07-10/20230710-190602_[X-T5]-[23-07-10]__[19-06-02]__0.JPG (20230710-190602.JPG taken)
SKIPPED: /Volumes/ARCHIVE/PHOTOS/2023/2023-07-10/20230710-191320_[X-T5]-[23-07-10]__[19-13-20]__0.JPG (20230710-191320.JPG taken)
SKIPPED: /Volumes/ARCHIVE/PHOTOS/2023/2023-07-12/20230712-175740_[X-T5]-[23-07-12]__[17-57-40]__0.JPG (20230712-175740.JPG taken)
SKIPPED: /Volumes/ARCHIVE/PHOTOS/2023/2023-07-12/20230712-182918_[X-T5]-[23-07-12]__[18-29-18]__0.JPG (20230712-182918.JPG taken)
SKIPPED: /Volumes/ARCHIVE/PHOTOS/2023/2023-07-12/20230712-193627_[X-T5]-[23-07-12]__[19-36-27]__0.JPG (20230712-193627.JPG taken)
SKIPPED: /Volumes/ARCHIVE/PHOTOS/2023/2023-07-12/20230712-194145_[X-T5]-[23-07-12]__[19-41-45]__0.JPG (20230712-194145.JPG taken)
SKIPPED: /Volumes/ARCHIVE/PHOTOS/2023/2023-07-15/20230715-192510_[X-T5]-[23-07-15]__[19-25-10]__0.JPG (20230715-192510.JPG taken)
SKIPPED: /Volumes/ARCHIVE/PHOTOS/2023/2023-07-15/20230715-192550_[X-T5]-[23-07-15]__[19-25-50]__0.JPG (20230715-192550.JPG taken)
SKIPPED: /Volumes/ARCHIVE/PHOTOS/2023/2023-07-19/20230719-122818_[X-T5]-[23-07-19]__[12-28-18]__0.JPG (20230719-122818.JPG taken)
SKIPPED: /Volumes/ARCHIVE/PHOTOS/2023/2023-07-19/20230719-123046_[X-T5]-[23-07-19]__[12-30-46]__0.JPG (20230719-123046.JPG taken)
SKIPPED: /Volumes/ARCHIVE/PHOTOS/2023/2023-07-19/20230719-123548_[X-T5]-[23-07-19]__[12-35-48]__0.JPG (20230719-123548.JPG taken)
SKIPPED: /Volumes/ARCHIVE/PHOTOS/2023/2023-07-19/20230719-123713_[X-T5]-[23-07-19]__[12-37-13]__0.JPG (20230719-123713.JPG taken)
SKIPPED: /Volumes/ARCHIVE/PHOTOS/2023/2023-07-19/20230719-130107_[X-T5]-[23-07-19]__[13-01-07]__0.JPG (20230719-130107.JPG taken)
SKIPPED: /Volumes/ARCHIVE/PHOTOS/2023/2023-07-19/20230719-132248_[X-T5]-[23-07-19]__[13-22-48]__0.JPG (20230719-132248.JPG taken)
SKIPPED: /Volumes/ARCHIVE/PHOTOS/2023/2023-07-19/20230719-135713_[X-T5]-[23-07-19]__[13-57-13]__0.JPG (20230719-135713.JPG taken)
SKIPPED: /Volumes/ARCHIVE/PHOTOS/2023/2023-07-21/20230721-123326_[X-T5]-[23-07-21]__[12-33-26]__0.JPG (20230721-123326.JPG taken)
SKIPPED: /Volumes/ARCHIVE/PHOTOS/2023/2023-07-23/20230723-102436_[X-T5]-[23-07-23]__[10-24-36]__0.JPG (20230723-102436.JPG taken)
SKIPPED: /Volumes/ARCHIVE/PHOTOS/2023/2023-07-23/20230723-102504_[X-T5]-[23-07-23]__[10-25-04]__0.JPG (20230723-102504.JPG taken)
SKIPPED: /Volumes/ARCHIVE/PHOTOS/2023/2023-07-23/20230723-102702_[X-T5]-[23-07-23]__[10-27-02]__0.JPG (20230723-102702.JPG taken)
SKIPPED: /Volumes/ARCHIVE/PHOTOS/2023/2023-07-23/20230723-102724_[X-T5]-[23-07-23]__[10-27-24]__0.JPG (20230723-102724.JPG taken)
SKIPPED: /Volumes/ARCHIVE/PHOTOS/2023/2023-07-23/20230723-103159_[X-T5]-[23-07-23]__[10-31-59]__0.JPG (20230723-103159.JPG taken)
SKIPPED: /Volumes/ARCHIVE/PHOTOS/2023/2023-07-23/20230723-103211_[X-T5]-[23-07-23]__[10-32-11]__0.JPG (20230723-103211.JPG taken)
SKIPPED: /Volumes/ARCHIVE/PHOTOS/2023/2023-07-24/20230724-190857_[X-T5]-[23-07-24]__[19-08-57]__0.JPG (20230724-190857.JPG taken)
SKIPPED: /Volumes/ARCHIVE/PHOTOS/2023/2023-07-24/20230724-191222_[X-T5]-[23-07-24]__[19-12-22]__0.JPG (20230724-191222.JPG taken)
SKIPPED: /Volumes/ARCHIVE/PHOTOS/2023/2023-07-25/20230725-165633_[X-T5]-[23-07-25]__[16-56-33]__0.JPG (20230725-165633.JPG taken)
SKIPPED: /Volumes/ARCHIVE/PHOTOS/2023/2023-07-25/20230725-165700_[X-T5]-[23-07-25]__[16-57-00]__0.JPG (20230725-165700.JPG taken)
SKIPPED: /Volumes/ARCHIVE/PHOTOS/2023/2023-07-29/20230729-130543_[X-T5]-[23-07-29]__[13-05-43]__0.JPG (20230729-130543.JPG taken)
SKIPPED: /Volumes/ARCHIVE/PHOTOS/2023/2023-07-29/20230729-132207_[X-T5]-[23-07-29]__[13-22-07]__0.JPG (20230729-132207.JPG taken)
SKIPPED: /Volumes/ARCHIVE/PHOTOS/2023/2023-07-29/20230729-132329_[X-T5]-[23-07-29]__[13-23-29]__0.JPG (20230729-132329.JPG taken)
SKIPPED: /Volumes/ARCHIVE/PHOTOS/2023/2023-07-29/20230729-132457_[X-T5]-[23-07-29]__[13-24-57]__0.JPG (20230729-132457.JPG taken)
SKIPPED: /Volumes/ARCHIVE/PHOTOS/2023/2023-07-29/20230729-134421_[X-T5]-[23-07-29]__[13-44-21]__0.JPG (20230729-134421.JPG taken)
SKIPPED: /Volumes/ARCHIVE/PHOTOS/2023/2023-07-29/20230729-134516_[X-T5]-[23-07-29]__[13-45-16]__0.JPG (20230729-134516.JPG taken)
SKIPPED: /Volumes/ARCHIVE/PHOTOS/2023/2023-07-29/20230729-134542_[X-T5]-[23-07-29]__[13-45-42]__0.JPG (20230729-134542.JPG taken)
SKIPPED: /Volumes/ARCHIVE/PHOTOS/2023/2023-07-29/20230729-134705_[X-T5]-[23-07-29]__[13-47-05]__0.JPG (20230729-134705.JPG taken)
SKIPPED: /Volumes/ARCHIVE/PHOTOS/2023/2023-07-29/20230729-134742_[X-T5]-[23-07-29]__[13-47-42]__0.JPG (20230729-134742.JPG taken)
SKIPPED: /Volumes/ARCHIVE/PHOTOS/2023/2023-07-29/20230729-134827_[X-T5]-[23-07-29]__[13-48-27]__0.JPG (20230729-134827.JPG taken)
SKIPPED: /Volumes/ARCHIVE/PHOTOS/2023/2023-07-29/20230729-134927_[X-T5]-[23-07-29]__[13-49-27]__0.JPG (20230729-134927.JPG taken)
SKIPPED: /Volumes/ARCHIVE/PHOTOS/2023/2023-07-29/20230729-153640_[X-T5]-[23-07-29]__[15-36-40]__0.JPG (20230729-153640.JPG taken)
SKIPPED: /Volumes/ARCHIVE/PHOTOS/2023/2023-07-29/20230729-154645_[X-T5]-[23-07-29]__[15-46-45]__0.JPG (20230729-154645.JPG taken)
SKIPPED: /Volumes/ARCHIVE/PHOTOS/2023/2023-07-29/20230729-161203_[X-T5]-[23-07-29]__[16-12-03]__0.JPG (20230729-161203.JPG taken)
SKIPPED: /Volumes/ARCHIVE/PHOTOS/2023/2023-07-30/20230730-114322_[X-T5]-[23-07-30]__[11-43-22]__0.JPG (20230730-114322.JPG taken)
SKIPPED: /Volumes/ARCHIVE/PHOTOS/2023/2023-07-30/20230730-114745_[X-T5]-[23-07-30]__[11-47-45]__0.JPG (20230730-114745.JPG taken)
SKIPPED: /Volumes/ARCHIVE/PHOTOS/2023/2023-07-30/20230730-114807_[X-T5]-[23-07-30]__[11-48-07]__0.JPG (20230730-114807.JPG taken)
SKIPPED: /Volumes/ARCHIVE/PHOTOS/2023/2023-07-30/20230730-115205_[X-T5]-[23-07-30]__[11-52-05]__0.JPG (20230730-115205.JPG taken)
SKIPPED: /Volumes/ARCHIVE/PHOTOS/2023/2023-07-30/20230730-115211_[X-T5]-[23-07-30]__[11-52-11]__0.JPG (20230730-115211.JPG taken)
SKIPPED: /Volumes/ARCHIVE/PHOTOS/2023/2023-07-30/20230730-121008_[X-T5]-[23-07-30]__[12-10-08]__0.JPG (20230730-121008.JPG taken)
SKIPPED: /Volumes/ARCHIVE/PHOTOS/2023/2023-07-30/20230730-121024_[X-T5]-[23-07-30]__[12-10-24]__0.JPG (20230730-121024.JPG taken)
SKIPPED: /Volumes/ARCHIVE/PHOTOS/2023/2023-07-30/20230730-121047_[X-T5]-[23-07-30]__[12-10-47]__0.JPG (20230730-121047.JPG taken)
SKIPPED: /Volumes/ARCHIVE/PHOTOS/2023/2023-07-30/20230730-121122_[X-T5]-[23-07-30]__[12-11-22]__0.JPG (20230730-121122.JPG taken)
SKIPPED: /Volumes/ARCHIVE/PHOTOS/2023/2023-07-30/20230730-121145_[X-T5]-[23-07-30]__[12-11-45]__0.JPG (20230730-121145.JPG taken)
SKIPPED: /Volumes/ARCHIVE/PHOTOS/2023/2023-07-30/20230730-121551_[X-T5]-[23-07-30]__[12-15-51]__0.JPG (20230730-121551.JPG taken)
SKIPPED: /Volumes/ARCHIVE/PHOTOS/2023/2023-07-30/20230730-160225_[X-T5]-[23-07-30]__[16-02-25]__0.JPG (20230730-160225.JPG taken)
SKIPPED: /Volumes/ARCHIVE/PHOTOS/2023/2023-07-30/20230730-160253_[X-T5]-[23-07-30]__[16-02-53]__0.JPG (20230730-160253.JPG taken)
SKIPPED: /Volumes/ARCHIVE/PHOTOS/2023/2023-07-31/20230731-100910_[X-T5]-[23-07-31]__[10-09-10]__0.JPG (20230731-100910.JPG taken)
SKIPPED: /Volumes/ARCHIVE/PHOTOS/2023/2023-07-31/20230731-193731_[X-T5]-[23-07-31]__[19-37-31]__0.JPG (20230731-193731.JPG taken)
SKIPPED: /Volumes/ARCHIVE/PHOTOS/2023/2023-07-31/20230731-194251_[X-T5]-[23-07-31]__[19-42-51]__0.JPG (20230731-194251.JPG taken)
SKIPPED: /Volumes/ARCHIVE/PHOTOS/2023/2023-07-31/20230731-194317_[X-T5]-[23-07-31]__[19-43-17]__0.JPG (20230731-194317.JPG taken)
SKIPPED: /Volumes/ARCHIVE/PHOTOS/2023/2023-07-31/20230731-203536_[X-T5]-[23-07-31]__[20-35-36]__0.JPG (20230731-203536.JPG taken)
SKIPPED: /Volumes/ARCHIVE/PHOTOS/2023/2023-08-01/20230801-115210_[X-T5]-[23-08-01]__[11-52-10]__0.JPG (20230801-115210.JPG taken)
SKIPPED: /Volumes/ARCHIVE/PHOTOS/2023/2023-08-01/20230801-115247_[X-T5]-[23-08-01]__[11-52-47]__0.JPG (20230801-115247.JPG taken)
SKIPPED: /Volumes/ARCHIVE/PHOTOS/2023/2023-08-01/20230801-124313_[X-T5]-[23-08-01]__[12-43-13]__0.JPG (20230801-124313.JPG taken)
SKIPPED: /Volumes/ARCHIVE/PHOTOS/2023/2023-08-01/20230801-124437_[X-T5]-[23-08-01]__[12-44-37]__0.JPG (20230801-124437.JPG taken)
SKIPPED: /Volumes/ARCHIVE/PHOTOS/2023/2023-08-01/20230801-124500_[X-T5]-[23-08-01]__[12-45-00]__0.JPG (20230801-124500.JPG taken)
SKIPPED: /Volumes/ARCHIVE/PHOTOS/2023/2023-08-01/20230801-124530_[X-T5]-[23-08-01]__[12-45-30]__0.JPG (20230801-124530.JPG taken)
SKIPPED: /Volumes/ARCHIVE/PHOTOS/2023/2023-08-01/20230801-124654_[X-T5]-[23-08-01]__[12-46-54]__0.JPG (20230801-124654.JPG taken)
SKIPPED: /Volumes/ARCHIVE/PHOTOS/2023/2023-08-01/20230801-124701_[X-T5]-[23-08-01]__[12-47-01]__0.JPG (20230801-124701.JPG taken)
SKIPPED: /Volumes/ARCHIVE/PHOTOS/2023/2023-08-01/20230801-124738_[X-T5]-[23-08-01]__[12-47-38]__0.JPG (20230801-124738.JPG taken)
SKIPPED: /Volumes/ARCHIVE/PHOTOS/2023/2023-08-01/20230801-124925_[X-T5]-[23-08-01]__[12-49-25]__0.JPG (20230801-124925.JPG taken)
SKIPPED: /Volumes/ARCHIVE/PHOTOS/2023/2023-08-01/20230801-125054_[X-T5]-[23-08-01]__[12-50-54]__0.JPG (20230801-125054.JPG taken)
SKIPPED: /Volumes/ARCHIVE/PHOTOS/2023/2023-08-01/20230801-125420_[X-T5]-[23-08-01]__[12-54-20]__0.JPG (20230801-125420.JPG taken)
SKIPPED: /Volumes/ARCHIVE/PHOTOS/2023/2023-08-01/20230801-125432_[X-T5]-[23-08-01]__[12-54-32]__0.JPG (20230801-125432.JPG taken)
SKIPPED: /Volumes/ARCHIVE/PHOTOS/2023/2023-08-01/20230801-171536_[X-T5]-[23-08-01]__[17-15-36]__0.JPG (20230801-171536.JPG taken)
SKIPPED: /Volumes/ARCHIVE/PHOTOS/2023/2023-08-01/20230801-171539_[X-T5]-[23-08-01]__[17-15-39]__0.JPG (20230801-171539.JPG taken)
SKIPPED: /Volumes/ARCHIVE/PHOTOS/2023/2023-08-01/20230801-171608_[X-T5]-[23-08-01]__[17-16-08]__0.JPG (20230801-171608.JPG taken)
SKIPPED: /Volumes/ARCHIVE/PHOTOS/2023/2023-08-01/20230801-171622_[X-T5]-[23-08-01]__[17-16-22]__0.JPG (20230801-171622.JPG taken)
SKIPPED: /Volumes/ARCHIVE/PHOTOS/2023/2023-08-01/20230801-171644_[X-T5]-[23-08-01]__[17-16-44]__0.JPG (20230801-171644.JPG taken)
SKIPPED: /Volumes/ARCHIVE/PHOTOS/2023/2023-08-01/20230801-171746_[X-T5]-[23-08-01]__[17-17-46]__0.JPG (20230801-171746.JPG taken)
SKIPPED: /Volumes/ARCHIVE/PHOTOS/2023/2023-08-01/20230801-184158_[X-T5]-[23-08-01]__[18-41-58]__0.JPG (20230801-184158.JPG taken)
SKIPPED: /Volumes/ARCHIVE/PHOTOS/2023/2023-08-02/20230802-125154_[X-T5]-[23-08-02]__[12-51-54]__0.JPG (20230802-125154.JPG taken)
SKIPPED: /Volumes/ARCHIVE/PHOTOS/2023/2023-08-02/20230802-125611_[X-T5]-[23-08-02]__[12-56-11]__0.JPG (20230802-125611.JPG taken)
SKIPPED: /Volumes/ARCHIVE/PHOTOS/2023/2023-08-02/20230802-130932_[X-T5]-[23-08-02]__[13-09-32]__0.JPG (20230802-130932.JPG taken)
SKIPPED: /Volumes/ARCHIVE/PHOTOS/2023/2023-08-02/20230802-131006_[X-T5]-[23-08-02]__[13-10-06]__0.JPG (20230802-131006.JPG taken)
SKIPPED: /Volumes/ARCHIVE/PHOTOS/2023/2023-08-02/20230802-131201_[X-T5]-[23-08-02]__[13-12-01]__0.JPG (20230802-131201.JPG taken)
SKIPPED: /Volumes/ARCHIVE/PHOTOS/2023/2023-08-02/20230802-132630_[X-T5]-[23-08-02]__[13-26-30]__0.JPG (20230802-132630.JPG taken)
SKIPPED: /Volumes/ARCHIVE/PHOTOS/2023/2023-08-02/20230802-132639_[X-T5]-[23-08-02]__[13-26-39]__0.JPG (20230802-132639.JPG taken)
SKIPPED: /Volumes/ARCHIVE/PHOTOS/2023/2023-08-02/20230802-135741_[X-T5]-[23-08-02]__[13-57-41]__0.JPG (20230802-135741.JPG taken)
SKIPPED: /Volumes/ARCHIVE/PHOTOS/2023/2023-08-02/20230802-135752_[X-T5]-[23-08-02]__[13-57-52]__0.JPG (20230802-135752.JPG taken)
SKIPPED: /Volumes/ARCHIVE/PHOTOS/2023/2023-08-02/20230802-135831_[X-T5]-[23-08-02]__[13-58-31]__0.JPG (20230802-135831.JPG taken)
SKIPPED: /Volumes/ARCHIVE/PHOTOS/2023/2023-08-02/20230802-140126_[X-T5]-[23-08-02]__[14-01-26]__0.JPG (20230802-140126.JPG taken)
SKIPPED: /Volumes/ARCHIVE/PHOTOS/2023/2023-08-02/20230802-140742_[X-T5]-[23-08-02]__[14-07-42]__0.JPG (20230802-140742.JPG taken)
SKIPPED: /Volumes/ARCHIVE/PHOTOS/2023/2023-08-02/20230802-140748_[X-T5]-[23-08-02]__[14-07-48]__0.JPG (20230802-140748.JPG taken)
SKIPPED: /Volumes/ARCHIVE/PHOTOS/2023/2023-08-02/20230802-140835_[X-T5]-[23-08-02]__[14-08-35]__0.JPG (20230802-140835.JPG taken)
SKIPPED: /Volumes/ARCHIVE/PHOTOS/2023/2023-08-02/20230802-140849_[X-T5]-[23-08-02]__[14-08-49]__0.JPG (20230802-140849.JPG taken)
SKIPPED: /Volumes/ARCHIVE/PHOTOS/2023/2023-08-02/20230802-140854_[X-T5]-[23-08-02]__[14-08-54]__0.JPG (20230802-140854.JPG taken)
SKIPPED: /Volumes/ARCHIVE/PHOTOS/2023/2023-08-02/20230802-141449_[X-T5]-[23-08-02]__[14-14-49]__0.JPG (20230802-141449.JPG taken)
SKIPPED: /Volumes/ARCHIVE/PHOTOS/2023/2023-08-02/20230802-141553_[X-T5]-[23-08-02]__[14-15-53]__0.JPG (20230802-141553.JPG taken)
SKIPPED: /Volumes/ARCHIVE/PHOTOS/2023/2023-08-02/20230802-141732_[X-T5]-[23-08-02]__[14-17-32]__0.JPG (20230802-141732.JPG taken)
SKIPPED: /Volumes/ARCHIVE/PHOTOS/2023/2023-08-02/20230802-141755_[X-T5]-[23-08-02]__[14-17-55]__0.JPG (20230802-141755.JPG taken)
SKIPPED: /Volumes/ARCHIVE/PHOTOS/2023/2023-08-02/20230802-141844_[X-T5]-[23-08-02]__[14-18-44]__0.JPG (20230802-141844.JPG taken)
SKIPPED: /Volumes/ARCHIVE/PHOTOS/2023/2023-08-02/20230802-182534_[X-T5]-[23-08-02]__[18-25-34]__0.JPG (20230802-182534.JPG taken)
SKIPPED: /Volumes/ARCHIVE/PHOTOS/2023/2023-08-02/20230802-183518_[X-T5]-[23-08-02]__[18-35-18]__0.JPG (20230802-183518.JPG taken)
SKIPPED: /Volumes/ARCHIVE/PHOTOS/2023/2023-08-02/20230802-183533_[X-T5]-[23-08-02]__[18-35-33]__0.JPG (20230802-183533.JPG taken)
SKIPPED: /Volumes/ARCHIVE/PHOTOS/2023/2023-08-04/20230804-101804_[X-T5]-[23-08-04]__[10-18-04]__0.JPG (20230804-101804.JPG taken)
SKIPPED: /Volumes/ARCHIVE/PHOTOS/2023/2023-08-04/20230804-134748_[X-T5]-[23-08-04]__[13-47-48]__0.JPG (20230804-134748.JPG taken)
SKIPPED: /Volumes/ARCHIVE/PHOTOS/2023/2023-08-05/20230805-131228_[X-T5]-[23-08-05]__[13-12-28]__0.JPG (20230805-131228.JPG taken)
SKIPPED: /Volumes/ARCHIVE/PHOTOS/2023/2023-08-05/20230805-184219_[X-T5]-[23-08-05]__[18-42-19]__0.JPG (20230805-184219.JPG taken)
SKIPPED: /Volumes/ARCHIVE/PHOTOS/2023/2023-08-05/20230805-185220_[X-T5]-[23-08-05]__[18-52-20]__0.JPG (20230805-185220.JPG taken)
SKIPPED: /Volumes/ARCHIVE/PHOTOS/2023/2023-08-05/20230805-185543_[X-T5]-[23-08-05]__[18-55-43]__0.JPG (20230805-185543.JPG taken)
SKIPPED: /Volumes/ARCHIVE/PHOTOS/2023/2023-08-06/20230806-184643_[X-T5]-[23-08-06]__[18-46-43]__0.JPG (20230806-184643.JPG taken)
SKIPPED: /Volumes/ARCHIVE/PHOTOS/2023/2023-08-06/20230806-184814_[X-T5]-[23-08-06]__[18-48-14]__0.JPG (20230806-184814.JPG taken)
SKIPPED: /Volumes/ARCHIVE/PHOTOS/2023/2023-08-06/20230806-184843_[X-T5]-[23-08-06]__[18-48-43]__0.JPG (20230806-184843.JPG taken)
SKIPPED: /Volumes/ARCHIVE/PHOTOS/2023/2023-08-06/20230806-185707_[X-T5]-[23-08-06]__[18-57-07]__0.JPG (20230806-185707.JPG taken)
SKIPPED: /Volumes/ARCHIVE/PHOTOS/2023/2023-08-06/20230806-185736_[X-T5]-[23-08-06]__[18-57-36]__0.JPG (20230806-185736.JPG taken)
SKIPPED: /Volumes/ARCHIVE/PHOTOS/2023/2023-08-06/20230806-185755_[X-T5]-[23-08-06]__[18-57-55]__0.JPG (20230806-185755.JPG taken)
SKIPPED: /Volumes/ARCHIVE/PHOTOS/2023/2023-08-06/20230806-190046_[X-T5]-[23-08-06]__[19-00-46]__0.JPG (20230806-190046.JPG taken)
SKIPPED: /Volumes/ARCHIVE/PHOTOS/2023/2023-08-06/20230806-190306_[X-T5]-[23-08-06]__[19-03-06]__0.JPG (20230806-190306.JPG taken)
SKIPPED: /Volumes/ARCHIVE/PHOTOS/2023/2023-08-06/20230806-191039_[X-T5]-[23-08-06]__[19-10-39]__0.JPG (20230806-191039.JPG taken)
SKIPPED: /Volumes/ARCHIVE/PHOTOS/2023/2023-08-06/20230806-191050_[X-T5]-[23-08-06]__[19-10-50]__0.JPG (20230806-191050.JPG taken)
SKIPPED: /Volumes/ARCHIVE/PHOTOS/2023/2023-08-07/20230807-175206_[X-T5]-[23-08-07]__[17-52-06]__0.JPG (20230807-175206.JPG taken)
SKIPPED: /Volumes/ARCHIVE/PHOTOS/2023/2023-08-07/20230807-180424_[X-T5]-[23-08-07]__[18-04-24]__0.JPG (20230807-180424.JPG taken)
SKIPPED: /Volumes/ARCHIVE/PHOTOS/2023/2023-08-07/20230807-181025_[X-T5]-[23-08-07]__[18-10-25]__0.JPG (20230807-181025.JPG taken)
SKIPPED: /Volumes/ARCHIVE/PHOTOS/2023/2023-08-08/20230808-113523_[X-T5]-[23-08-08]__[11-35-23]__0.JPG (20230808-113523.JPG taken)
SKIPPED: /Volumes/ARCHIVE/PHOTOS/2023/2023-08-08/20230808-113542_[X-T5]-[23-08-08]__[11-35-42]__0.JPG (20230808-113542.JPG taken)
SKIPPED: /Volumes/ARCHIVE/PHOTOS/2023/2023-08-08/20230808-120407_[X-T5]-[23-08-08]__[12-04-07]__0.JPG (20230808-120407.JPG taken)
SKIPPED: /Volumes/ARCHIVE/PHOTOS/2023/2023-08-08/20230808-123908_[X-T5]-[23-08-08]__[12-39-08]__0.JPG (20230808-123908.JPG taken)
SKIPPED: /Volumes/ARCHIVE/PHOTOS/2023/2023-08-08/20230808-124152_[X-T5]-[23-08-08]__[12-41-52]__0.JPG (20230808-124152.JPG taken)
SKIPPED: /Volumes/ARCHIVE/PHOTOS/2023/2023-08-08/20230808-124305_[X-T5]-[23-08-08]__[12-43-05]__0.JPG (20230808-124305.JPG taken)
SKIPPED: /Volumes/ARCHIVE/PHOTOS/2023/2023-08-08/20230808-124421_[X-T5]-[23-08-08]__[12-44-21]__0.JPG (20230808-124421.JPG taken)
SKIPPED: /Volumes/ARCHIVE/PHOTOS/2023/2023-08-08/20230808-173342_[X-T5]-[23-08-08]__[17-33-42]__0.JPG (20230808-173342.JPG taken)
SKIPPED: /Volumes/ARCHIVE/PHOTOS/2023/2023-08-08/20230808-173430_[X-T5]-[23-08-08]__[17-34-30]__0.JPG (20230808-173430.JPG taken)
SKIPPED: /Volumes/ARCHIVE/PHOTOS/2023/2023-08-08/20230808-175143_[X-T5]-[23-08-08]__[17-51-43]__0.JPG (20230808-175143.JPG taken)
SKIPPED: /Volumes/ARCHIVE/PHOTOS/2023/2023-08-08/20230808-175346_[X-T5]-[23-08-08]__[17-53-46]__0.JPG (20230808-175346.JPG taken)
SKIPPED: /Volumes/ARCHIVE/PHOTOS/2023/2023-08-09/20230809-173945_[X-T5]-[23-08-09]__[17-39-45]__0.JPG (20230809-173945.JPG taken)
SKIPPED: /Volumes/ARCHIVE/PHOTOS/2023/2023-08-09/20230809-174211_[X-T5]-[23-08-09]__[17-42-11]__0.JPG (20230809-174211.JPG taken)
SKIPPED: /Volumes/ARCHIVE/PHOTOS/2023/2023-08-09/20230809-190558_[X-T5]-[23-08-09]__[19-05-58]__0.JPG (20230809-190558.JPG taken)
SKIPPED: /Volumes/ARCHIVE/PHOTOS/2023/2023-08-09/20230809-190600_[X-T5]-[23-08-09]__[19-06-00]__0.JPG (20230809-190600.JPG taken)
SKIPPED: /Volumes/ARCHIVE/PHOTOS/2023/2023-08-09/20230809-190601_[X-T5]-[23-08-09]__[19-06-01]__0.JPG (20230809-190601.JPG taken)
SKIPPED: /Volumes/ARCHIVE/PHOTOS/2023/2023-08-09/20230809-190604_[X-T5]-[23-08-09]__[19-06-04]__0.JPG (20230809-190604.JPG taken)
SKIPPED: /Volumes/ARCHIVE/PHOTOS/2023/2023-08-09/20230809-190613_[X-T5]-[23-08-09]__[19-06-13]__0.JPG (20230809-190613.JPG taken)
SKIPPED: /Volumes/ARCHIVE/PHOTOS/2023/2023-08-09/20230809-190633_[X-T5]-[23-08-09]__[19-06-33]__0.JPG (20230809-190633.JPG taken)
SKIPPED: /Volumes/ARCHIVE/PHOTOS/2023/2023-08-09/20230809-190703_[X-T5]-[23-08-09]__[19-07-03]__0.JPG (20230809-190703.JPG taken)
SKIPPED: /Volumes/ARCHIVE/PHOTOS/2023/2023-08-10/20230810-181801_[X-T5]-[23-08-10]__[18-18-01]__0.JPG (20230810-181801.JPG taken)
SKIPPED: /Volumes/ARCHIVE/PHOTOS/2023/2023-08-10/20230810-202256_[X-T5]-[23-08-10]__[20-22-56]__0.JPG (20230810-202256.JPG taken)
SKIPPED: /Volumes/ARCHIVE/PHOTOS/2023/2023-08-10/20230810-203421_[X-T5]-[23-08-10]__[20-34-21]__0.JPG (20230810-203421.JPG taken)
SKIPPED: /Volumes/ARCHIVE/PHOTOS/2023/2023-08-11/20230811-071402_[X-T5]-[23-08-11]__[07-14-02]__0.JPG (20230811-071402.JPG taken)
SKIPPED: /Volumes/ARCHIVE/PHOTOS/2023/2023-08-12/20230812-165227_[X-T5]-[23-08-12]__[16-52-27]__0.JPG (20230812-165227.JPG taken)
SKIPPED: /Volumes/ARCHIVE/PHOTOS/2023/2023-08-12/20230812-165325_[X-T5]-[23-08-12]__[16-53-25]__0.JPG (20230812-165325.JPG taken)
SKIPPED: /Volumes/ARCHIVE/PHOTOS/2023/2023-08-15/20230815-100929_[X-T5]-[23-08-15]__[10-09-29]__0.JPG (20230815-100929.JPG taken)
SKIPPED: /Volumes/ARCHIVE/PHOTOS/2023/2023-08-15/20230815-101031_[X-T5]-[23-08-15]__[10-10-31]__0.JPG (20230815-101031.JPG taken)
SKIPPED: /Volumes/ARCHIVE/PHOTOS/2023/2023-08-15/20230815-101053_[X-T5]-[23-08-15]__[10-10-53]__0.JPG (20230815-101053.JPG taken)
SKIPPED: /Volumes/ARCHIVE/PHOTOS/2023/2023-08-15/20230815-115222_[X-T5]-[23-08-15]__[11-52-22]__0.JPG (20230815-115222.JPG taken)
SKIPPED: /Volumes/ARCHIVE/PHOTOS/2023/2023-08-15/20230815-115235_[X-T5]-[23-08-15]__[11-52-35]__0.JPG (20230815-115235.JPG taken)
SKIPPED: /Volumes/ARCHIVE/PHOTOS/2023/2023-08-15/20230815-165956_[X-T5]-[23-08-15]__[16-59-56]__0.JPG (20230815-165956.JPG taken)
SKIPPED: /Volumes/ARCHIVE/PHOTOS/2023/2023-08-16/20230816-165445_[X-T5]-[23-08-16]__[16-54-45]__0.JPG (20230816-165445.JPG taken)
SKIPPED: /Volumes/ARCHIVE/PHOTOS/2023/2023-08-16/20230816-171510_[X-T5]-[23-08-16]__[17-15-10]__0.JPG (20230816-171510.JPG taken)
SKIPPED: /Volumes/ARCHIVE/PHOTOS/2023/2023-08-16/20230816-171523_[X-T5]-[23-08-16]__[17-15-23]__0.JPG (20230816-171523.JPG taken)
SKIPPED: /Volumes/ARCHIVE/PHOTOS/2023/2023-08-16/20230816-171537_[X-T5]-[23-08-16]__[17-15-37]__0.JPG (20230816-171537.JPG taken)
SKIPPED: /Volumes/ARCHIVE/PHOTOS/2023/2023-08-16/20230816-171540_[X-T5]-[23-08-16]__[17-15-40]__0.JPG (20230816-171540.JPG taken)
SKIPPED: /Volumes/ARCHIVE/PHOTOS/2023/2023-08-16/20230816-180151_[X-T5]-[23-08-16]__[18-01-51]__0.JPG (20230816-180151.JPG taken)
SKIPPED: /Volumes/ARCHIVE/PHOTOS/2023/2023-08-17/20230817-105710_[X-T5]-[23-08-17]__[10-57-10]__0.JPG (20230817-105710.JPG taken)
SKIPPED: /Volumes/ARCHIVE/PHOTOS/2023/2023-08-17/20230817-105720_[X-T5]-[23-08-17]__[10-57-20]__0.JPG (20230817-105720.JPG taken)
SKIPPED: /Volumes/ARCHIVE/PHOTOS/2023/2023-08-17/20230817-105938_[X-T5]-[23-08-17]__[10-59-38]__0.JPG (20230817-105938.JPG taken)
SKIPPED: /Volumes/ARCHIVE/PHOTOS/2023/2023-08-17/20230817-110304_[X-T5]-[23-08-17]__[11-03-04]__0.JPG (20230817-110304.JPG taken)
SKIPPED: /Volumes/ARCHIVE/PHOTOS/2023/2023-08-17/20230817-110315_[X-T5]-[23-08-17]__[11-03-15]__0.JPG (20230817-110315.JPG taken)
SKIPPED: /Volumes/ARCHIVE/PHOTOS/2023/2023-08-17/20230817-110330_[X-T5]-[23-08-17]__[11-03-30]__0.JPG (20230817-110330.JPG taken)
SKIPPED: /Volumes/ARCHIVE/PHOTOS/2023/2023-08-17/20230817-110345_[X-T5]-[23-08-17]__[11-03-45]__0.JPG (20230817-110345.JPG taken)
SKIPPED: /Volumes/ARCHIVE/PHOTOS/2023/2023-08-17/20230817-110814_[X-T5]-[23-08-17]__[11-08-14]__0.JPG (20230817-110814.JPG taken)
SKIPPED: /Volumes/ARCHIVE/PHOTOS/2023/2023-08-17/20230817-110959_[X-T5]-[23-08-17]__[11-09-59]__0.JPG (20230817-110959.JPG taken)
SKIPPED: /Volumes/ARCHIVE/PHOTOS/2023/2023-08-17/20230817-111125_[X-T5]-[23-08-17]__[11-11-25]__0.JPG (20230817-111125.JPG taken)
SKIPPED: /Volumes/ARCHIVE/PHOTOS/2023/2023-08-17/20230817-111327_[X-T5]-[23-08-17]__[11-13-27]__0.JPG (20230817-111327.JPG taken)
SKIPPED: /Volumes/ARCHIVE/PHOTOS/2023/2023-08-17/20230817-111350_[X-T5]-[23-08-17]__[11-13-50]__0.JPG (20230817-111350.JPG taken)
SKIPPED: /Volumes/ARCHIVE/PHOTOS/2023/2023-08-17/20230817-111452_[X-T5]-[23-08-17]__[11-14-52]__0.JPG (20230817-111452.JPG taken)
SKIPPED: /Volumes/ARCHIVE/PHOTOS/2023/2023-08-17/20230817-141437_[X-T5]-[23-08-17]__[14-14-37]__0.JPG (20230817-141437.JPG taken)
SKIPPED: /Volumes/ARCHIVE/PHOTOS/2023/2023-08-17/20230817-141440_[X-T5]-[23-08-17]__[14-14-40]__0.JPG (20230817-141440.JPG taken)
SKIPPED: /Volumes/ARCHIVE/PHOTOS/2023/2023-08-17/20230817-141502_[X-T5]-[23-08-17]__[14-15-02]__0.JPG (20230817-141502.JPG taken)
SKIPPED: /Volumes/ARCHIVE/PHOTOS/2023/2023-08-17/20230817-141511_[X-T5]-[23-08-17]__[14-15-11]__0.JPG (20230817-141511.JPG taken)
SKIPPED: /Volumes/ARCHIVE/PHOTOS/2023/2023-08-17/20230817-141513_[X-T5]-[23-08-17]__[14-15-13]__0.JPG (20230817-141513.JPG taken)
SKIPPED: /Volumes/ARCHIVE/PHOTOS/2023/2023-08-17/20230817-141530_[X-T5]-[23-08-17]__[14-15-30]__0.JPG (20230817-141530.JPG taken)
SKIPPED: /Volumes/ARCHIVE/PHOTOS/2023/2023-08-17/20230817-141545_[X-T5]-[23-08-17]__[14-15-45]__0.JPG (20230817-141545.JPG taken)
SKIPPED: /Volumes/ARCHIVE/PHOTOS/2023/2023-08-17/20230817-141546_[X-T5]-[23-08-17]__[14-15-46]__0.JPG (20230817-141546.JPG taken)
SKIPPED: /Volumes/ARCHIVE/PHOTOS/2023/2023-08-17/20230817-141549_[X-T5]-[23-08-17]__[14-15-49]__0.JPG (20230817-141549.JPG taken)
SKIPPED: /Volumes/ARCHIVE/PHOTOS/2023/2023-08-19/20230819-102749_[X-T5]-[23-08-19]__[10-27-49]__0.JPG (20230819-102749.JPG taken)
SKIPPED: /Volumes/ARCHIVE/PHOTOS/2023/2023-08-19/20230819-102809_[X-T5]-[23-08-19]__[10-28-09]__0.JPG (20230819-102809.JPG taken)
SKIPPED: /Volumes/ARCHIVE/PHOTOS/2023/2023-08-19/20230819-102844_[X-T5]-[23-08-19]__[10-28-44]__0.JPG (20230819-102844.JPG taken)
SKIPPED: /Volumes/ARCHIVE/PHOTOS/2023/2023-08-19/20230819-102851_[X-T5]-[23-08-19]__[10-28-51]__0.JPG (20230819-102851.JPG taken)
SKIPPED: /Volumes/ARCHIVE/PHOTOS/2023/2023-08-19/20230819-174526_[X-T5]-[23-08-19]__[17-45-26]__0.JPG (20230819-174526.JPG taken)
SKIPPED: /Volumes/ARCHIVE/PHOTOS/2023/2023-08-20/20230820-100824_[X-T5]-[23-08-20]__[10-08-24]__0.JPG (20230820-100824.JPG taken)
SKIPPED: /Volumes/ARCHIVE/PHOTOS/2023/2023-08-20/20230820-163421_[X-T5]-[23-08-20]__[16-34-21]__0.JPG (20230820-163421.JPG taken)
SKIPPED: /Volumes/ARCHIVE/PHOTOS/2023/2023-08-20/20230820-174231_[X-T5]-[23-08-20]__[17-42-31]__0.JPG (20230820-174231.JPG taken)
SKIPPED: /Volumes/ARCHIVE/PHOTOS/2023/2023-08-20/20230820-175843_[X-T5]-[23-08-20]__[17-58-43]__0.JPG (20230820-175843.JPG taken)
SKIPPED: /Volumes/ARCHIVE/PHOTOS/2023/2023-08-20/20230820-175904_[X-T5]-[23-08-20]__[17-59-04]__0.JPG (20230820-175904.JPG taken)
SKIPPED: /Volumes/ARCHIVE/PHOTOS/2023/2023-08-20/20230820-175933_[X-T5]-[23-08-20]__[17-59-33]__0.JPG (20230820-175933.JPG taken)
SKIPPED: /Volumes/ARCHIVE/PHOTOS/2023/2023-08-20/20230820-175943_[X-T5]-[23-08-20]__[17-59-43]__0.JPG (20230820-175943.JPG taken)
SKIPPED: /Volumes/ARCHIVE/PHOTOS/2023/2023-08-20/20230820-180038_[X-T5]-[23-08-20]__[18-00-38]__0.JPG (20230820-180038.JPG taken)
SKIPPED: /Volumes/ARCHIVE/PHOTOS/2023/2023-08-20/20230820-180108_[X-T5]-[23-08-20]__[18-01-08]__0.JPG (20230820-180108.JPG taken)
SKIPPED: /Volumes/ARCHIVE/PHOTOS/2023/2023-08-20/20230820-180241_[X-T5]-[23-08-20]__[18-02-41]__0.JPG (20230820-180241.JPG taken)
SKIPPED: /Volumes/ARCHIVE/PHOTOS/2023/2023-08-20/20230820-180430_[X-T5]-[23-08-20]__[18-04-30]__0.JPG (20230820-180430.JPG taken)
SKIPPED: /Volumes/ARCHIVE/PHOTOS/2023/2023-08-20/20230820-181352_[X-T5]-[23-08-20]__[18-13-52]__0.JPG (20230820-181352.JPG taken)
SKIPPED: /Volumes/ARCHIVE/PHOTOS/2023/2023-08-20/20230820-193532_[X-T5]-[23-08-20]__[19-35-32]__0.JPG (20230820-193532.JPG taken)
SKIPPED: /Volumes/ARCHIVE/PHOTOS/2023/2023-08-21/20230821-071618_[X-T5]-[23-08-21]__[07-16-18]__0.JPG (20230821-071618.JPG taken)
SKIPPED: /Volumes/ARCHIVE/PHOTOS/2023/2023-08-21/20230821-071650_[X-T5]-[23-08-21]__[07-16-50]__0.JPG (20230821-071650.JPG taken)
SKIPPED: /Volumes/ARCHIVE/PHOTOS/2023/2023-08-21/20230821-105628_[X-T5]-[23-08-21]__[10-56-28]__0.JPG (20230821-105628.JPG taken)
SKIPPED: /Volumes/ARCHIVE/PHOTOS/2023/2023-08-21/20230821-183843_[X-T5]-[23-08-21]__[18-38-43]__0.JPG (20230821-183843.JPG taken)
SKIPPED: /Volumes/ARCHIVE/PHOTOS/2023/2023-08-21/20230821-185013_[X-T5]-[23-08-21]__[18-50-13]__0.JPG (20230821-185013.JPG taken)
SKIPPED: /Volumes/ARCHIVE/PHOTOS/2023/2023-08-21/20230821-185022_[X-T5]-[23-08-21]__[18-50-22]__0.JPG (20230821-185022.JPG taken)
SKIPPED: /Volumes/ARCHIVE/PHOTOS/2023/2023-08-21/20230821-185045_[X-T5]-[23-08-21]__[18-50-45]__0.JPG (20230821-185045.JPG taken)
SKIPPED: /Volumes/ARCHIVE/PHOTOS/2023/2023-08-21/20230821-185119_[X-T5]-[23-08-21]__[18-51-19]__0.JPG (20230821-185119.JPG taken)
SKIPPED: /Volumes/ARCHIVE/PHOTOS/2023/2023-08-22/20230822-142024_[X-T5]-[23-08-22]__[14-20-24]__0.JPG (20230822-142024.JPG taken)
SKIPPED: /Volumes/ARCHIVE/PHOTOS/2023/2023-08-22/20230822-143346_[X-T5]-[23-08-22]__[14-33-46]__0.JPG (20230822-143346.JPG taken)
SKIPPED: /Volumes/ARCHIVE/PHOTOS/2023/2023-08-22/20230822-151426_[X-T5]-[23-08-22]__[15-14-26]__0.JPG (20230822-151426.JPG taken)
SKIPPED: /Volumes/ARCHIVE/PHOTOS/2023/2023-08-22/20230822-185320_[X-T5]-[23-08-22]__[18-53-20]__0.JPG (20230822-185320.JPG taken)
SKIPPED: /Volumes/ARCHIVE/PHOTOS/2023/2023-08-22/20230822-185327_[X-T5]-[23-08-22]__[18-53-27]__0.JPG (20230822-185327.JPG taken)
SKIPPED: /Volumes/ARCHIVE/PHOTOS/2023/2023-08-22/20230822-185416_[X-T5]-[23-08-22]__[18-54-16]__0.JPG (20230822-185416.JPG taken)
SKIPPED: /Volumes/ARCHIVE/PHOTOS/2023/2023-08-22/20230822-185856_[X-T5]-[23-08-22]__[18-58-56]__0.JPG (20230822-185856.JPG taken)
SKIPPED: /Volumes/ARCHIVE/PHOTOS/2023/2023-08-22/20230822-190337_[X-T5]-[23-08-22]__[19-03-37]__0.JPG (20230822-190337.JPG taken)
SKIPPED: /Volumes/ARCHIVE/PHOTOS/2023/2023-08-22/20230822-214832_[X-T5]-[23-08-22]__[21-48-32]__0.JPG (20230822-214832.JPG taken)
SKIPPED: /Volumes/ARCHIVE/PHOTOS/2023/2023-08-23/20230823-181809_[X-T5]-[23-08-23]__[18-18-09]__0.JPG (20230823-181809.JPG taken)
SKIPPED: /Volumes/ARCHIVE/PHOTOS/2023/2023-08-23/20230823-181835_[X-T5]-[23-08-23]__[18-18-35]__0.JPG (20230823-181835.JPG taken)
SKIPPED: /Volumes/ARCHIVE/PHOTOS/2023/2023-08-23/20230823-181912_[X-T5]-[23-08-23]__[18-19-12]__0.JPG (20230823-181912.JPG taken)
SKIPPED: /Volumes/ARCHIVE/PHOTOS/2023/2023-08-23/20230823-182332_[X-T5]-[23-08-23]__[18-23-32]__0.JPG (20230823-182332.JPG taken)
SKIPPED: /Volumes/ARCHIVE/PHOTOS/2023/2023-08-23/20230823-182347_[X-T5]-[23-08-23]__[18-23-47]__0.JPG (20230823-182347.JPG taken)
SKIPPED: /Volumes/ARCHIVE/PHOTOS/2023/2023-08-23/20230823-182426_[X-T5]-[23-08-23]__[18-24-26]__0.JPG (20230823-182426.JPG taken)
SKIPPED: /Volumes/ARCHIVE/PHOTOS/2023/2023-08-23/20230823-182439_[X-T5]-[23-08-23]__[18-24-39]__0.JPG (20230823-182439.JPG taken)
SKIPPED: /Volumes/ARCHIVE/PHOTOS/2023/2023-08-23/20230823-182546_[X-T5]-[23-08-23]__[18-25-46]__0.JPG (20230823-182546.JPG taken)
SKIPPED: /Volumes/ARCHIVE/PHOTOS/2023/2023-08-23/20230823-182647_[X-T5]-[23-08-23]__[18-26-47]__0.JPG (20230823-182647.JPG taken)
SKIPPED: /Volumes/ARCHIVE/PHOTOS/2023/2023-08-23/20230823-182713_[X-T5]-[23-08-23]__[18-27-13]__0.JPG (20230823-182713.JPG taken)
SKIPPED: /Volumes/ARCHIVE/PHOTOS/2023/2023-08-23/20230823-182756_[X-T5]-[23-08-23]__[18-27-56]__0.JPG (20230823-182756.JPG taken)
SKIPPED: /Volumes/ARCHIVE/PHOTOS/2023/2023-08-23/20230823-183530_[X-T5]-[23-08-23]__[18-35-30]__0.JPG (20230823-183530.JPG taken)
SKIPPED: /Volumes/ARCHIVE/PHOTOS/2023/2023-08-23/20230823-183625_[X-T5]-[23-08-23]__[18-36-25]__0.JPG (20230823-183625.JPG taken)
SKIPPED: /Volumes/ARCHIVE/PHOTOS/2023/2023-08-23/20230823-183717_[X-T5]-[23-08-23]__[18-37-17]__0.JPG (20230823-183717.JPG taken)
SKIPPED: /Volumes/ARCHIVE/PHOTOS/2023/2023-08-23/20230823-183755_[X-T5]-[23-08-23]__[18-37-55]__0.JPG (20230823-183755.JPG taken)
SKIPPED: /Volumes/ARCHIVE/PHOTOS/2023/2023-08-23/20230823-191554_[X-T5]-[23-08-23]__[19-15-54]__0.JPG (20230823-191554.JPG taken)
SKIPPED: /Volumes/ARCHIVE/PHOTOS/2023/2023-08-23/20230823-191601_[X-T5]-[23-08-23]__[19-16-01]__0.JPG (20230823-191601.JPG taken)
SKIPPED: /Volumes/ARCHIVE/PHOTOS/2023/2023-08-23/20230823-191614_[X-T5]-[23-08-23]__[19-16-14]__0.JPG (20230823-191614.JPG taken)
SKIPPED: /Volumes/ARCHIVE/PHOTOS/2023/2023-08-23/20230823-191620_[X-T5]-[23-08-23]__[19-16-20]__0.JPG (20230823-191620.JPG taken)
SKIPPED: /Volumes/ARCHIVE/PHOTOS/2023/2023-08-23/20230823-191629_[X-T5]-[23-08-23]__[19-16-29]__0.JPG (20230823-191629.JPG taken)
SKIPPED: /Volumes/ARCHIVE/PHOTOS/2023/2023-08-23/20230823-191635_[X-T5]-[23-08-23]__[19-16-35]__0.JPG (20230823-191635.JPG taken)
SKIPPED: /Volumes/ARCHIVE/PHOTOS/2023/2023-08-23/20230823-191646_[X-T5]-[23-08-23]__[19-16-46]__0.JPG (20230823-191646.JPG taken)
SKIPPED: /Volumes/ARCHIVE/PHOTOS/2023/2023-08-23/20230823-191712_[X-T5]-[23-08-23]__[19-17-12]__0.JPG (20230823-191712.JPG taken)
SKIPPED: /Volumes/ARCHIVE/PHOTOS/2023/2023-08-23/20230823-191718_[X-T5]-[23-08-23]__[19-17-18]__0.JPG (20230823-191718.JPG taken)
SKIPPED: /Volumes/ARCHIVE/PHOTOS/2023/2023-08-23/20230823-191723_[X-T5]-[23-08-23]__[19-17-23]__0.JPG (20230823-191723.JPG taken)
SKIPPED: /Volumes/ARCHIVE/PHOTOS/2023/2023-08-23/20230823-191734_[X-T5]-[23-08-23]__[19-17-34]__0.JPG (20230823-191734.JPG taken)
SKIPPED: /Volumes/ARCHIVE/PHOTOS/2023/2023-08-24/20230824-170412_[X-T5]-[23-08-24]__[17-04-12]__0.JPG (20230824-170412.JPG taken)
SKIPPED: /Volumes/ARCHIVE/PHOTOS/2023/2023-08-27/20230827-081748_[X-T5]-[23-08-27]__[08-17-48]__0.JPG (20230827-081748.JPG taken)
SKIPPED: /Volumes/ARCHIVE/PHOTOS/2023/2023-08-27/20230827-170058_[X-T5]-[23-08-27]__[17-00-58]__0.JPG (20230827-170058.JPG taken)
SKIPPED: /Volumes/ARCHIVE/PHOTOS/2023/2023-08-27/20230827-170122_[X-T5]-[23-08-27]__[17-01-22]__0.JPG (20230827-170122.JPG taken)
SKIPPED: /Volumes/ARCHIVE/PHOTOS/2023/2023-08-27/20230827-170143_[X-T5]-[23-08-27]__[17-01-43]__0.JPG (20230827-170143.JPG taken)
SKIPPED: /Volumes/ARCHIVE/PHOTOS/2023/2023-08-27/20230827-170308_[X-T5]-[23-08-27]__[17-03-08]__0.JPG (20230827-170308.JPG taken)
SKIPPED: /Volumes/ARCHIVE/PHOTOS/2023/2023-08-27/20230827-170343_[X-T5]-[23-08-27]__[17-03-43]__0.JPG (20230827-170343.JPG taken)
SKIPPED: /Volumes/ARCHIVE/PHOTOS/2023/2023-08-28/20230828-102910_[X-T5]-[23-08-28]__[10-29-10]__0.JPG (20230828-102910.JPG taken)
SKIPPED: /Volumes/ARCHIVE/PHOTOS/2023/2023-08-28/20230828-145258_[X-T5]-[23-08-28]__[14-52-58]__0.JPG (20230828-145258.JPG taken)
SKIPPED: /Volumes/ARCHIVE/PHOTOS/2023/2023-08-28/20230828-145328_[X-T5]-[23-08-28]__[14-53-28]__0.JPG (20230828-145328.JPG taken)
SKIPPED: /Volumes/ARCHIVE/PHOTOS/2023/2023-08-28/20230828-155302_[X-T5]-[23-08-28]__[15-53-02]__0.JPG (20230828-155302.JPG taken)
SKIPPED: /Volumes/ARCHIVE/PHOTOS/2023/2023-08-28/20230828-172803_[X-T5]-[23-08-28]__[17-28-03]__0.JPG (20230828-172803.JPG taken)
SKIPPED: /Volumes/ARCHIVE/PHOTOS/2023/2023-08-28/20230828-172806_[X-T5]-[23-08-28]__[17-28-06]__0.JPG (20230828-172806.JPG taken)
SKIPPED: /Volumes/ARCHIVE/PHOTOS/2023/2023-08-28/20230828-172811_[X-T5]-[23-08-28]__[17-28-11]__0.JPG (20230828-172811.JPG taken)
SKIPPED: /Volumes/ARCHIVE/PHOTOS/2023/2023-08-28/20230828-172841_[X-T5]-[23-08-28]__[17-28-41]__0.JPG (20230828-172841.JPG taken)
SKIPPED: /Volumes/ARCHIVE/PHOTOS/2023/2023-08-28/20230828-172846_[X-T5]-[23-08-28]__[17-28-46]__0.JPG (20230828-172846.JPG taken)
SKIPPED: /Volumes/ARCHIVE/PHOTOS/2023/2023-08-28/20230828-172849_[X-T5]-[23-08-28]__[17-28-49]__0.JPG (20230828-172849.JPG taken)
SKIPPED: /Volumes/ARCHIVE/PHOTOS/2023/2023-08-28/20230828-172859_[X-T5]-[23-08-28]__[17-28-59]__0.JPG (20230828-172859.JPG taken)
SKIPPED: /Volumes/ARCHIVE/PHOTOS/2023/2023-08-28/20230828-172901_[X-T5]-[23-08-28]__[17-29-01]__0.JPG (20230828-172901.JPG taken)
SKIPPED: /Volumes/ARCHIVE/PHOTOS/2023/2023-08-29/20230829-203945_[X-T5]-[23-08-29]__[20-39-45]__0.JPG (20230829-203945.JPG taken)
SKIPPED: /Volumes/ARCHIVE/PHOTOS/2023/2023-08-30/20230830-091844_[X-T5]-[23-08-30]__[09-18-44]__0.JPG (20230830-091844.JPG taken)
SKIPPED: /Volumes/ARCHIVE/PHOTOS/2023/2023-08-30/20230830-091850_[X-T5]-[23-08-30]__[09-18-50]__0.JPG (20230830-091850.JPG taken)
SKIPPED: /Volumes/ARCHIVE/PHOTOS/2023/2023-08-30/20230830-091901_[X-T5]-[23-08-30]__[09-19-01]__0.JPG (20230830-091901.JPG taken)
SKIPPED: /Volumes/ARCHIVE/PHOTOS/2023/2023-08-30/20230830-091904_[X-T5]-[23-08-30]__[09-19-04]__0.JPG (20230830-091904.JPG taken)
SKIPPED: /Volumes/ARCHIVE/PHOTOS/2023/2023-08-30/20230830-091908_[X-T5]-[23-08-30]__[09-19-08]__0.JPG (20230830-091908.JPG taken)
SKIPPED: /Volumes/ARCHIVE/PHOTOS/2023/2023-08-30/20230830-091920_[X-T5]-[23-08-30]__[09-19-20]__0.JPG (20230830-091920.JPG taken)
SKIPPED: /Volumes/ARCHIVE/PHOTOS/2023/2023-08-30/20230830-091921_[X-T5]-[23-08-30]__[09-19-21]__0.JPG (20230830-091921.JPG taken)
SKIPPED: /Volumes/ARCHIVE/PHOTOS/2023/2023-08-30/20230830-091923_[X-T5]-[23-08-30]__[09-19-23]__0.JPG (20230830-091923.JPG taken)
SKIPPED: /Volumes/ARCHIVE/PHOTOS/2023/2023-08-30/20230830-091926_[X-T5]-[23-08-30]__[09-19-26]__0.JPG (20230830-091926.JPG taken)
SKIPPED: /Volumes/ARCHIVE/PHOTOS/2023/2023-08-30/20230830-091927_[X-T5]-[23-08-30]__[09-19-27]__0.JPG (20230830-091927.JPG taken)
SKIPPED: /Volumes/ARCHIVE/PHOTOS/2023/2023-08-30/20230830-091929_[X-T5]-[23-08-30]__[09-19-29]__0.JPG (20230830-091929.JPG taken)
SKIPPED: /Volumes/ARCHIVE/PHOTOS/2023/2023-08-30/20230830-114744_[X-T5]-[23-08-30]__[11-47-44]__0.JPG (20230830-114744.JPG taken)
SKIPPED: /Volumes/ARCHIVE/PHOTOS/2023/2023-08-30/20230830-122452_[X-T5]-[23-08-30]__[12-24-52]__0.JPG (20230830-122452.JPG taken)
SKIPPED: /Volumes/ARCHIVE/PHOTOS/2023/2023-08-30/20230830-183215_[X-T5]-[23-08-30]__[18-32-15]__0.JPG (20230830-183215.JPG taken)
SKIPPED: /Volumes/ARCHIVE/PHOTOS/2023/2023-08-30/20230830-183533_[X-T5]-[23-08-30]__[18-35-33]__0.JPG (20230830-183533.JPG taken)
SKIPPED: /Volumes/ARCHIVE/PHOTOS/2023/2023-08-30/20230830-210817_[X-T5]-[23-08-30]__[21-08-17]__0.JPG (20230830-210817.JPG taken)
SKIPPED: /Volumes/ARCHIVE/PHOTOS/2023/2023-08-31/20230831-134427_[X-T5]-[23-08-31]__[13-44-27]__0.JPG (20230831-134427.JPG taken)
SKIPPED: /Volumes/ARCHIVE/PHOTOS/2023/2023-08-31/20230831-135131_[X-T5]-[23-08-31]__[13-51-31]__0.JPG (20230831-135131.JPG taken)
SKIPPED: /Volumes/ARCHIVE/PHOTOS/2023/2023-08-31/20230831-185214_[X-T5]-[23-08-31]__[18-52-14]__0.JPG (20230831-185214.JPG taken)
SKIPPED: /Volumes/ARCHIVE/PHOTOS/2023/2023-08-31/20230831-185216_[X-T5]-[23-08-31]__[18-52-16]__0.JPG (20230831-185216.JPG taken)
SKIPPED: /Volumes/ARCHIVE/PHOTOS/2023/2023-08-31/20230831-185221_[X-T5]-[23-08-31]__[18-52-21]__0.JPG (20230831-185221.JPG taken)
SKIPPED: /Volumes/ARCHIVE/PHOTOS/2023/2023-08-31/20230831-185225_[X-T5]-[23-08-31]__[18-52-25]__0.JPG (20230831-185225.JPG taken)
SKIPPED: /Volumes/ARCHIVE/PHOTOS/2023/2023-09-01/20230901-104326_[X-T5]-[23-09-01]__[10-43-26]__0.JPG (20230901-104326.JPG taken)
SKIPPED: /Volumes/ARCHIVE/PHOTOS/2023/2023-09-02/20230902-140649_[X-T5]-[23-09-02]__[14-06-49]__0.JPG (20230902-140649.JPG taken)
SKIPPED: /Volumes/ARCHIVE/PHOTOS/2023/2023-09-02/20230902-140728_[X-T5]-[23-09-02]__[14-07-28]__0.JPG (20230902-140728.JPG taken)
SKIPPED: /Volumes/ARCHIVE/PHOTOS/2023/2023-09-02/20230902-140742_[X-T5]-[23-09-02]__[14-07-42]__0.JPG (20230902-140742.JPG taken)
SKIPPED: /Volumes/ARCHIVE/PHOTOS/2023/2023-09-02/20230902-140805_[X-T5]-[23-09-02]__[14-08-05]__0.JPG (20230902-140805.JPG taken)
SKIPPED: /Volumes/ARCHIVE/PHOTOS/2023/2023-09-02/20230902-140830_[X-T5]-[23-09-02]__[14-08-30]__0.JPG (20230902-140830.JPG taken)
SKIPPED: /Volumes/ARCHIVE/PHOTOS/2023/2023-09-02/20230902-140857_[X-T5]-[23-09-02]__[14-08-57]__0.JPG (20230902-140857.JPG taken)
SKIPPED: /Volumes/ARCHIVE/PHOTOS/2023/2023-09-02/20230902-140918_[X-T5]-[23-09-02]__[14-09-18]__0.JPG (20230902-140918.JPG taken)
SKIPPED: /Volumes/ARCHIVE/PHOTOS/2023/2023-09-02/20230902-141113_[X-T5]-[23-09-02]__[14-11-13]__0.JPG (20230902-141113.JPG taken)
SKIPPED: /Volumes/ARCHIVE/PHOTOS/2023/2023-09-02/20230902-141228_[X-T5]-[23-09-02]__[14-12-28]__0.JPG (20230902-141228.JPG taken)
SKIPPED: /Volumes/ARCHIVE/PHOTOS/2023/2023-09-02/20230902-141358_[X-T5]-[23-09-02]__[14-13-58]__0.JPG (20230902-141358.JPG taken)
SKIPPED: /Volumes/ARCHIVE/PHOTOS/2023/2023-09-02/20230902-180330_[X-T5]-[23-09-02]__[18-03-30]__0.JPG (20230902-180330.JPG taken)
SKIPPED: /Volumes/ARCHIVE/PHOTOS/2023/2023-09-02/20230902-180409_[X-T5]-[23-09-02]__[18-04-09]__0.JPG (20230902-180409.JPG taken)
SKIPPED: /Volumes/ARCHIVE/PHOTOS/2023/2023-09-02/20230902-180414_[X-T5]-[23-09-02]__[18-04-14]__0.JPG (20230902-180414.JPG taken)
SKIPPED: /Volumes/ARCHIVE/PHOTOS/2023/2023-09-02/20230902-180448_[X-T5]-[23-09-02]__[18-04-48]__0.JPG (20230902-180448.JPG taken)
SKIPPED: /Volumes/ARCHIVE/PHOTOS/2023/2023-09-02/20230902-180520_[X-T5]-[23-09-02]__[18-05-20]__0.JPG (20230902-180520.JPG taken)
SKIPPED: /Volumes/ARCHIVE/PHOTOS/2023/2023-09-02/20230902-180529_[X-T5]-[23-09-02]__[18-05-29]__0.JPG (20230902-180529.JPG taken)
SKIPPED: /Volumes/ARCHIVE/PHOTOS/2023/2023-09-02/20230902-180557_[X-T5]-[23-09-02]__[18-05-57]__0.JPG (20230902-180557.JPG taken)
SKIPPED: /Volumes/ARCHIVE/PHOTOS/2023/2023-09-02/20230902-180614_[X-T5]-[23-09-02]__[18-06-14]__0.JPG (20230902-180614.JPG taken)
SKIPPED: /Volumes/ARCHIVE/PHOTOS/2023/2023-09-02/20230902-180642_[X-T5]-[23-09-02]__[18-06-42]__0.JPG (20230902-180642.JPG taken)
SKIPPED: /Volumes/ARCHIVE/PHOTOS/2023/2023-09-02/20230902-180702_[X-T5]-[23-09-02]__[18-07-02]__0.JPG (20230902-180702.JPG taken)
SKIPPED: /Volumes/ARCHIVE/PHOTOS/2023/2023-09-02/20230902-180901_[X-T5]-[23-09-02]__[18-09-01]__0.JPG (20230902-180901.JPG taken)
SKIPPED: /Volumes/ARCHIVE/PHOTOS/2023/2023-09-03/20230903-074305_[X-T5]-[23-09-03]__[07-43-05]__0.JPG (20230903-074305.JPG taken)
SKIPPED: /Volumes/ARCHIVE/PHOTOS/2023/2023-09-03/20230903-074449_[X-T5]-[23-09-03]__[07-44-49]__0.JPG (20230903-074449.JPG taken)
SKIPPED: /Volumes/ARCHIVE/PHOTOS/2023/2023-09-03/20230903-074552_[X-T5]-[23-09-03]__[07-45-52]__0.JPG (20230903-074552.JPG taken)
SKIPPED: /Volumes/ARCHIVE/PHOTOS/2023/2023-09-03/20230903-074607_[X-T5]-[23-09-03]__[07-46-07]__0.JPG (20230903-074607.JPG taken)
SKIPPED: /Volumes/ARCHIVE/PHOTOS/2023/2023-09-03/20230903-094226_[X-T5]-[23-09-03]__[09-42-26]__0.JPG (20230903-094226.JPG taken)
SKIPPED: /Volumes/ARCHIVE/PHOTOS/2023/2023-09-03/20230903-094301_[X-T5]-[23-09-03]__[09-43-01]__0.JPG (20230903-094301.JPG taken)
SKIPPED: /Volumes/ARCHIVE/PHOTOS/2023/2023-09-03/20230903-174335_[X-T5]-[23-09-03]__[17-43-35]__0.JPG (20230903-174335.JPG taken)
SKIPPED: /Volumes/ARCHIVE/PHOTOS/2023/2023-09-04/20230904-131058_[X-T5]-[23-09-04]__[13-10-58]__0.JPG (20230904-131058.JPG taken)
SKIPPED: /Volumes/ARCHIVE/PHOTOS/2023/2023-09-05/20230905-090953_[X-T5]-[23-09-05]-[09-09-53]__0.RAF (20230905-090953.RAF taken)
SKIPPED: /Volumes/ARCHIVE/PHOTOS/2023/2023-09-05/20230905-090953_[X-T5]-[23-09-05]__[09-09-53]__0.JPG (20230905-090953.JPG taken)
SKIPPED: /Volumes/ARCHIVE/PHOTOS/2023/2023-09-05/20230905-091110_[X-T5]-[23-09-05]-[09-11-10]__0.RAF (20230905-091110.RAF taken)
SKIPPED: /Volumes/ARCHIVE/PHOTOS/2023/2023-09-05/20230905-091110_[X-T5]-[23-09-05]__[09-11-10]__0.JPG (20230905-091110.JPG taken)
SKIPPED: /Volumes/ARCHIVE/PHOTOS/2023/2023-09-05/20230905-091117_[X-T5]-[23-09-05]-[09-11-17]__0.RAF (20230905-091117.RAF taken)
SKIPPED: /Volumes/ARCHIVE/PHOTOS/2023/2023-09-05/20230905-091117_[X-T5]-[23-09-05]__[09-11-17]__0.JPG (20230905-091117.JPG taken)
SKIPPED: /Volumes/ARCHIVE/PHOTOS/2023/2023-09-05/20230905-120959_[X-T5]-[23-09-05]-[12-09-59]__0.RAF (20230905-120959.RAF taken)
SKIPPED: /Volumes/ARCHIVE/PHOTOS/2023/2023-09-05/20230905-120959_[X-T5]-[23-09-05]__[12-09-59]__0.JPG (20230905-120959.JPG taken)
SKIPPED: /Volumes/ARCHIVE/PHOTOS/2023/2023-09-05/20230905-121006_DSCF7012.JPG (20230905-121006.JPG taken)
SKIPPED: /Volumes/ARCHIVE/PHOTOS/2023/2023-09-05/20230905-121006_[X-T5]-[23-09-05]-[12-10-06]__0 1.RAF (20230905-121006.RAF taken)
SKIPPED: /Volumes/ARCHIVE/PHOTOS/2023/2023-09-05/20230905-121006_[X-T5]-[23-09-05]-[12-10-06]__0.RAF (20230905-121006.RAF taken)
SKIPPED: /Volumes/ARCHIVE/PHOTOS/2023/2023-09-05/20230905-121006_[X-T5]-[23-09-05]__[12-10-06]__0 1.JPG (20230905-121006.JPG taken)
SKIPPED: /Volumes/ARCHIVE/PHOTOS/2023/2023-09-05/20230905-121006_[X-T5]-[23-09-05]__[12-10-06]__0.JPG (20230905-121006.JPG taken)
SKIPPED: /Volumes/ARCHIVE/PHOTOS/2023/2023-09-05/20230905-121009_DSCF7014.JPG (20230905-121009.JPG taken)
SKIPPED: /Volumes/ARCHIVE/PHOTOS/2023/2023-09-05/20230905-121009_DSCF7015.JPG (20230905-121009.JPG taken)
SKIPPED: /Volumes/ARCHIVE/PHOTOS/2023/2023-09-05/20230905-121010_[X-T5]-[23-09-05]-[12-10-10]__0.RAF (20230905-121010.RAF taken)
SKIPPED: /Volumes/ARCHIVE/PHOTOS/2023/2023-09-05/20230905-121010_[X-T5]-[23-09-05]__[12-10-10]__0.JPG (20230905-121010.JPG taken)
SKIPPED: /Volumes/ARCHIVE/PHOTOS/2023/2023-09-05/20230905-121011_DSCF7018.JPG (20230905-121011.JPG taken)
SKIPPED: /Volumes/ARCHIVE/PHOTOS/2023/2023-09-05/20230905-121011_[X-T5]-[23-09-05]-[12-10-11]__0 1.RAF (20230905-121011.RAF taken)
SKIPPED: /Volumes/ARCHIVE/PHOTOS/2023/2023-09-05/20230905-121011_[X-T5]-[23-09-05]-[12-10-11]__0.RAF (20230905-121011.RAF taken)
SKIPPED: /Volumes/ARCHIVE/PHOTOS/2023/2023-09-05/20230905-121011_[X-T5]-[23-09-05]__[12-10-11]__0 2.JPG (20230905-121011.JPG taken)
SKIPPED: /Volumes/ARCHIVE/PHOTOS/2023/2023-09-05/20230905-121011_[X-T5]-[23-09-05]__[12-10-11]__0.JPG (20230905-121011.JPG taken)
SKIPPED: /Volumes/ARCHIVE/PHOTOS/2023/2023-09-05/20230905-121013_DSCF7020.JPG (20230905-121013.JPG taken)
SKIPPED: /Volumes/ARCHIVE/PHOTOS/2023/2023-09-05/20230905-121014_DSCF7022.JPG (20230905-121014.JPG taken)
SKIPPED: /Volumes/ARCHIVE/PHOTOS/2023/2023-09-05/20230905-121014_[X-T5]-[23-09-05]-[12-10-14]__0 1.RAF (20230905-121014.RAF taken)
SKIPPED: /Volumes/ARCHIVE/PHOTOS/2023/2023-09-05/20230905-121014_[X-T5]-[23-09-05]-[12-10-14]__0.RAF (20230905-121014.RAF taken)
SKIPPED: /Volumes/ARCHIVE/PHOTOS/2023/2023-09-05/20230905-121014_[X-T5]-[23-09-05]__[12-10-14]__0 3.JPG (20230905-121014.JPG taken)
SKIPPED: /Volumes/ARCHIVE/PHOTOS/2023/2023-09-05/20230905-121014_[X-T5]-[23-09-05]__[12-10-14]__0.JPG (20230905-121014.JPG taken)
SKIPPED: /Volumes/ARCHIVE/PHOTOS/2023/2023-09-05/20230905-121016_DSCF7024.JPG (20230905-121016.JPG taken)
SKIPPED: /Volumes/ARCHIVE/PHOTOS/2023/2023-09-05/20230905-121016_DSCF7025.JPG (20230905-121016.JPG taken)
SKIPPED: /Volumes/ARCHIVE/PHOTOS/2023/2023-09-05/20230905-121016_DSCF7026.JPG (20230905-121016.JPG taken)
SKIPPED: /Volumes/ARCHIVE/PHOTOS/2023/2023-09-05/20230905-121016_[X-T5]-[23-09-05]-[12-10-16]__0 2.RAF (20230905-121016.RAF taken)
SKIPPED: /Volumes/ARCHIVE/PHOTOS/2023/2023-09-05/20230905-121016_[X-T5]-[23-09-05]-[12-10-16]__0 3.RAF (20230905-121016.RAF taken)
SKIPPED: /Volumes/ARCHIVE/PHOTOS/2023/2023-09-05/20230905-121016_[X-T5]-[23-09-05]__[12-10-16]__0 4.JPG (20230905-121016.JPG taken)
SKIPPED: /Volumes/ARCHIVE/PHOTOS/2023/2023-09-05/20230905-121016_[X-T5]-[23-09-05]__[12-10-16]__0.JPG (20230905-121016.JPG taken)
SKIPPED: /Volumes/ARCHIVE/PHOTOS/2023/2023-09-05/20230905-121019_DSCF7029.JPG (20230905-121019.JPG taken)
SKIPPED: /Volumes/ARCHIVE/PHOTOS/2023/2023-09-05/20230905-121019_DSCF7030.JPG (20230905-121019.JPG taken)
SKIPPED: /Volumes/ARCHIVE/PHOTOS/2023/2023-09-05/20230905-121020_DSCF7032.JPG (20230905-121020.JPG taken)
SKIPPED: /Volumes/ARCHIVE/PHOTOS/2023/2023-09-05/20230905-121020_DSCF7033.JPG (20230905-121020.JPG taken)
SKIPPED: /Volumes/ARCHIVE/PHOTOS/2023/2023-09-05/20230905-121021_DSCF7035.JPG (20230905-121021.JPG taken)
SKIPPED: /Volumes/ARCHIVE/PHOTOS/2023/2023-09-05/20230905-121021_[X-T5]-[23-09-05]-[12-10-21]__0 1.RAF (20230905-121021.RAF taken)
SKIPPED: /Volumes/ARCHIVE/PHOTOS/2023/2023-09-05/20230905-121021_[X-T5]-[23-09-05]-[12-10-21]__0.RAF (20230905-121021.RAF taken)
SKIPPED: /Volumes/ARCHIVE/PHOTOS/2023/2023-09-05/20230905-121021_[X-T5]-[23-09-05]__[12-10-21]__0 5.JPG (20230905-121021.JPG taken)
SKIPPED: /Volumes/ARCHIVE/PHOTOS/2023/2023-09-05/20230905-121021_[X-T5]-[23-09-05]__[12-10-21]__0.JPG (20230905-121021.JPG taken)
SKIPPED: /Volumes/ARCHIVE/PHOTOS/2023/2023-09-05/20230905-121022_[X-T5]-[23-09-05]-[12-10-22]__0.RAF (20230905-121022.RAF taken)
SKIPPED: /Volumes/ARCHIVE/PHOTOS/2023/2023-09-05/20230905-121022_[X-T5]-[23-09-05]__[12-10-22]__0.JPG (20230905-121022.JPG taken)
SKIPPED: /Volumes/ARCHIVE/PHOTOS/2023/2023-09-05/20230905-121024_DSCF7038.JPG (20230905-121024.JPG taken)
SKIPPED: /Volumes/ARCHIVE/PHOTOS/2023/2023-09-05/20230905-121024_DSCF7039.JPG (20230905-121024.JPG taken)
SKIPPED: /Volumes/ARCHIVE/PHOTOS/2023/2023-09-05/20230905-121024_DSCF7040.JPG (20230905-121024.JPG taken)
SKIPPED: /Volumes/ARCHIVE/PHOTOS/2023/2023-09-05/20230905-121024_[X-T5]-[23-09-05]-[12-10-24]__0 3.RAF (20230905-121024.RAF taken)
SKIPPED: /Volumes/ARCHIVE/PHOTOS/2023/2023-09-05/20230905-121024_[X-T5]-[23-09-05]-[12-10-24]__0.RAF (20230905-121024.RAF taken)
SKIPPED: /Volumes/ARCHIVE/PHOTOS/2023/2023-09-05/20230905-121024_[X-T5]-[23-09-05]__[12-10-24]__0 6.JPG (20230905-121024.JPG taken)
SKIPPED: /Volumes/ARCHIVE/PHOTOS/2023/2023-09-05/20230905-121024_[X-T5]-[23-09-05]__[12-10-24]__0.JPG (20230905-121024.JPG taken)
SKIPPED: /Volumes/ARCHIVE/PHOTOS/2023/2023-09-05/20230905-121026_[X-T5]-[23-09-05]-[12-10-26]__0.RAF (20230905-121026.RAF taken)
SKIPPED: /Volumes/ARCHIVE/PHOTOS/2023/2023-09-05/20230905-121026_[X-T5]-[23-09-05]__[12-10-26]__0.JPG (20230905-121026.JPG taken)
SKIPPED: /Volumes/ARCHIVE/PHOTOS/2023/2023-09-05/20230905-121031_[X-T5]-[23-09-05]-[12-10-31]__0.RAF (20230905-121031.RAF taken)
SKIPPED: /Volumes/ARCHIVE/PHOTOS/2023/2023-09-05/20230905-121031_[X-T5]-[23-09-05]__[12-10-31]__0.JPG (20230905-121031.JPG taken)
SKIPPED: /Volumes/ARCHIVE/PHOTOS/2023/2023-10-01/20231001-063129_[X-T5]-[23-10-01]__[06-31-29]__0.JPG (20231001-063129.JPG taken)
SKIPPED: /Volumes/ARCHIVE/PHOTOS/2023/2023-10-01/20231001-063129_[X-T5]-[23-10-01]__[06-31-29]__0.RAF (20231001-063129.RAF taken)
SKIPPED: /Volumes/ARCHIVE/PHOTOS/2023/2023-10-01/20231001-170533_[X-T5]-[23-10-01]__[17-05-33]__0.JPG (20231001-170533.JPG taken)
SKIPPED: /Volumes/ARCHIVE/PHOTOS/2023/2023-10-01/20231001-170533_[X-T5]-[23-10-01]__[17-05-33]__0.RAF (20231001-170533.RAF taken)
SKIPPED: /Volumes/ARCHIVE/PHOTOS/2023/2023-10-01/20231001-172653_[X-T5]-[23-10-01]__[17-26-53]__0.JPG (20231001-172653.JPG taken)
SKIPPED: /Volumes/ARCHIVE/PHOTOS/2023/2023-10-01/20231001-172653_[X-T5]-[23-10-01]__[17-26-53]__0.RAF (20231001-172653.RAF taken)
SKIPPED: /Volumes/ARCHIVE/PHOTOS/2023/2023-10-01/20231001-172738_[X-T5]-[23-10-01]__[17-27-38]__0.JPG (20231001-172738.JPG taken)
SKIPPED: /Volumes/ARCHIVE/PHOTOS/2023/2023-10-01/20231001-172738_[X-T5]-[23-10-01]__[17-27-38]__0.RAF (20231001-172738.RAF taken)
SKIPPED: /Volumes/ARCHIVE/PHOTOS/2023/2023-10-01/20231001-173014_[X-T5]-[23-10-01]__[17-30-14]__0.JPG (20231001-173014.JPG taken)
SKIPPED: /Volumes/ARCHIVE/PHOTOS/2023/2023-10-01/20231001-173014_[X-T5]-[23-10-01]__[17-30-14]__0.RAF (20231001-173014.RAF taken)
SKIPPED: /Volumes/ARCHIVE/PHOTOS/2023/2023-10-01/20231001-173124_[X-T5]-[23-10-01]__[17-31-24]__0.JPG (20231001-173124.JPG taken)
SKIPPED: /Volumes/ARCHIVE/PHOTOS/2023/2023-10-01/20231001-173124_[X-T5]-[23-10-01]__[17-31-24]__0.RAF (20231001-173124.RAF taken)
SKIPPED: /Volumes/ARCHIVE/PHOTOS/2023/2023-10-01/20231001-173145_[X-T5]-[23-10-01]__[17-31-45]__0.JPG (20231001-173145.JPG taken)
SKIPPED: /Volumes/ARCHIVE/PHOTOS/2023/2023-10-01/20231001-173145_[X-T5]-[23-10-01]__[17-31-45]__0.RAF (20231001-173145.RAF taken)
SKIPPED: /Volumes/ARCHIVE/PHOTOS/2023/2023-10-01/20231001-173405_[X-T5]-[23-10-01]__[17-34-05]__0.JPG (20231001-173405.JPG taken)
SKIPPED: /Volumes/ARCHIVE/PHOTOS/2023/2023-10-01/20231001-173405_[X-T5]-[23-10-01]__[17-34-05]__0.RAF (20231001-173405.RAF taken)
SKIPPED: /Volumes/ARCHIVE/PHOTOS/2023/2023-10-01/20231001-173458_[X-T5]-[23-10-01]__[17-34-58]__0.JPG (20231001-173458.JPG taken)
SKIPPED: /Volumes/ARCHIVE/PHOTOS/2023/2023-10-01/20231001-173458_[X-T5]-[23-10-01]__[17-34-58]__0.RAF (20231001-173458.RAF taken)
SKIPPED: /Volumes/ARCHIVE/PHOTOS/2023/2023-10-01/20231001-230447_[X-T5]-[23-10-01]__[23-04-47]__0.JPG (20231001-230447.JPG taken)
SKIPPED: /Volumes/ARCHIVE/PHOTOS/2023/2023-10-01/20231001-230447_[X-T5]-[23-10-01]__[23-04-47]__0.RAF (20231001-230447.RAF taken)
SKIPPED: /Volumes/ARCHIVE/PHOTOS/2023/2023-10-01/20231001-232742_[X-T5]-[23-10-01]__[23-27-42]__0.JPG (20231001-232742.JPG taken)
SKIPPED: /Volumes/ARCHIVE/PHOTOS/2023/2023-10-01/20231001-232742_[X-T5]-[23-10-01]__[23-27-42]__0.RAF (20231001-232742.RAF taken)
SKIPPED: /Volumes/ARCHIVE/PHOTOS/2023/2023-10-01/20231001-234422_[X-T5]-[23-10-01]__[23-44-22]__0.JPG (20231001-234422.JPG taken)
SKIPPED: /Volumes/ARCHIVE/PHOTOS/2023/2023-10-01/20231001-234422_[X-T5]-[23-10-01]__[23-44-22]__0.RAF (20231001-234422.RAF taken)
SKIPPED: /Volumes/ARCHIVE/PHOTOS/2023/2023-10-02/20231002-173633_[X-T5]-[23-10-02]__[17-36-33]__0.JPG (20231002-173633.JPG taken)
SKIPPED: /Volumes/ARCHIVE/PHOTOS/2023/2023-10-02/20231002-173633_[X-T5]-[23-10-02]__[17-36-33]__0.RAF (20231002-173633.RAF taken)
SKIPPED: /Volumes/ARCHIVE/PHOTOS/2023/2023-10-03/20231003-022636_[X-T5]-[23-10-03]__[02-26-36]__0.JPG (20231003-022636.JPG taken)
SKIPPED: /Volumes/ARCHIVE/PHOTOS/2023/2023-10-03/20231003-022636_[X-T5]-[23-10-03]__[02-26-36]__0.RAF (20231003-022636.RAF taken)
SKIPPED: /Volumes/ARCHIVE/PHOTOS/2023/2023-10-03/20231003-022729_[X-T5]-[23-10-03]__[02-27-29]__0.JPG (20231003-022729.JPG taken)
SKIPPED: /Volumes/ARCHIVE/PHOTOS/2023/2023-10-03/20231003-022729_[X-T5]-[23-10-03]__[02-27-29]__0.RAF (20231003-022729.RAF taken)
SKIPPED: /Volumes/ARCHIVE/PHOTOS/2023/2023-10-03/20231003-022849_[X-T5]-[23-10-03]__[02-28-49]__0.JPG (20231003-022849.JPG taken)
SKIPPED: /Volumes/ARCHIVE/PHOTOS/2023/2023-10-03/20231003-022849_[X-T5]-[23-10-03]__[02-28-49]__0.RAF (20231003-022849.RAF taken)
SKIPPED: /Volumes/ARCHIVE/PHOTOS/2023/2023-10-03/20231003-191323_[X-T5]-[23-10-03]__[19-13-23]__0.JPG (20231003-191323.JPG taken)
SKIPPED: /Volumes/ARCHIVE/PHOTOS/2023/2023-10-03/20231003-191323_[X-T5]-[23-10-03]__[19-13-23]__0.RAF (20231003-191323.RAF taken)
SKIPPED: /Volumes/ARCHIVE/PHOTOS/2023/2023-10-04/20231004-072600_[X-T5]-[23-10-04]__[07-26-00]__0.JPG (20231004-072600.JPG taken)
SKIPPED: /Volumes/ARCHIVE/PHOTOS/2023/2023-10-04/20231004-072600_[X-T5]-[23-10-04]__[07-26-00]__0.RAF (20231004-072600.RAF taken)
SKIPPED: /Volumes/ARCHIVE/PHOTOS/2023/2023-10-04/20231004-072644_[X-T5]-[23-10-04]__[07-26-44]__0.JPG (20231004-072644.JPG taken)
SKIPPED: /Volumes/ARCHIVE/PHOTOS/2023/2023-10-04/20231004-072644_[X-T5]-[23-10-04]__[07-26-44]__0.RAF (20231004-072644.RAF taken)
SKIPPED: /Volumes/ARCHIVE/PHOTOS/2023/2023-10-04/20231004-072700_[X-T5]-[23-10-04]__[07-27-00]__0.JPG (20231004-072700.JPG taken)
SKIPPED: /Volumes/ARCHIVE/PHOTOS/2023/2023-10-04/20231004-072700_[X-T5]-[23-10-04]__[07-27-00]__0.RAF (20231004-072700.RAF taken)
SKIPPED: /Volumes/ARCHIVE/PHOTOS/2023/2023-10-04/20231004-072746_[X-T5]-[23-10-04]__[07-27-46]__0.JPG (20231004-072746.JPG taken)
SKIPPED: /Volumes/ARCHIVE/PHOTOS/2023/2023-10-04/20231004-072746_[X-T5]-[23-10-04]__[07-27-46]__0.RAF (20231004-072746.RAF taken)
SKIPPED: /Volumes/ARCHIVE/PHOTOS/2023/2023-10-04/20231004-072830_[X-T5]-[23-10-04]__[07-28-30]__0.JPG (20231004-072830.JPG taken)
SKIPPED: /Volumes/ARCHIVE/PHOTOS/2023/2023-10-04/20231004-072830_[X-T5]-[23-10-04]__[07-28-30]__0.RAF (20231004-072830.RAF taken)
SKIPPED: /Volumes/ARCHIVE/PHOTOS/2023/2023-10-06/20231006-002331_[X-T5]-[23-10-06]__[00-23-31]__0.JPG (20231006-002331.JPG taken)
SKIPPED: /Volumes/ARCHIVE/PHOTOS/2023/2023-10-06/20231006-002331_[X-T5]-[23-10-06]__[00-23-31]__0.RAF (20231006-002331.RAF taken)
SKIPPED: /Volumes/ARCHIVE/PHOTOS/2023/2023-10-06/20231006-002623_[X-T5]-[23-10-06]__[00-26-23]__0.JPG (20231006-002623.JPG taken)
SKIPPED: /Volumes/ARCHIVE/PHOTOS/2023/2023-10-06/20231006-002623_[X-T5]-[23-10-06]__[00-26-23]__0.RAF (20231006-002623.RAF taken)
SKIPPED: /Volumes/ARCHIVE/PHOTOS/2023/2023-10-06/20231006-021814_[X-T5]-[23-10-06]__[02-18-14]__0.JPG (20231006-021814.JPG taken)
SKIPPED: /Volumes/ARCHIVE/PHOTOS/2023/2023-10-06/20231006-021814_[X-T5]-[23-10-06]__[02-18-14]__0.RAF (20231006-021814.RAF taken)
SKIPPED: /Volumes/ARCHIVE/PHOTOS/2023/2023-10-06/20231006-021851_[X-T5]-[23-10-06]__[02-18-51]__0.JPG (20231006-021851.JPG taken)
SKIPPED: /Volumes/ARCHIVE/PHOTOS/2023/2023-10-06/20231006-021851_[X-T5]-[23-10-06]__[02-18-51]__0.RAF (20231006-021851.RAF taken)
SKIPPED: /Volumes/ARCHIVE/PHOTOS/2023/2023-10-06/20231006-021906_[X-T5]-[23-10-06]__[02-19-06]__0.JPG (20231006-021906.JPG taken)
SKIPPED: /Volumes/ARCHIVE/PHOTOS/2023/2023-10-06/20231006-021906_[X-T5]-[23-10-06]__[02-19-06]__0.RAF (20231006-021906.RAF taken)
SKIPPED: /Volumes/ARCHIVE/PHOTOS/2023/2023-10-06/20231006-183426_[X100F]-[23-10-06]__[18-34-26]__0.JPG (20231006-183426.JPG taken)
SKIPPED: /Volumes/ARCHIVE/PHOTOS/2023/2023-10-06/20231006-183723_[X100F]-[23-10-06]__[18-37-23]__0.JPG (20231006-183723.JPG taken)
SKIPPED: /Volumes/ARCHIVE/PHOTOS/2023/2023-10-06/20231006-183813_[X100F]-[23-10-06]__[18-38-13]__0.JPG (20231006-183813.JPG taken)
SKIPPED: /Volumes/ARCHIVE/PHOTOS/2023/2023-10-06/20231006-184029_[X100F]-[23-10-06]__[18-40-29]__0.JPG (20231006-184029.JPG taken)
SKIPPED: /Volumes/ARCHIVE/PHOTOS/2023/2023-10-06/20231006-184434_[X100F]-[23-10-06]__[18-44-34]__0.JPG (20231006-184434.JPG taken)
SKIPPED: /Volumes/ARCHIVE/PHOTOS/2023/2023-10-06/20231006-185409_[X100F]-[23-10-06]__[18-54-09]__0.JPG (20231006-185409.JPG taken)
SKIPPED: /Volumes/ARCHIVE/PHOTOS/2023/2023-10-07/20231007-120438_[X100F]-[23-10-07]__[12-04-38]__0.JPG (20231007-120438.JPG taken)
SKIPPED: /Volumes/ARCHIVE/PHOTOS/2023/2023-10-13/20231013-103836_[X100F]-[23-10-13]__[10-38-36]__0.JPG (20231013-103836.JPG taken)
SKIPPED: /Volumes/ARCHIVE/PHOTOS/2023/2023-10-13/20231013-103910_[X100F]-[23-10-13]__[10-39-10]__0.JPG (20231013-103910.JPG taken)
SKIPPED: /Volumes/ARCHIVE/PHOTOS/2023/2023-10-13/20231013-104555_[X100F]-[23-10-13]__[10-45-55]__0.JPG (20231013-104555.JPG taken)
SKIPPED: /Volumes/ARCHIVE/PHOTOS/2023/2023-10-13/20231013-104707_[X100F]-[23-10-13]__[10-47-07]__0.JPG (20231013-104707.JPG taken)
SKIPPED: /Volumes/ARCHIVE/PHOTOS/2023/2023-10-13/20231013-104950_[X100F]-[23-10-13]__[10-49-50]__0.JPG (20231013-104950.JPG taken)
SKIPPED: /Volumes/ARCHIVE/PHOTOS/2023/2023-10-13/20231013-105202_[X100F]-[23-10-13]__[10-52-02]__0.JPG (20231013-105202.JPG taken)
SKIPPED: /Volumes/ARCHIVE/PHOTOS/2023/2023-10-13/20231013-122712_[X100F]-[23-10-13]__[12-27-12]__0.JPG (20231013-122712.JPG taken)
SKIPPED: /Volumes/ARCHIVE/PHOTOS/2023/2023-10-13/20231013-152823_[X100F]-[23-10-13]__[15-28-23]__0.JPG (20231013-152823.JPG taken)
SKIPPED: /Volumes/ARCHIVE/PHOTOS/2023/2023-10-14/20231014-063742_[X-T5]-[23-10-14]__[06-37-42]__0.JPG (20231014-063742.JPG taken)
SKIPPED: /Volumes/ARCHIVE/PHOTOS/2023/2023-10-14/20231014-063742_[X-T5]-[23-10-14]__[06-37-42]__0.RAF (20231014-063742.RAF taken)
SKIPPED: /Volumes/ARCHIVE/PHOTOS/2023/2023-10-14/20231014-180019_[X100F]-[23-10-14]__[18-00-19]__0.JPG (20231014-180019.JPG taken)
SKIPPED: /Volumes/ARCHIVE/PHOTOS/2023/2023-10-14/20231014-180158_[X100F]-[23-10-14]__[18-01-58]__0.JPG (20231014-180158.JPG taken)
SKIPPED: /Volumes/ARCHIVE/PHOTOS/2023/2023-10-14/20231014-180734_[X100F]-[23-10-14]__[18-07-34]__0.JPG (20231014-180734.JPG taken)
SKIPPED: /Volumes/ARCHIVE/PHOTOS/2023/2023-10-14/20231014-183005_[X100F]-[23-10-14]__[18-30-05]__0.JPG (20231014-183005.JPG taken)
SKIPPED: /Volumes/ARCHIVE/PHOTOS/2023/2023-10-14/20231014-190525_[X-T5]-[23-10-14]__[19-05-25]__0.JPG (20231014-190525.JPG taken)
SKIPPED: /Volumes/ARCHIVE/PHOTOS/2023/2023-10-14/20231014-190525_[X-T5]-[23-10-14]__[19-05-25]__0.RAF (20231014-190525.RAF taken)
SKIPPED: /Volumes/ARCHIVE/PHOTOS/2023/2023-10-14/20231014-190544_[X-T5]-[23-10-14]__[19-05-44]__0.JPG (20231014-190544.JPG taken)
SKIPPED: /Volumes/ARCHIVE/PHOTOS/2023/2023-10-14/20231014-190544_[X-T5]-[23-10-14]__[19-05-44]__0.RAF (20231014-190544.RAF taken)
SKIPPED: /Volumes/ARCHIVE/PHOTOS/2023/2023-10-14/20231014-190621_[X-T5]-[23-10-14]__[19-06-21]__0.JPG (20231014-190621.JPG taken)
SKIPPED: /Volumes/ARCHIVE/PHOTOS/2023/2023-10-14/20231014-190621_[X-T5]-[23-10-14]__[19-06-21]__0.RAF (20231014-190621.RAF taken)
SKIPPED: /Volumes/ARCHIVE/PHOTOS/2023/2023-10-15/20231015-101328_[X100F]-[23-10-15]__[10-13-28]__0.JPG (20231015-101328.JPG taken)
SKIPPED: /Volumes/ARCHIVE/PHOTOS/2023/2023-10-15/20231015-101544_[X100F]-[23-10-15]__[10-15-44]__0.JPG (20231015-101544.JPG taken)
SKIPPED: /Volumes/ARCHIVE/PHOTOS/2023/2023-10-15/20231015-133933_[X100F]-[23-10-15]__[13-39-33]__0.JPG (20231015-133933.JPG taken)
SKIPPED: /Volumes/ARCHIVE/PHOTOS/2023/2023-10-15/20231015-133951_[X100F]-[23-10-15]__[13-39-51]__0.JPG (20231015-133951.JPG taken)
SKIPPED: /Volumes/ARCHIVE/PHOTOS/2023/2023-10-15/20231015-133957_[X100F]-[23-10-15]__[13-39-57]__0.JPG (20231015-133957.JPG taken)
SKIPPED: /Volumes/ARCHIVE/PHOTOS/2023/2023-10-15/20231015-134012_[X100F]-[23-10-15]__[13-40-12]__0.JPG (20231015-134012.JPG taken)
SKIPPED: /Volumes/ARCHIVE/PHOTOS/2023/2023-10-15/20231015-134048_[X100F]-[23-10-15]__[13-40-48]__0.JPG (20231015-134048.JPG taken)
SKIPPED: /Volumes/ARCHIVE/PHOTOS/2023/2023-10-15/20231015-134159_[X100F]-[23-10-15]__[13-41-59]__0.JPG (20231015-134159.JPG taken)
SKIPPED: /Volumes/ARCHIVE/PHOTOS/2023/2023-10-15/20231015-134645_[X100F]-[23-10-15]__[13-46-45]__0.JPG (20231015-134645.JPG taken)
SKIPPED: /Volumes/ARCHIVE/PHOTOS/2023/2023-10-15/20231015-134733_[X100F]-[23-10-15]__[13-47-33]__0.JPG (20231015-134733.JPG taken)
SKIPPED: /Volumes/ARCHIVE/PHOTOS/2023/2023-10-15/20231015-140025_[X100F]-[23-10-15]__[14-00-25]__0.JPG (20231015-140025.JPG taken)
SKIPPED: /Volumes/ARCHIVE/PHOTOS/2023/2023-10-16/20231016-053952_[X100F]-[23-10-16]__[05-39-52]__0.JPG (20231016-053952.JPG taken)
SKIPPED: /Volumes/ARCHIVE/PHOTOS/2023/2023-10-16/20231016-054007_[X100F]-[23-10-16]__[05-40-07]__0.JPG (20231016-054007.JPG taken)
SKIPPED: /Volumes/ARCHIVE/PHOTOS/2023/2023-10-16/20231016-062010_[X100F]-[23-10-16]__[06-20-10]__0.JPG (20231016-062010.JPG taken)
SKIPPED: /Volumes/ARCHIVE/PHOTOS/2023/2023-10-16/20231016-081421_[X100F]-[23-10-16]__[08-14-21]__0.JPG (20231016-081421.JPG taken)
SKIPPED: /Volumes/ARCHIVE/PHOTOS/2023/2023-10-16/20231016-081429_[X100F]-[23-10-16]__[08-14-29]__0.JPG (20231016-081429.JPG taken)
SKIPPED: /Volumes/ARCHIVE/PHOTOS/2023/2023-10-16/20231016-160539_[X100F]-[23-10-16]__[16-05-39]__0.JPG (20231016-160539.JPG taken)
SKIPPED: /Volumes/ARCHIVE/PHOTOS/2023/2023-10-16/20231016-161553_[X100F]-[23-10-16]__[16-15-53]__0.JPG (20231016-161553.JPG taken)
SKIPPED: /Volumes/ARCHIVE/PHOTOS/2023/2023-10-16/20231016-182234_[X-T5]-[23-10-16]__[18-22-34]__0.JPG (20231016-182234.JPG taken)
SKIPPED: /Volumes/ARCHIVE/PHOTOS/2023/2023-10-16/20231016-182234_[X-T5]-[23-10-16]__[18-22-34]__0.RAF (20231016-182234.RAF taken)
SKIPPED: /Volumes/ARCHIVE/PHOTOS/2023/2023-10-16/20231016-233734_[X-T5]-[23-10-16]__[23-37-34]__0.JPG (20231016-233734.JPG taken)
SKIPPED: /Volumes/ARCHIVE/PHOTOS/2023/2023-10-16/20231016-233734_[X-T5]-[23-10-16]__[23-37-34]__0.RAF (20231016-233734.RAF taken)
SKIPPED: /Volumes/ARCHIVE/PHOTOS/2023/2023-10-16/20231016-233748_[X-T5]-[23-10-16]__[23-37-48]__0.JPG (20231016-233748.JPG taken)
SKIPPED: /Volumes/ARCHIVE/PHOTOS/2023/2023-10-16/20231016-233748_[X-T5]-[23-10-16]__[23-37-48]__0.RAF (20231016-233748.RAF taken)
SKIPPED: /Volumes/ARCHIVE/PHOTOS/2023/2023-10-16/20231016-233821_[X-T5]-[23-10-16]__[23-38-21]__0.JPG (20231016-233821.JPG taken)
SKIPPED: /Volumes/ARCHIVE/PHOTOS/2023/2023-10-16/20231016-233821_[X-T5]-[23-10-16]__[23-38-21]__0.RAF (20231016-233821.RAF taken)
SKIPPED: /Volumes/ARCHIVE/PHOTOS/2023/2023-10-16/20231016-233858_[X-T5]-[23-10-16]__[23-38-58]__0.JPG (20231016-233858.JPG taken)
SKIPPED: /Volumes/ARCHIVE/PHOTOS/2023/2023-10-16/20231016-233858_[X-T5]-[23-10-16]__[23-38-58]__0.RAF (20231016-233858.RAF taken)
SKIPPED: /Volumes/ARCHIVE/PHOTOS/2023/2023-10-16/20231016-233915_[X-T5]-[23-10-16]__[23-39-15]__0.JPG (20231016-233915.JPG taken)
SKIPPED: /Volumes/ARCHIVE/PHOTOS/2023/2023-10-16/20231016-233915_[X-T5]-[23-10-16]__[23-39-15]__0.RAF (20231016-233915.RAF taken)
SKIPPED: /Volumes/ARCHIVE/PHOTOS/2023/2023-10-17/20231017-052958_[X-T5]-[23-10-17]__[05-29-58]__0.JPG (20231017-052958.JPG taken)
SKIPPED: /Volumes/ARCHIVE/PHOTOS/2023/2023-10-17/20231017-052958_[X-T5]-[23-10-17]__[05-29-58]__0.RAF (20231017-052958.RAF taken)
SKIPPED: /Volumes/ARCHIVE/PHOTOS/2023/2023-10-17/20231017-092656_[X100F]-[23-10-17]__[09-26-56]__0.JPG (20231017-092656.JPG taken)
SKIPPED: /Volumes/ARCHIVE/PHOTOS/2023/2023-10-17/20231017-093400_[X100F]-[23-10-17]__[09-34-00]__0.JPG (20231017-093400.JPG taken)
SKIPPED: /Volumes/ARCHIVE/PHOTOS/2023/2023-10-17/20231017-093606_[X100F]-[23-10-17]__[09-36-06]__0.JPG (20231017-093606.JPG taken)
SKIPPED: /Volumes/ARCHIVE/PHOTOS/2023/2023-10-17/20231017-093617_[X100F]-[23-10-17]__[09-36-17]__0.JPG (20231017-093617.JPG taken)
SKIPPED: /Volumes/ARCHIVE/PHOTOS/2023/2023-10-17/20231017-093703_[X100F]-[23-10-17]__[09-37-03]__0.JPG (20231017-093703.JPG taken)
SKIPPED: /Volumes/ARCHIVE/PHOTOS/2023/2023-10-17/20231017-093952_[X100F]-[23-10-17]__[09-39-52]__0.JPG (20231017-093952.JPG taken)
SKIPPED: /Volumes/ARCHIVE/PHOTOS/2023/2023-10-17/20231017-094034_[X100F]-[23-10-17]__[09-40-34]__0.JPG (20231017-094034.JPG taken)
SKIPPED: /Volumes/ARCHIVE/PHOTOS/2023/2023-10-17/20231017-094054_[X100F]-[23-10-17]__[09-40-54]__0.JPG (20231017-094054.JPG taken)
SKIPPED: /Volumes/ARCHIVE/PHOTOS/2023/2023-10-17/20231017-094723_[X100F]-[23-10-17]__[09-47-23]__0.JPG (20231017-094723.JPG taken)
SKIPPED: /Volumes/ARCHIVE/PHOTOS/2023/2023-10-17/20231017-095622_[X100F]-[23-10-17]__[09-56-22]__0.JPG (20231017-095622.JPG taken)
SKIPPED: /Volumes/ARCHIVE/PHOTOS/2023/2023-10-17/20231017-095758_[X100F]-[23-10-17]__[09-57-58]__0.JPG (20231017-095758.JPG taken)
SKIPPED: /Volumes/ARCHIVE/PHOTOS/2023/2023-10-17/20231017-100441_[X100F]-[23-10-17]__[10-04-41]__0.JPG (20231017-100441.JPG taken)
SKIPPED: /Volumes/ARCHIVE/PHOTOS/2023/2023-10-17/20231017-101448_[X100F]-[23-10-17]__[10-14-48]__0.JPG (20231017-101448.JPG taken)
SKIPPED: /Volumes/ARCHIVE/PHOTOS/2023/2023-10-17/20231017-101652_[X100F]-[23-10-17]__[10-16-52]__0.JPG (20231017-101652.JPG taken)
SKIPPED: /Volumes/ARCHIVE/PHOTOS/2023/2023-10-17/20231017-101657_[X100F]-[23-10-17]__[10-16-57]__0.JPG (20231017-101657.JPG taken)
SKIPPED: /Volumes/ARCHIVE/PHOTOS/2023/2023-10-17/20231017-111147_[X100F]-[23-10-17]__[11-11-47]__0.JPG (20231017-111147.JPG taken)
SKIPPED: /Volumes/ARCHIVE/PHOTOS/2023/2023-10-17/20231017-111511_[X100F]-[23-10-17]__[11-15-11]__0.JPG (20231017-111511.JPG taken)
SKIPPED: /Volumes/ARCHIVE/PHOTOS/2023/2023-10-17/20231017-112506_[X100F]-[23-10-17]__[11-25-06]__0.JPG (20231017-112506.JPG taken)
SKIPPED: /Volumes/ARCHIVE/PHOTOS/2023/2023-10-17/20231017-113505_[X100F]-[23-10-17]__[11-35-05]__0.JPG (20231017-113505.JPG taken)
SKIPPED: /Volumes/ARCHIVE/PHOTOS/2023/2023-10-17/20231017-114117_[X100F]-[23-10-17]__[11-41-17]__0.JPG (20231017-114117.JPG taken)
SKIPPED: /Volumes/ARCHIVE/PHOTOS/2023/2023-10-17/20231017-114156_[X100F]-[23-10-17]__[11-41-56]__0.JPG (20231017-114156.JPG taken)
SKIPPED: /Volumes/ARCHIVE/PHOTOS/2023/2023-10-17/20231017-114844_[X100F]-[23-10-17]__[11-48-44]__0.JPG (20231017-114844.JPG taken)
SKIPPED: /Volumes/ARCHIVE/PHOTOS/2023/2023-10-17/20231017-115253_[X100F]-[23-10-17]__[11-52-53]__0.JPG (20231017-115253.JPG taken)
SKIPPED: /Volumes/ARCHIVE/PHOTOS/2023/2023-10-17/20231017-115259_[X100F]-[23-10-17]__[11-52-59]__0.JPG (20231017-115259.JPG taken)
SKIPPED: /Volumes/ARCHIVE/PHOTOS/2023/2023-10-17/20231017-115634_[X100F]-[23-10-17]__[11-56-34]__0.JPG (20231017-115634.JPG taken)
SKIPPED: /Volumes/ARCHIVE/PHOTOS/2023/2023-10-17/20231017-115818_[X100F]-[23-10-17]__[11-58-18]__0.JPG (20231017-115818.JPG taken)
SKIPPED: /Volumes/ARCHIVE/PHOTOS/2023/2023-10-17/20231017-115846_[X100F]-[23-10-17]__[11-58-46]__0.JPG (20231017-115846.JPG taken)
SKIPPED: /Volumes/ARCHIVE/PHOTOS/2023/2023-10-17/20231017-120417_[X100F]-[23-10-17]__[12-04-17]__0.JPG (20231017-120417.JPG taken)
SKIPPED: /Volumes/ARCHIVE/PHOTOS/2023/2023-10-17/20231017-120936_[X100F]-[23-10-17]__[12-09-36]__0.JPG (20231017-120936.JPG taken)
SKIPPED: /Volumes/ARCHIVE/PHOTOS/2023/2023-10-17/20231017-121011_[X100F]-[23-10-17]__[12-10-11]__0.JPG (20231017-121011.JPG taken)
SKIPPED: /Volumes/ARCHIVE/PHOTOS/2023/2023-10-17/20231017-121426_[X100F]-[23-10-17]__[12-14-26]__0.JPG (20231017-121426.JPG taken)
SKIPPED: /Volumes/ARCHIVE/PHOTOS/2023/2023-10-17/20231017-121823_[X100F]-[23-10-17]__[12-18-23]__0.JPG (20231017-121823.JPG taken)
SKIPPED: /Volumes/ARCHIVE/PHOTOS/2023/2023-10-17/20231017-122255_[X100F]-[23-10-17]__[12-22-55]__0.JPG (20231017-122255.JPG taken)
SKIPPED: /Volumes/ARCHIVE/PHOTOS/2023/2023-10-17/20231017-123640_[X100F]-[23-10-17]__[12-36-40]__0.JPG (20231017-123640.JPG taken)
SKIPPED: /Volumes/ARCHIVE/PHOTOS/2023/2023-10-17/20231017-123654_[X100F]-[23-10-17]__[12-36-54]__0.JPG (20231017-123654.JPG taken)
SKIPPED: /Volumes/ARCHIVE/PHOTOS/2023/2023-10-17/20231017-124128_[X100F]-[23-10-17]__[12-41-28]__0.JPG (20231017-124128.JPG taken)
SKIPPED: /Volumes/ARCHIVE/PHOTOS/2023/2023-10-17/20231017-125058_[X100F]-[23-10-17]__[12-50-58]__0.JPG (20231017-125058.JPG taken)
SKIPPED: /Volumes/ARCHIVE/PHOTOS/2023/2023-10-17/20231017-125100_[X100F]-[23-10-17]__[12-51-00]__0.JPG (20231017-125100.JPG taken)
SKIPPED: /Volumes/ARCHIVE/PHOTOS/2023/2023-10-17/20231017-125109_[X100F]-[23-10-17]__[12-51-09]__0.JPG (20231017-125109.JPG taken)
SKIPPED: /Volumes/ARCHIVE/PHOTOS/2023/2023-10-17/20231017-125112_[X100F]-[23-10-17]__[12-51-12]__0.JPG (20231017-125112.JPG taken)
SKIPPED: /Volumes/ARCHIVE/PHOTOS/2023/2023-10-17/20231017-125115_[X100F]-[23-10-17]__[12-51-15]__0.JPG (20231017-125115.JPG taken)
SKIPPED: /Volumes/ARCHIVE/PHOTOS/2023/2023-10-17/20231017-131416_[X100F]-[23-10-17]__[13-14-16]__0.JPG (20231017-131416.JPG taken)
SKIPPED: /Volumes/ARCHIVE/PHOTOS/2023/2023-10-17/20231017-131617_[X100F]-[23-10-17]__[13-16-17]__0.JPG (20231017-131617.JPG taken)
SKIPPED: /Volumes/ARCHIVE/PHOTOS/2023/2023-10-17/20231017-132103_[X100F]-[23-10-17]__[13-21-03]__0.JPG (20231017-132103.JPG taken)
SKIPPED: /Volumes/ARCHIVE/PHOTOS/2023/2023-10-17/20231017-132155_[X100F]-[23-10-17]__[13-21-55]__0.JPG (20231017-132155.JPG taken)
SKIPPED: /Volumes/ARCHIVE/PHOTOS/2023/2023-10-17/20231017-132319_[X100F]-[23-10-17]__[13-23-19]__0.JPG (20231017-132319.JPG taken)
SKIPPED: /Volumes/ARCHIVE/PHOTOS/2023/2023-10-17/20231017-132338_[X100F]-[23-10-17]__[13-23-38]__0.JPG (20231017-132338.JPG taken)
SKIPPED: /Volumes/ARCHIVE/PHOTOS/2023/2023-10-17/20231017-132526_[X100F]-[23-10-17]__[13-25-26]__0.JPG (20231017-132526.JPG taken)
SKIPPED: /Volumes/ARCHIVE/PHOTOS/2023/2023-10-17/20231017-133233_[X100F]-[23-10-17]__[13-32-33]__0.JPG (20231017-133233.JPG taken)
SKIPPED: /Volumes/ARCHIVE/PHOTOS/2023/2023-10-17/20231017-134414_[X100F]-[23-10-17]__[13-44-14]__0.JPG (20231017-134414.JPG taken)
SKIPPED: /Volumes/ARCHIVE/PHOTOS/2023/2023-10-17/20231017-135642_[X100F]-[23-10-17]__[13-56-42]__0.JPG (20231017-135642.JPG taken)
SKIPPED: /Volumes/ARCHIVE/PHOTOS/2023/2023-10-17/20231017-135746_[X100F]-[23-10-17]__[13-57-46]__0.JPG (20231017-135746.JPG taken)
SKIPPED: /Volumes/ARCHIVE/PHOTOS/2023/2023-10-17/20231017-141015_[X-T5]-[23-10-17]__[14-10-15]__0.JPG (20231017-141015.JPG taken)
SKIPPED: /Volumes/ARCHIVE/PHOTOS/2023/2023-10-17/20231017-141015_[X-T5]-[23-10-17]__[14-10-15]__0.RAF (20231017-141015.RAF taken)
SKIPPED: /Volumes/ARCHIVE/PHOTOS/2023/2023-10-17/20231017-141642_[X-T5]-[23-10-17]__[14-16-42]__0.JPG (20231017-141642.JPG taken)
SKIPPED: /Volumes/ARCHIVE/PHOTOS/2023/2023-10-17/20231017-141642_[X-T5]-[23-10-17]__[14-16-42]__0.RAF (20231017-141642.RAF taken)
SKIPPED: /Volumes/ARCHIVE/PHOTOS/2023/2023-10-17/20231017-142523_[X100F]-[23-10-17]__[14-25-23]__0.JPG (20231017-142523.JPG taken)
SKIPPED: /Volumes/ARCHIVE/PHOTOS/2023/2023-10-17/20231017-145554_[X-T5]-[23-10-17]__[14-55-54]__0.JPG (20231017-145554.JPG taken)
SKIPPED: /Volumes/ARCHIVE/PHOTOS/2023/2023-10-17/20231017-145554_[X-T5]-[23-10-17]__[14-55-54]__0.RAF (20231017-145554.RAF taken)
SKIPPED: /Volumes/ARCHIVE/PHOTOS/2023/2023-10-17/20231017-145843_[X-T5]-[23-10-17]__[14-58-43]__0.JPG (20231017-145843.JPG taken)
SKIPPED: /Volumes/ARCHIVE/PHOTOS/2023/2023-10-17/20231017-145843_[X-T5]-[23-10-17]__[14-58-43]__0.RAF (20231017-145843.RAF taken)
SKIPPED: /Volumes/ARCHIVE/PHOTOS/2023/2023-10-17/20231017-153309_[X100F]-[23-10-17]__[15-33-09]__0.JPG (20231017-153309.JPG taken)
SKIPPED: /Volumes/ARCHIVE/PHOTOS/2023/2023-10-17/20231017-153815_[X100F]-[23-10-17]__[15-38-15]__0.JPG (20231017-153815.JPG taken)
SKIPPED: /Volumes/ARCHIVE/PHOTOS/2023/2023-10-17/20231017-153826_[X100F]-[23-10-17]__[15-38-26]__0.JPG (20231017-153826.JPG taken)
SKIPPED: /Volumes/ARCHIVE/PHOTOS/2023/2023-10-17/20231017-153852_[X100F]-[23-10-17]__[15-38-52]__0.JPG (20231017-153852.JPG taken)
SKIPPED: /Volumes/ARCHIVE/PHOTOS/2023/2023-10-17/20231017-153915_[X100F]-[23-10-17]__[15-39-15]__0.JPG (20231017-153915.JPG taken)
SKIPPED: /Volumes/ARCHIVE/PHOTOS/2023/2023-10-17/20231017-153925_[X100F]-[23-10-17]__[15-39-25]__0.JPG (20231017-153925.JPG taken)
SKIPPED: /Volumes/ARCHIVE/PHOTOS/2023/2023-10-17/20231017-155009_[X-T5]-[23-10-17]__[15-50-09]__0.JPG (20231017-155009.JPG taken)
SKIPPED: /Volumes/ARCHIVE/PHOTOS/2023/2023-10-17/20231017-155009_[X-T5]-[23-10-17]__[15-50-09]__0.RAF (20231017-155009.RAF taken)
SKIPPED: /Volumes/ARCHIVE/PHOTOS/2023/2023-10-17/20231017-155135_[X100F]-[23-10-17]__[15-51-35]__0.JPG (20231017-155135.JPG taken)
SKIPPED: /Volumes/ARCHIVE/PHOTOS/2023/2023-10-17/20231017-155250_[X100F]-[23-10-17]__[15-52-50]__0.JPG (20231017-155250.JPG taken)
SKIPPED: /Volumes/ARCHIVE/PHOTOS/2023/2023-10-17/20231017-155336_[X100F]-[23-10-17]__[15-53-36]__0.JPG (20231017-155336.JPG taken)
SKIPPED: /Volumes/ARCHIVE/PHOTOS/2023/2023-10-17/20231017-160837_[X-T5]-[23-10-17]__[16-08-37]__0.JPG (20231017-160837.JPG taken)
SKIPPED: /Volumes/ARCHIVE/PHOTOS/2023/2023-10-17/20231017-160837_[X-T5]-[23-10-17]__[16-08-37]__0.RAF (20231017-160837.RAF taken)
SKIPPED: /Volumes/ARCHIVE/PHOTOS/2023/2023-10-17/20231017-163705_[X-T5]-[23-10-17]__[16-37-05]__0.JPG (20231017-163705.JPG taken)
SKIPPED: /Volumes/ARCHIVE/PHOTOS/2023/2023-10-17/20231017-163705_[X-T5]-[23-10-17]__[16-37-05]__0.RAF (20231017-163705.RAF taken)
SKIPPED: /Volumes/ARCHIVE/PHOTOS/2023/2023-10-17/20231017-164351_[X-T5]-[23-10-17]__[16-43-51]__0.JPG (20231017-164351.JPG taken)
SKIPPED: /Volumes/ARCHIVE/PHOTOS/2023/2023-10-17/20231017-164351_[X-T5]-[23-10-17]__[16-43-51]__0.RAF (20231017-164351.RAF taken)
SKIPPED: /Volumes/ARCHIVE/PHOTOS/2023/2023-10-17/20231017-170626_[X-T5]-[23-10-17]__[17-06-26]__0.JPG (20231017-170626.JPG taken)
SKIPPED: /Volumes/ARCHIVE/PHOTOS/2023/2023-10-17/20231017-170626_[X-T5]-[23-10-17]__[17-06-26]__0.RAF (20231017-170626.RAF taken)
SKIPPED: /Volumes/ARCHIVE/PHOTOS/2023/2023-10-17/20231017-170651_[X100F]-[23-10-17]__[17-06-51]__0.JPG (20231017-170651.JPG taken)
SKIPPED: /Volumes/ARCHIVE/PHOTOS/2023/2023-10-17/20231017-170822_[X100F]-[23-10-17]__[17-08-22]__0.JPG (20231017-170822.JPG taken)
SKIPPED: /Volumes/ARCHIVE/PHOTOS/2023/2023-10-17/20231017-171537_[X-T5]-[23-10-17]__[17-15-37]__0.JPG (20231017-171537.JPG taken)
SKIPPED: /Volumes/ARCHIVE/PHOTOS/2023/2023-10-17/20231017-171537_[X-T5]-[23-10-17]__[17-15-37]__0.RAF (20231017-171537.RAF taken)
SKIPPED: /Volumes/ARCHIVE/PHOTOS/2023/2023-10-17/20231017-171545_[X-T5]-[23-10-17]__[17-15-45]__0.JPG (20231017-171545.JPG taken)
SKIPPED: /Volumes/ARCHIVE/PHOTOS/2023/2023-10-17/20231017-171545_[X-T5]-[23-10-17]__[17-15-45]__0.RAF (20231017-171545.RAF taken)
SKIPPED: /Volumes/ARCHIVE/PHOTOS/2023/2023-10-17/20231017-171617_[X-T5]-[23-10-17]__[17-16-17]__0.JPG (20231017-171617.JPG taken)
SKIPPED: /Volumes/ARCHIVE/PHOTOS/2023/2023-10-17/20231017-171617_[X-T5]-[23-10-17]__[17-16-17]__0.RAF (20231017-171617.RAF taken)
SKIPPED: /Volumes/ARCHIVE/PHOTOS/2023/2023-10-17/20231017-171745_[X100F]-[23-10-17]__[17-17-45]__0.JPG (20231017-171745.JPG taken)
SKIPPED: /Volumes/ARCHIVE/PHOTOS/2023/2023-10-17/20231017-173030_[X100F]-[23-10-17]__[17-30-30]__0.JPG (20231017-173030.JPG taken)
SKIPPED: /Volumes/ARCHIVE/PHOTOS/2023/2023-10-17/20231017-173045_[X100F]-[23-10-17]__[17-30-45]__0.JPG (20231017-173045.JPG taken)
SKIPPED: /Volumes/ARCHIVE/PHOTOS/2023/2023-10-17/20231017-174320_[X-T5]-[23-10-17]__[17-43-20]__0.JPG (20231017-174320.JPG taken)
SKIPPED: /Volumes/ARCHIVE/PHOTOS/2023/2023-10-17/20231017-174320_[X-T5]-[23-10-17]__[17-43-20]__0.RAF (20231017-174320.RAF taken)
SKIPPED: /Volumes/ARCHIVE/PHOTOS/2023/2023-10-17/20231017-174341_[X-T5]-[23-10-17]__[17-43-41]__0.JPG (20231017-174341.JPG taken)
SKIPPED: /Volumes/ARCHIVE/PHOTOS/2023/2023-10-17/20231017-174341_[X-T5]-[23-10-17]__[17-43-41]__0.RAF (20231017-174341.RAF taken)
SKIPPED: /Volumes/ARCHIVE/PHOTOS/2023/2023-10-17/20231017-174423_[X-T5]-[23-10-17]__[17-44-23]__0.JPG (20231017-174423.JPG taken)
SKIPPED: /Volumes/ARCHIVE/PHOTOS/2023/2023-10-17/20231017-174423_[X-T5]-[23-10-17]__[17-44-23]__0.RAF (20231017-174423.RAF taken)
SKIPPED: /Volumes/ARCHIVE/PHOTOS/2023/2023-10-17/20231017-174653_[X100F]-[23-10-17]__[17-46-53]__0.JPG (20231017-174653.JPG taken)
SKIPPED: /Volumes/ARCHIVE/PHOTOS/2023/2023-10-17/20231017-175347_[X-T5]-[23-10-17]__[17-53-47]__0.JPG (20231017-175347.JPG taken)
SKIPPED: /Volumes/ARCHIVE/PHOTOS/2023/2023-10-17/20231017-175347_[X-T5]-[23-10-17]__[17-53-47]__0.RAF (20231017-175347.RAF taken)
SKIPPED: /Volumes/ARCHIVE/PHOTOS/2023/2023-10-17/20231017-175707_[X-T5]-[23-10-17]__[17-57-07]__0.JPG (20231017-175707.JPG taken)
SKIPPED: /Volumes/ARCHIVE/PHOTOS/2023/2023-10-17/20231017-175707_[X-T5]-[23-10-17]__[17-57-07]__0.RAF (20231017-175707.RAF taken)
SKIPPED: /Volumes/ARCHIVE/PHOTOS/2023/2023-10-17/20231017-182059_[X-T5]-[23-10-17]__[18-20-59]__0.JPG (20231017-182059.JPG taken)
SKIPPED: /Volumes/ARCHIVE/PHOTOS/2023/2023-10-17/20231017-182059_[X-T5]-[23-10-17]__[18-20-59]__0.RAF (20231017-182059.RAF taken)
SKIPPED: /Volumes/ARCHIVE/PHOTOS/2023/2023-10-17/20231017-182725_[X-T5]-[23-10-17]__[18-27-25]__0.JPG (20231017-182725.JPG taken)
SKIPPED: /Volumes/ARCHIVE/PHOTOS/2023/2023-10-17/20231017-182725_[X-T5]-[23-10-17]__[18-27-25]__0.RAF (20231017-182725.RAF taken)
SKIPPED: /Volumes/ARCHIVE/PHOTOS/2023/2023-10-17/20231017-182828_[X-T5]-[23-10-17]__[18-28-28]__0.JPG (20231017-182828.JPG taken)
SKIPPED: /Volumes/ARCHIVE/PHOTOS/2023/2023-10-17/20231017-182828_[X-T5]-[23-10-17]__[18-28-28]__0.RAF (20231017-182828.RAF taken)
SKIPPED: /Volumes/ARCHIVE/PHOTOS/2023/2023-10-17/20231017-182852_[X-T5]-[23-10-17]__[18-28-52]__0.JPG (20231017-182852.JPG taken)
SKIPPED: /Volumes/ARCHIVE/PHOTOS/2023/2023-10-17/20231017-182852_[X-T5]-[23-10-17]__[18-28-52]__0.RAF (20231017-182852.RAF taken)
SKIPPED: /Volumes/ARCHIVE/PHOTOS/2023/2023-10-17/20231017-183555_[X-T5]-[23-10-17]__[18-35-55]__0.JPG (20231017-183555.JPG taken)
SKIPPED: /Volumes/ARCHIVE/PHOTOS/2023/2023-10-17/20231017-183555_[X-T5]-[23-10-17]__[18-35-55]__0.RAF (20231017-183555.RAF taken)
SKIPPED: /Volumes/ARCHIVE/PHOTOS/2023/2023-10-17/20231017-184236_[X-T5]-[23-10-17]__[18-42-36]__0.JPG (20231017-184236.JPG taken)
SKIPPED: /Volumes/ARCHIVE/PHOTOS/2023/2023-10-17/20231017-184236_[X-T5]-[23-10-17]__[18-42-36]__0.RAF (20231017-184236.RAF taken)
SKIPPED: /Volumes/ARCHIVE/PHOTOS/2023/2023-10-17/20231017-184358_[X-T5]-[23-10-17]__[18-43-58]__0.JPG (20231017-184358.JPG taken)
SKIPPED: /Volumes/ARCHIVE/PHOTOS/2023/2023-10-17/20231017-184358_[X-T5]-[23-10-17]__[18-43-58]__0.RAF (20231017-184358.RAF taken)
SKIPPED: /Volumes/ARCHIVE/PHOTOS/2023/2023-10-17/20231017-184422_[X-T5]-[23-10-17]__[18-44-22]__0.JPG (20231017-184422.JPG taken)
SKIPPED: /Volumes/ARCHIVE/PHOTOS/2023/2023-10-17/20231017-184422_[X-T5]-[23-10-17]__[18-44-22]__0.RAF (20231017-184422.RAF taken)
SKIPPED: /Volumes/ARCHIVE/PHOTOS/2023/2023-10-17/20231017-184449_[X-T5]-[23-10-17]__[18-44-49]__0.JPG (20231017-184449.JPG taken)
SKIPPED: /Volumes/ARCHIVE/PHOTOS/2023/2023-10-17/20231017-184449_[X-T5]-[23-10-17]__[18-44-49]__0.RAF (20231017-184449.RAF taken)
SKIPPED: /Volumes/ARCHIVE/PHOTOS/2023/2023-10-17/20231017-184500_[X-T5]-[23-10-17]__[18-45-00]__0.JPG (20231017-184500.JPG taken)
SKIPPED: /Volumes/ARCHIVE/PHOTOS/2023/2023-10-17/20231017-184500_[X-T5]-[23-10-17]__[18-45-00]__0.RAF (20231017-184500.RAF taken)
SKIPPED: /Volumes/ARCHIVE/PHOTOS/2023/2023-10-17/20231017-185801_[X-T5]-[23-10-17]__[18-58-01]__0.JPG (20231017-185801.JPG taken)
SKIPPED: /Volumes/ARCHIVE/PHOTOS/2023/2023-10-17/20231017-185801_[X-T5]-[23-10-17]__[18-58-01]__0.RAF (20231017-185801.RAF taken)
SKIPPED: /Volumes/ARCHIVE/PHOTOS/2023/2023-10-17/20231017-191254_[X-T5]-[23-10-17]__[19-12-54]__0.JPG (20231017-191254.JPG taken)
SKIPPED: /Volumes/ARCHIVE/PHOTOS/2023/2023-10-17/20231017-191254_[X-T5]-[23-10-17]__[19-12-54]__0.RAF (20231017-191254.RAF taken)
SKIPPED: /Volumes/ARCHIVE/PHOTOS/2023/2023-10-17/20231017-205634_[X-T5]-[23-10-17]__[20-56-34]__0.JPG (20231017-205634.JPG taken)
SKIPPED: /Volumes/ARCHIVE/PHOTOS/2023/2023-10-17/20231017-205634_[X-T5]-[23-10-17]__[20-56-34]__0.RAF (20231017-205634.RAF taken)
SKIPPED: /Volumes/ARCHIVE/PHOTOS/2023/2023-10-17/20231017-210026_[X-T5]-[23-10-17]__[21-00-26]__0.JPG (20231017-210026.JPG taken)
SKIPPED: /Volumes/ARCHIVE/PHOTOS/2023/2023-10-17/20231017-210026_[X-T5]-[23-10-17]__[21-00-26]__0.RAF (20231017-210026.RAF taken)
SKIPPED: /Volumes/ARCHIVE/PHOTOS/2023/2023-10-17/20231017-210739_[X-T5]-[23-10-17]__[21-07-39]__0.JPG (20231017-210739.JPG taken)
SKIPPED: /Volumes/ARCHIVE/PHOTOS/2023/2023-10-17/20231017-210739_[X-T5]-[23-10-17]__[21-07-39]__0.RAF (20231017-210739.RAF taken)
SKIPPED: /Volumes/ARCHIVE/PHOTOS/2023/2023-10-17/20231017-210818_[X-T5]-[23-10-17]__[21-08-18]__0.JPG (20231017-210818.JPG taken)
SKIPPED: /Volumes/ARCHIVE/PHOTOS/2023/2023-10-17/20231017-210818_[X-T5]-[23-10-17]__[21-08-18]__0.RAF (20231017-210818.RAF taken)
SKIPPED: /Volumes/ARCHIVE/PHOTOS/2023/2023-10-17/20231017-212615_[X-T5]-[23-10-17]__[21-26-15]__0.JPG (20231017-212615.JPG taken)
SKIPPED: /Volumes/ARCHIVE/PHOTOS/2023/2023-10-17/20231017-212615_[X-T5]-[23-10-17]__[21-26-15]__0.RAF (20231017-212615.RAF taken)
SKIPPED: /Volumes/ARCHIVE/PHOTOS/2023/2023-10-17/20231017-212639_[X-T5]-[23-10-17]__[21-26-39]__0.JPG (20231017-212639.JPG taken)
SKIPPED: /Volumes/ARCHIVE/PHOTOS/2023/2023-10-17/20231017-212639_[X-T5]-[23-10-17]__[21-26-39]__0.RAF (20231017-212639.RAF taken)
SKIPPED: /Volumes/ARCHIVE/PHOTOS/2023/2023-10-17/20231017-224332_[X-T5]-[23-10-17]__[22-43-32]__0.JPG (20231017-224332.JPG taken)
SKIPPED: /Volumes/ARCHIVE/PHOTOS/2023/2023-10-17/20231017-224332_[X-T5]-[23-10-17]__[22-43-32]__0.RAF (20231017-224332.RAF taken)
SKIPPED: /Volumes/ARCHIVE/PHOTOS/2023/2023-10-17/20231017-224402_[X-T5]-[23-10-17]__[22-44-02]__0.JPG (20231017-224402.JPG taken)
SKIPPED: /Volumes/ARCHIVE/PHOTOS/2023/2023-10-17/20231017-224402_[X-T5]-[23-10-17]__[22-44-02]__0.RAF (20231017-224402.RAF taken)
SKIPPED: /Volumes/ARCHIVE/PHOTOS/2023/2023-10-17/20231017-224454_[X-T5]-[23-10-17]__[22-44-54]__0.JPG (20231017-224454.JPG taken)
SKIPPED: /Volumes/ARCHIVE/PHOTOS/2023/2023-10-17/20231017-224454_[X-T5]-[23-10-17]__[22-44-54]__0.RAF (20231017-224454.RAF taken)
SKIPPED: /Volumes/ARCHIVE/PHOTOS/2023/2023-10-17/20231017-224607_[X-T5]-[23-10-17]__[22-46-07]__0.JPG (20231017-224607.JPG taken)
SKIPPED: /Volumes/ARCHIVE/PHOTOS/2023/2023-10-17/20231017-224607_[X-T5]-[23-10-17]__[22-46-07]__0.RAF (20231017-224607.RAF taken)
SKIPPED: /Volumes/ARCHIVE/PHOTOS/2023/2023-10-17/20231017-224903_[X-T5]-[23-10-17]__[22-49-03]__0.JPG (20231017-224903.JPG taken)
SKIPPED: /Volumes/ARCHIVE/PHOTOS/2023/2023-10-17/20231017-224903_[X-T5]-[23-10-17]__[22-49-03]__0.RAF (20231017-224903.RAF taken)
SKIPPED: /Volumes/ARCHIVE/PHOTOS/2023/2023-10-17/20231017-225030_[X-T5]-[23-10-17]__[22-50-30]__0.JPG (20231017-225030.JPG taken)
SKIPPED: /Volumes/ARCHIVE/PHOTOS/2023/2023-10-17/20231017-225030_[X-T5]-[23-10-17]__[22-50-30]__0.RAF (20231017-225030.RAF taken)
SKIPPED: /Volumes/ARCHIVE/PHOTOS/2023/2023-10-17/20231017-225227_[X-T5]-[23-10-17]__[22-52-27]__0.JPG (20231017-225227.JPG taken)
SKIPPED: /Volumes/ARCHIVE/PHOTOS/2023/2023-10-17/20231017-225227_[X-T5]-[23-10-17]__[22-52-27]__0.RAF (20231017-225227.RAF taken)
SKIPPED: /Volumes/ARCHIVE/PHOTOS/2023/2023-10-17/20231017-225309_[X-T5]-[23-10-17]__[22-53-09]__0.JPG (20231017-225309.JPG taken)
SKIPPED: /Volumes/ARCHIVE/PHOTOS/2023/2023-10-17/20231017-225309_[X-T5]-[23-10-17]__[22-53-09]__0.RAF (20231017-225309.RAF taken)
SKIPPED: /Volumes/ARCHIVE/PHOTOS/2023/2023-10-17/20231017-225400_[X-T5]-[23-10-17]__[22-54-00]__0.JPG (20231017-225400.JPG taken)
SKIPPED: /Volumes/ARCHIVE/PHOTOS/2023/2023-10-17/20231017-225400_[X-T5]-[23-10-17]__[22-54-00]__0.RAF (20231017-225400.RAF taken)
SKIPPED: /Volumes/ARCHIVE/PHOTOS/2023/2023-10-17/20231017-225429_[X-T5]-[23-10-17]__[22-54-29]__0.JPG (20231017-225429.JPG taken)
SKIPPED: /Volumes/ARCHIVE/PHOTOS/2023/2023-10-17/20231017-225429_[X-T5]-[23-10-17]__[22-54-29]__0.RAF (20231017-225429.RAF taken)
SKIPPED: /Volumes/ARCHIVE/PHOTOS/2023/2023-10-17/20231017-225609_[X-T5]-[23-10-17]__[22-56-09]__0.JPG (20231017-225609.JPG taken)
SKIPPED: /Volumes/ARCHIVE/PHOTOS/2023/2023-10-17/20231017-225609_[X-T5]-[23-10-17]__[22-56-09]__0.RAF (20231017-225609.RAF taken)
SKIPPED: /Volumes/ARCHIVE/PHOTOS/2023/2023-10-17/20231017-225702_[X-T5]-[23-10-17]__[22-57-02]__0.JPG (20231017-225702.JPG taken)
SKIPPED: /Volumes/ARCHIVE/PHOTOS/2023/2023-10-17/20231017-225702_[X-T5]-[23-10-17]__[22-57-02]__0.RAF (20231017-225702.RAF taken)
SKIPPED: /Volumes/ARCHIVE/PHOTOS/2023/2023-10-17/20231017-230949_[X-T5]-[23-10-17]__[23-09-49]__0.JPG (20231017-230949.JPG taken)
SKIPPED: /Volumes/ARCHIVE/PHOTOS/2023/2023-10-17/20231017-230949_[X-T5]-[23-10-17]__[23-09-49]__0.RAF (20231017-230949.RAF taken)
SKIPPED: /Volumes/ARCHIVE/PHOTOS/2023/2023-10-17/20231017-230959_[X-T5]-[23-10-17]__[23-09-59]__0.JPG (20231017-230959.JPG taken)
SKIPPED: /Volumes/ARCHIVE/PHOTOS/2023/2023-10-17/20231017-230959_[X-T5]-[23-10-17]__[23-09-59]__0.RAF (20231017-230959.RAF taken)
SKIPPED: /Volumes/ARCHIVE/PHOTOS/2023/2023-10-17/20231017-232231_[X-T5]-[23-10-17]__[23-22-31]__0.JPG (20231017-232231.JPG taken)
SKIPPED: /Volumes/ARCHIVE/PHOTOS/2023/2023-10-17/20231017-232231_[X-T5]-[23-10-17]__[23-22-31]__0.RAF (20231017-232231.RAF taken)
SKIPPED: /Volumes/ARCHIVE/PHOTOS/2023/2023-10-17/20231017-232305_[X-T5]-[23-10-17]__[23-23-05]__0.JPG (20231017-232305.JPG taken)
SKIPPED: /Volumes/ARCHIVE/PHOTOS/2023/2023-10-17/20231017-232305_[X-T5]-[23-10-17]__[23-23-05]__0.RAF (20231017-232305.RAF taken)
SKIPPED: /Volumes/ARCHIVE/PHOTOS/2023/2023-10-17/20231017-232308_[X-T5]-[23-10-17]__[23-23-08]__0.JPG (20231017-232308.JPG taken)
SKIPPED: /Volumes/ARCHIVE/PHOTOS/2023/2023-10-17/20231017-232308_[X-T5]-[23-10-17]__[23-23-08]__0.RAF (20231017-232308.RAF taken)
SKIPPED: /Volumes/ARCHIVE/PHOTOS/2023/2023-10-17/20231017-233211_[X-T5]-[23-10-17]__[23-32-11]__0.JPG (20231017-233211.JPG taken)
SKIPPED: /Volumes/ARCHIVE/PHOTOS/2023/2023-10-17/20231017-233211_[X-T5]-[23-10-17]__[23-32-11]__0.RAF (20231017-233211.RAF taken)
SKIPPED: /Volumes/ARCHIVE/PHOTOS/2023/2023-10-17/20231017-233752_[X-T5]-[23-10-17]__[23-37-52]__0.JPG (20231017-233752.JPG taken)
SKIPPED: /Volumes/ARCHIVE/PHOTOS/2023/2023-10-17/20231017-233752_[X-T5]-[23-10-17]__[23-37-52]__0.RAF (20231017-233752.RAF taken)
SKIPPED: /Volumes/ARCHIVE/PHOTOS/2023/2023-10-17/20231017-233951_[X-T5]-[23-10-17]__[23-39-51]__0.JPG (20231017-233951.JPG taken)
SKIPPED: /Volumes/ARCHIVE/PHOTOS/2023/2023-10-17/20231017-233951_[X-T5]-[23-10-17]__[23-39-51]__0.RAF (20231017-233951.RAF taken)
SKIPPED: /Volumes/ARCHIVE/PHOTOS/2023/2023-10-18/20231018-002117_[X-T5]-[23-10-18]__[00-21-17]__0.JPG (20231018-002117.JPG taken)
SKIPPED: /Volumes/ARCHIVE/PHOTOS/2023/2023-10-18/20231018-002117_[X-T5]-[23-10-18]__[00-21-17]__0.RAF (20231018-002117.RAF taken)
SKIPPED: /Volumes/ARCHIVE/PHOTOS/2023/2023-10-18/20231018-010852_[X-T5]-[23-10-18]__[01-08-52]__0.JPG (20231018-010852.JPG taken)
SKIPPED: /Volumes/ARCHIVE/PHOTOS/2023/2023-10-18/20231018-010852_[X-T5]-[23-10-18]__[01-08-52]__0.RAF (20231018-010852.RAF taken)
SKIPPED: /Volumes/ARCHIVE/PHOTOS/2023/2023-10-18/20231018-012259_[X-T5]-[23-10-18]__[01-22-59]__0.JPG (20231018-012259.JPG taken)
SKIPPED: /Volumes/ARCHIVE/PHOTOS/2023/2023-10-18/20231018-012259_[X-T5]-[23-10-18]__[01-22-59]__0.RAF (20231018-012259.RAF taken)
SKIPPED: /Volumes/ARCHIVE/PHOTOS/2023/2023-10-18/20231018-012304_[X-T5]-[23-10-18]__[01-23-04]__0.JPG (20231018-012304.JPG taken)
SKIPPED: /Volumes/ARCHIVE/PHOTOS/2023/2023-10-18/20231018-012304_[X-T5]-[23-10-18]__[01-23-04]__0.RAF (20231018-012304.RAF taken)
SKIPPED: /Volumes/ARCHIVE/PHOTOS/2023/2023-10-21/20231021-164112_[X-T5]-[23-10-21]__[16-41-12]__0.JPG (20231021-164112.JPG taken)
SKIPPED: /Volumes/ARCHIVE/PHOTOS/2023/2023-10-21/20231021-164112_[X-T5]-[23-10-21]__[16-41-12]__0.RAF (20231021-164112.RAF taken)
SKIPPED: /Volumes/ARCHIVE/PHOTOS/2023/2023-10-21/20231021-164435_[X-T5]-[23-10-21]__[16-44-35]__0.JPG (20231021-164435.JPG taken)
SKIPPED: /Volumes/ARCHIVE/PHOTOS/2023/2023-10-21/20231021-164435_[X-T5]-[23-10-21]__[16-44-35]__0.RAF (20231021-164435.RAF taken)
SKIPPED: /Volumes/ARCHIVE/PHOTOS/2023/2023-10-21/20231021-164522_[X-T5]-[23-10-21]__[16-45-22]__0.JPG (20231021-164522.JPG taken)
SKIPPED: /Volumes/ARCHIVE/PHOTOS/2023/2023-10-21/20231021-164522_[X-T5]-[23-10-21]__[16-45-22]__0.RAF (20231021-164522.RAF taken)
SKIPPED: /Volumes/ARCHIVE/PHOTOS/2023/2023-10-21/20231021-164928_[X-T5]-[23-10-21]__[16-49-28]__0.JPG (20231021-164928.JPG taken)
SKIPPED: /Volumes/ARCHIVE/PHOTOS/2023/2023-10-21/20231021-164928_[X-T5]-[23-10-21]__[16-49-28]__0.RAF (20231021-164928.RAF taken)
SKIPPED: /Volumes/ARCHIVE/PHOTOS/2023/2023-10-21/20231021-164954_[X-T5]-[23-10-21]__[16-49-54]__0.JPG (20231021-164954.JPG taken)
SKIPPED: /Volumes/ARCHIVE/PHOTOS/2023/2023-10-21/20231021-164954_[X-T5]-[23-10-21]__[16-49-54]__0.RAF (20231021-164954.RAF taken)
SKIPPED: /Volumes/ARCHIVE/PHOTOS/2023/2023-10-21/20231021-165042_[X-T5]-[23-10-21]__[16-50-42]__0.JPG (20231021-165042.JPG taken)
SKIPPED: /Volumes/ARCHIVE/PHOTOS/2023/2023-10-21/20231021-165042_[X-T5]-[23-10-21]__[16-50-42]__0.RAF (20231021-165042.RAF taken)
SKIPPED: /Volumes/ARCHIVE/PHOTOS/2023/2023-10-21/20231021-165118_[X-T5]-[23-10-21]__[16-51-18]__0.JPG (20231021-165118.JPG taken)
SKIPPED: /Volumes/ARCHIVE/PHOTOS/2023/2023-10-21/20231021-165118_[X-T5]-[23-10-21]__[16-51-18]__0.RAF (20231021-165118.RAF taken)
SKIPPED: /Volumes/ARCHIVE/PHOTOS/2023/2023-10-21/20231021-165148_[X-T5]-[23-10-21]__[16-51-48]__0.JPG (20231021-165148.JPG taken)
SKIPPED: /Volumes/ARCHIVE/PHOTOS/2023/2023-10-21/20231021-165148_[X-T5]-[23-10-21]__[16-51-48]__0.RAF (20231021-165148.RAF taken)
SKIPPED: /Volumes/ARCHIVE/PHOTOS/2023/2023-10-21/20231021-170259_[X-T5]-[23-10-21]__[17-02-59]__0.JPG (20231021-170259.JPG taken)
SKIPPED: /Volumes/ARCHIVE/PHOTOS/2023/2023-10-21/20231021-170259_[X-T5]-[23-10-21]__[17-02-59]__0.RAF (20231021-170259.RAF taken)
SKIPPED: /Volumes/ARCHIVE/PHOTOS/2023/2023-10-21/20231021-171119_[X-T5]-[23-10-21]__[17-11-19]__0.JPG (20231021-171119.JPG taken)
SKIPPED: /Volumes/ARCHIVE/PHOTOS/2023/2023-10-21/20231021-171119_[X-T5]-[23-10-21]__[17-11-19]__0.RAF (20231021-171119.RAF taken)
SKIPPED: /Volumes/ARCHIVE/PHOTOS/2023/2023-10-21/20231021-174040_[X-T5]-[23-10-21]__[17-40-40]__0.JPG (20231021-174040.JPG taken)
SKIPPED: /Volumes/ARCHIVE/PHOTOS/2023/2023-10-21/20231021-174040_[X-T5]-[23-10-21]__[17-40-40]__0.RAF (20231021-174040.RAF taken)
SKIPPED: /Volumes/ARCHIVE/PHOTOS/2023/2023-10-21/20231021-174127_[X-T5]-[23-10-21]__[17-41-27]__0.JPG (20231021-174127.JPG taken)
SKIPPED: /Volumes/ARCHIVE/PHOTOS/2023/2023-10-21/20231021-174127_[X-T5]-[23-10-21]__[17-41-27]__0.RAF (20231021-174127.RAF taken)
SKIPPED: /Volumes/ARCHIVE/PHOTOS/2023/2023-10-21/20231021-180224_[X-T5]-[23-10-21]__[18-02-24]__0.JPG (20231021-180224.JPG taken)
SKIPPED: /Volumes/ARCHIVE/PHOTOS/2023/2023-10-21/20231021-180224_[X-T5]-[23-10-21]__[18-02-24]__0.RAF (20231021-180224.RAF taken)
SKIPPED: /Volumes/ARCHIVE/PHOTOS/2023/2023-10-21/20231021-180258_[X-T5]-[23-10-21]__[18-02-58]__0.JPG (20231021-180258.JPG taken)
SKIPPED: /Volumes/ARCHIVE/PHOTOS/2023/2023-10-21/20231021-180258_[X-T5]-[23-10-21]__[18-02-58]__0.RAF (20231021-180258.RAF taken)
SKIPPED: /Volumes/ARCHIVE/PHOTOS/2023/2023-10-21/20231021-180340_[X-T5]-[23-10-21]__[18-03-40]__0.JPG (20231021-180340.JPG taken)
SKIPPED: /Volumes/ARCHIVE/PHOTOS/2023/2023-10-21/20231021-180340_[X-T5]-[23-10-21]__[18-03-40]__0.RAF (20231021-180340.RAF taken)
SKIPPED: /Volumes/ARCHIVE/PHOTOS/2023/2023-10-21/20231021-182857_[X-T5]-[23-10-21]__[18-28-57]__0.JPG (20231021-182857.JPG taken)
SKIPPED: /Volumes/ARCHIVE/PHOTOS/2023/2023-10-21/20231021-182857_[X-T5]-[23-10-21]__[18-28-57]__0.RAF (20231021-182857.RAF taken)
SKIPPED: /Volumes/ARCHIVE/PHOTOS/2023/2023-10-21/20231021-184350_[X-T5]-[23-10-21]__[18-43-50]__0.JPG (20231021-184350.JPG taken)
SKIPPED: /Volumes/ARCHIVE/PHOTOS/2023/2023-10-21/20231021-184350_[X-T5]-[23-10-21]__[18-43-50]__0.RAF (20231021-184350.RAF taken)
SKIPPED: /Volumes/ARCHIVE/PHOTOS/2023/2023-10-21/20231021-184404_[X-T5]-[23-10-21]__[18-44-04]__0.JPG (20231021-184404.JPG taken)
SKIPPED: /Volumes/ARCHIVE/PHOTOS/2023/2023-10-21/20231021-184404_[X-T5]-[23-10-21]__[18-44-04]__0.RAF (20231021-184404.RAF taken)
SKIPPED: /Volumes/ARCHIVE/PHOTOS/2023/2023-10-21/20231021-184705_[X-T5]-[23-10-21]__[18-47-05]__0.JPG (20231021-184705.JPG taken)
SKIPPED: /Volumes/ARCHIVE/PHOTOS/2023/2023-10-21/20231021-184705_[X-T5]-[23-10-21]__[18-47-05]__0.RAF (20231021-184705.RAF taken)
SKIPPED: /Volumes/ARCHIVE/PHOTOS/2023/2023-10-21/20231021-184747_[X-T5]-[23-10-21]__[18-47-47]__0.JPG (20231021-184747.JPG taken)
SKIPPED: /Volumes/ARCHIVE/PHOTOS/2023/2023-10-21/20231021-184747_[X-T5]-[23-10-21]__[18-47-47]__0.RAF (20231021-184747.RAF taken)
SKIPPED: /Volumes/ARCHIVE/PHOTOS/2023/2023-10-21/20231021-184813_[X-T5]-[23-10-21]__[18-48-13]__0.JPG (20231021-184813.JPG taken)
SKIPPED: /Volumes/ARCHIVE/PHOTOS/2023/2023-10-21/20231021-184813_[X-T5]-[23-10-21]__[18-48-13]__0.RAF (20231021-184813.RAF taken)
SKIPPED: /Volumes/ARCHIVE/PHOTOS/2023/2023-10-21/20231021-184848_[X-T5]-[23-10-21]__[18-48-48]__0.JPG (20231021-184848.JPG taken)
SKIPPED: /Volumes/ARCHIVE/PHOTOS/2023/2023-10-21/20231021-184848_[X-T5]-[23-10-21]__[18-48-48]__0.RAF (20231021-184848.RAF taken)
SKIPPED: /Volumes/ARCHIVE/PHOTOS/2023/2023-10-21/20231021-184919_[X-T5]-[23-10-21]__[18-49-19]__0.JPG (20231021-184919.JPG taken)
SKIPPED: /Volumes/ARCHIVE/PHOTOS/2023/2023-10-21/20231021-184919_[X-T5]-[23-10-21]__[18-49-19]__0.RAF (20231021-184919.RAF taken)
SKIPPED: /Volumes/ARCHIVE/PHOTOS/2023/2023-10-21/20231021-185458_[X-T5]-[23-10-21]__[18-54-58]__0.JPG (20231021-185458.JPG taken)
SKIPPED: /Volumes/ARCHIVE/PHOTOS/2023/2023-10-21/20231021-185458_[X-T5]-[23-10-21]__[18-54-58]__0.RAF (20231021-185458.RAF taken)
SKIPPED: /Volumes/ARCHIVE/PHOTOS/2023/2023-10-21/20231021-185518_[X-T5]-[23-10-21]__[18-55-18]__0.JPG (20231021-185518.JPG taken)
SKIPPED: /Volumes/ARCHIVE/PHOTOS/2023/2023-10-21/20231021-185518_[X-T5]-[23-10-21]__[18-55-18]__0.RAF (20231021-185518.RAF taken)
SKIPPED: /Volumes/ARCHIVE/PHOTOS/2023/2023-10-21/20231021-185703_[X-T5]-[23-10-21]__[18-57-03]__0.JPG (20231021-185703.JPG taken)
SKIPPED: /Volumes/ARCHIVE/PHOTOS/2023/2023-10-21/20231021-185703_[X-T5]-[23-10-21]__[18-57-03]__0.RAF (20231021-185703.RAF taken)
SKIPPED: /Volumes/ARCHIVE/PHOTOS/2023/2023-10-21/20231021-185724_[X-T5]-[23-10-21]__[18-57-24]__0.JPG (20231021-185724.JPG taken)
SKIPPED: /Volumes/ARCHIVE/PHOTOS/2023/2023-10-21/20231021-185724_[X-T5]-[23-10-21]__[18-57-24]__0.RAF (20231021-185724.RAF taken)
SKIPPED: /Volumes/ARCHIVE/PHOTOS/2023/2023-10-21/20231021-185743_[X-T5]-[23-10-21]__[18-57-43]__0.JPG (20231021-185743.JPG taken)
SKIPPED: /Volumes/ARCHIVE/PHOTOS/2023/2023-10-21/20231021-185743_[X-T5]-[23-10-21]__[18-57-43]__0.RAF (20231021-185743.RAF taken)
SKIPPED: /Volumes/ARCHIVE/PHOTOS/2023/2023-10-21/20231021-190546_[X-T5]-[23-10-21]__[19-05-46]__0.JPG (20231021-190546.JPG taken)
SKIPPED: /Volumes/ARCHIVE/PHOTOS/2023/2023-10-21/20231021-190546_[X-T5]-[23-10-21]__[19-05-46]__0.RAF (20231021-190546.RAF taken)
SKIPPED: /Volumes/ARCHIVE/PHOTOS/2023/2023-10-21/20231021-190827_[X-T5]-[23-10-21]__[19-08-27]__0.JPG (20231021-190827.JPG taken)
SKIPPED: /Volumes/ARCHIVE/PHOTOS/2023/2023-10-21/20231021-190827_[X-T5]-[23-10-21]__[19-08-27]__0.RAF (20231021-190827.RAF taken)
SKIPPED: /Volumes/ARCHIVE/PHOTOS/2023/2023-10-21/20231021-191324_[X-T5]-[23-10-21]__[19-13-24]__0.JPG (20231021-191324.JPG taken)
SKIPPED: /Volumes/ARCHIVE/PHOTOS/2023/2023-10-21/20231021-191324_[X-T5]-[23-10-21]__[19-13-24]__0.RAF (20231021-191324.RAF taken)
SKIPPED: /Volumes/ARCHIVE/PHOTOS/2023/2023-10-21/20231021-200234_[X-T5]-[23-10-21]__[20-02-34]__0.JPG (20231021-200234.JPG taken)
SKIPPED: /Volumes/ARCHIVE/PHOTOS/2023/2023-10-21/20231021-200234_[X-T5]-[23-10-21]__[20-02-34]__0.RAF (20231021-200234.RAF taken)
SKIPPED: /Volumes/ARCHIVE/PHOTOS/2023/2023-10-21/20231021-200326_[X-T5]-[23-10-21]__[20-03-26]__0.JPG (20231021-200326.JPG taken)
SKIPPED: /Volumes/ARCHIVE/PHOTOS/2023/2023-10-21/20231021-200326_[X-T5]-[23-10-21]__[20-03-26]__0.RAF (20231021-200326.RAF taken)
SKIPPED: /Volumes/ARCHIVE/PHOTOS/2023/2023-10-21/20231021-200334_[X-T5]-[23-10-21]__[20-03-34]__0.JPG (20231021-200334.JPG taken)
SKIPPED: /Volumes/ARCHIVE/PHOTOS/2023/2023-10-21/20231021-200334_[X-T5]-[23-10-21]__[20-03-34]__0.RAF (20231021-200334.RAF taken)
SKIPPED: /Volumes/ARCHIVE/PHOTOS/2023/2023-10-21/20231021-201405_[X-T5]-[23-10-21]__[20-14-05]__0.JPG (20231021-201405.JPG taken)
SKIPPED: /Volumes/ARCHIVE/PHOTOS/2023/2023-10-21/20231021-201405_[X-T5]-[23-10-21]__[20-14-05]__0.RAF (20231021-201405.RAF taken)
SKIPPED: /Volumes/ARCHIVE/PHOTOS/2023/2023-10-21/20231021-201430_[X-T5]-[23-10-21]__[20-14-30]__0.JPG (20231021-201430.JPG taken)
SKIPPED: /Volumes/ARCHIVE/PHOTOS/2023/2023-10-21/20231021-201430_[X-T5]-[23-10-21]__[20-14-30]__0.RAF (20231021-201430.RAF taken)
SKIPPED: /Volumes/ARCHIVE/PHOTOS/2023/2023-10-21/20231021-201703_[X-T5]-[23-10-21]__[20-17-03]__0.JPG (20231021-201703.JPG taken)
SKIPPED: /Volumes/ARCHIVE/PHOTOS/2023/2023-10-21/20231021-201703_[X-T5]-[23-10-21]__[20-17-03]__0.RAF (20231021-201703.RAF taken)
SKIPPED: /Volumes/ARCHIVE/PHOTOS/2023/2023-10-21/20231021-201833_[X-T5]-[23-10-21]__[20-18-33]__0.JPG (20231021-201833.JPG taken)
SKIPPED: /Volumes/ARCHIVE/PHOTOS/2023/2023-10-21/20231021-201833_[X-T5]-[23-10-21]__[20-18-33]__0.RAF (20231021-201833.RAF taken)
SKIPPED: /Volumes/ARCHIVE/PHOTOS/2023/2023-10-21/20231021-201927_[X-T5]-[23-10-21]__[20-19-27]__0.JPG (20231021-201927.JPG taken)
SKIPPED: /Volumes/ARCHIVE/PHOTOS/2023/2023-10-21/20231021-201927_[X-T5]-[23-10-21]__[20-19-27]__0.RAF (20231021-201927.RAF taken)
SKIPPED: /Volumes/ARCHIVE/PHOTOS/2023/2023-10-21/20231021-202106_[X-T5]-[23-10-21]__[20-21-06]__0.JPG (20231021-202106.JPG taken)
SKIPPED: /Volumes/ARCHIVE/PHOTOS/2023/2023-10-21/20231021-202106_[X-T5]-[23-10-21]__[20-21-06]__0.RAF (20231021-202106.RAF taken)
SKIPPED: /Volumes/ARCHIVE/PHOTOS/2023/2023-10-21/20231021-202903_[X-T5]-[23-10-21]__[20-29-03]__0.JPG (20231021-202903.JPG taken)
SKIPPED: /Volumes/ARCHIVE/PHOTOS/2023/2023-10-21/20231021-202903_[X-T5]-[23-10-21]__[20-29-03]__0.RAF (20231021-202903.RAF taken)
SKIPPED: /Volumes/ARCHIVE/PHOTOS/2023/2023-10-21/20231021-202928_[X-T5]-[23-10-21]__[20-29-28]__0.JPG (20231021-202928.JPG taken)
SKIPPED: /Volumes/ARCHIVE/PHOTOS/2023/2023-10-21/20231021-202928_[X-T5]-[23-10-21]__[20-29-28]__0.RAF (20231021-202928.RAF taken)
SKIPPED: /Volumes/ARCHIVE/PHOTOS/2023/2023-10-21/20231021-202942_[X-T5]-[23-10-21]__[20-29-42]__0.JPG (20231021-202942.JPG taken)
SKIPPED: /Volumes/ARCHIVE/PHOTOS/2023/2023-10-21/20231021-202942_[X-T5]-[23-10-21]__[20-29-42]__0.RAF (20231021-202942.RAF taken)
SKIPPED: /Volumes/ARCHIVE/PHOTOS/2023/2023-10-21/20231021-205531_[X-T5]-[23-10-21]__[20-55-31]__0.JPG (20231021-205531.JPG taken)
SKIPPED: /Volumes/ARCHIVE/PHOTOS/2023/2023-10-21/20231021-205531_[X-T5]-[23-10-21]__[20-55-31]__0.RAF (20231021-205531.RAF taken)
SKIPPED: /Volumes/ARCHIVE/PHOTOS/2023/2023-10-21/20231021-211952_[X-T5]-[23-10-21]__[21-19-52]__0.JPG (20231021-211952.JPG taken)
SKIPPED: /Volumes/ARCHIVE/PHOTOS/2023/2023-10-21/20231021-211952_[X-T5]-[23-10-21]__[21-19-52]__0.RAF (20231021-211952.RAF taken)
SKIPPED: /Volumes/ARCHIVE/PHOTOS/2023/2023-10-21/20231021-214244_[X-T5]-[23-10-21]__[21-42-44]__0.JPG (20231021-214244.JPG taken)
SKIPPED: /Volumes/ARCHIVE/PHOTOS/2023/2023-10-21/20231021-214244_[X-T5]-[23-10-21]__[21-42-44]__0.RAF (20231021-214244.RAF taken)
SKIPPED: /Volumes/ARCHIVE/PHOTOS/2023/2023-10-21/20231021-214301_[X-T5]-[23-10-21]__[21-43-01]__0.JPG (20231021-214301.JPG taken)
SKIPPED: /Volumes/ARCHIVE/PHOTOS/2023/2023-10-21/20231021-214301_[X-T5]-[23-10-21]__[21-43-01]__0.RAF (20231021-214301.RAF taken)
SKIPPED: /Volumes/ARCHIVE/PHOTOS/2023/2023-10-21/20231021-214319_[X-T5]-[23-10-21]__[21-43-19]__0.JPG (20231021-214319.JPG taken)
SKIPPED: /Volumes/ARCHIVE/PHOTOS/2023/2023-10-21/20231021-214319_[X-T5]-[23-10-21]__[21-43-19]__0.RAF (20231021-214319.RAF taken)
SKIPPED: /Volumes/ARCHIVE/PHOTOS/2023/2023-10-21/20231021-214408_[X-T5]-[23-10-21]__[21-44-08]__0.JPG (20231021-214408.JPG taken)
SKIPPED: /Volumes/ARCHIVE/PHOTOS/2023/2023-10-21/20231021-214408_[X-T5]-[23-10-21]__[21-44-08]__0.RAF (20231021-214408.RAF taken)
SKIPPED: /Volumes/ARCHIVE/PHOTOS/2023/2023-10-21/20231021-214444_[X-T5]-[23-10-21]__[21-44-44]__0.JPG (20231021-214444.JPG taken)
SKIPPED: /Volumes/ARCHIVE/PHOTOS/2023/2023-10-21/20231021-214444_[X-T5]-[23-10-21]__[21-44-44]__0.RAF (20231021-214444.RAF taken)
SKIPPED: /Volumes/ARCHIVE/PHOTOS/2023/2023-10-21/20231021-230530_[X-T5]-[23-10-21]__[23-05-30]__0.JPG (20231021-230530.JPG taken)
SKIPPED: /Volumes/ARCHIVE/PHOTOS/2023/2023-10-21/20231021-230530_[X-T5]-[23-10-21]__[23-05-30]__0.RAF (20231021-230530.RAF taken)
SKIPPED: /Volumes/ARCHIVE/PHOTOS/2023/2023-10-21/20231021-230545_[X-T5]-[23-10-21]__[23-05-45]__0.JPG (20231021-230545.JPG taken)
SKIPPED: /Volumes/ARCHIVE/PHOTOS/2023/2023-10-21/20231021-230545_[X-T5]-[23-10-21]__[23-05-45]__0.RAF (20231021-230545.RAF taken)
SKIPPED: /Volumes/ARCHIVE/PHOTOS/2023/2023-10-21/20231021-230604_[X-T5]-[23-10-21]__[23-06-04]__0.JPG (20231021-230604.JPG taken)
SKIPPED: /Volumes/ARCHIVE/PHOTOS/2023/2023-10-21/20231021-230604_[X-T5]-[23-10-21]__[23-06-04]__0.RAF (20231021-230604.RAF taken)
SKIPPED: /Volumes/ARCHIVE/PHOTOS/2023/2023-10-21/20231021-230717_[X-T5]-[23-10-21]__[23-07-17]__0.JPG (20231021-230717.JPG taken)
SKIPPED: /Volumes/ARCHIVE/PHOTOS/2023/2023-10-21/20231021-230717_[X-T5]-[23-10-21]__[23-07-17]__0.RAF (20231021-230717.RAF taken)
SKIPPED: /Volumes/ARCHIVE/PHOTOS/2023/2023-10-21/20231021-230739_[X-T5]-[23-10-21]__[23-07-39]__0.JPG (20231021-230739.JPG taken)
SKIPPED: /Volumes/ARCHIVE/PHOTOS/2023/2023-10-21/20231021-230739_[X-T5]-[23-10-21]__[23-07-39]__0.RAF (20231021-230739.RAF taken)
SKIPPED: /Volumes/ARCHIVE/PHOTOS/2023/2023-10-21/20231021-230801_[X-T5]-[23-10-21]__[23-08-01]__0.JPG (20231021-230801.JPG taken)
SKIPPED: /Volumes/ARCHIVE/PHOTOS/2023/2023-10-21/20231021-230801_[X-T5]-[23-10-21]__[23-08-01]__0.RAF (20231021-230801.RAF taken)
SKIPPED: /Volumes/ARCHIVE/PHOTOS/2023/2023-10-21/20231021-230817_[X-T5]-[23-10-21]__[23-08-17]__0.JPG (20231021-230817.JPG taken)
SKIPPED: /Volumes/ARCHIVE/PHOTOS/2023/2023-10-21/20231021-230817_[X-T5]-[23-10-21]__[23-08-17]__0.RAF (20231021-230817.RAF taken)
SKIPPED: /Volumes/ARCHIVE/PHOTOS/2023/2023-10-21/20231021-233011_[X-T5]-[23-10-21]__[23-30-11]__0.JPG (20231021-233011.JPG taken)
SKIPPED: /Volumes/ARCHIVE/PHOTOS/2023/2023-10-21/20231021-233011_[X-T5]-[23-10-21]__[23-30-11]__0.RAF (20231021-233011.RAF taken)
SKIPPED: /Volumes/ARCHIVE/PHOTOS/2023/2023-10-21/20231021-234212_[X-T5]-[23-10-21]__[23-42-12]__0.JPG (20231021-234212.JPG taken)
SKIPPED: /Volumes/ARCHIVE/PHOTOS/2023/2023-10-21/20231021-234212_[X-T5]-[23-10-21]__[23-42-12]__0.RAF (20231021-234212.RAF taken)
SKIPPED: /Volumes/ARCHIVE/PHOTOS/2023/2023-10-21/20231021-234213_[X-T5]-[23-10-21]__[23-42-13]__0.JPG (20231021-234213.JPG taken)
SKIPPED: /Volumes/ARCHIVE/PHOTOS/2023/2023-10-21/20231021-234213_[X-T5]-[23-10-21]__[23-42-13]__0.RAF (20231021-234213.RAF taken)
SKIPPED: /Volumes/ARCHIVE/PHOTOS/2023/2023-10-21/20231021-234242_[X-T5]-[23-10-21]__[23-42-42]__0.JPG (20231021-234242.JPG taken)
SKIPPED: /Volumes/ARCHIVE/PHOTOS/2023/2023-10-21/20231021-234242_[X-T5]-[23-10-21]__[23-42-42]__0.RAF (20231021-234242.RAF taken)
SKIPPED: /Volumes/ARCHIVE/PHOTOS/2023/2023-10-21/20231021-234251_[X-T5]-[23-10-21]__[23-42-51]__0.JPG (20231021-234251.JPG taken)
SKIPPED: /Volumes/ARCHIVE/PHOTOS/2023/2023-10-21/20231021-234251_[X-T5]-[23-10-21]__[23-42-51]__0.RAF (20231021-234251.RAF taken)
SKIPPED: /Volumes/ARCHIVE/PHOTOS/2023/2023-10-21/20231021-234252_[X-T5]-[23-10-21]__[23-42-52]__0.JPG (20231021-234252.JPG taken)
SKIPPED: /Volumes/ARCHIVE/PHOTOS/2023/2023-10-21/20231021-234252_[X-T5]-[23-10-21]__[23-42-52]__0.RAF (20231021-234252.RAF taken)
SKIPPED: /Volumes/ARCHIVE/PHOTOS/2023/2023-10-21/20231021-234322_[X-T5]-[23-10-21]__[23-43-22]__0.JPG (20231021-234322.JPG taken)
SKIPPED: /Volumes/ARCHIVE/PHOTOS/2023/2023-10-21/20231021-234322_[X-T5]-[23-10-21]__[23-43-22]__0.RAF (20231021-234322.RAF taken)
SKIPPED: /Volumes/ARCHIVE/PHOTOS/2023/2023-10-21/20231021-234325_DSCF7801.JPG (20231021-234325.JPG taken)
SKIPPED: /Volumes/ARCHIVE/PHOTOS/2023/2023-10-21/20231021-234545_[X-T5]-[23-10-21]__[23-45-45]__0.JPG (20231021-234545.JPG taken)
SKIPPED: /Volumes/ARCHIVE/PHOTOS/2023/2023-10-21/20231021-234545_[X-T5]-[23-10-21]__[23-45-45]__0.RAF (20231021-234545.RAF taken)
SKIPPED: /Volumes/ARCHIVE/PHOTOS/2023/2023-10-22/20231022-000833_[X-T5]-[23-10-22]__[00-08-33]__0.JPG (20231022-000833.JPG taken)
SKIPPED: /Volumes/ARCHIVE/PHOTOS/2023/2023-10-22/20231022-000833_[X-T5]-[23-10-22]__[00-08-33]__0.RAF (20231022-000833.RAF taken)
SKIPPED: /Volumes/ARCHIVE/PHOTOS/2023/2023-10-22/20231022-001250_[X-T5]-[23-10-22]__[00-12-50]__0.JPG (20231022-001250.JPG taken)
SKIPPED: /Volumes/ARCHIVE/PHOTOS/2023/2023-10-22/20231022-001250_[X-T5]-[23-10-22]__[00-12-50]__0.RAF (20231022-001250.RAF taken)
SKIPPED: /Volumes/ARCHIVE/PHOTOS/2023/2023-10-22/20231022-001916_[X-T5]-[23-10-22]__[00-19-16]__0.JPG (20231022-001916.JPG taken)
SKIPPED: /Volumes/ARCHIVE/PHOTOS/2023/2023-10-22/20231022-001916_[X-T5]-[23-10-22]__[00-19-16]__0.RAF (20231022-001916.RAF taken)
SKIPPED: /Volumes/ARCHIVE/PHOTOS/2023/2023-10-22/20231022-001924_[X-T5]-[23-10-22]__[00-19-24]__0.JPG (20231022-001924.JPG taken)
SKIPPED: /Volumes/ARCHIVE/PHOTOS/2023/2023-10-22/20231022-001924_[X-T5]-[23-10-22]__[00-19-24]__0.RAF (20231022-001924.RAF taken)
SKIPPED: /Volumes/ARCHIVE/PHOTOS/2023/2023-10-22/20231022-001956_[X-T5]-[23-10-22]__[00-19-56]__0.JPG (20231022-001956.JPG taken)
SKIPPED: /Volumes/ARCHIVE/PHOTOS/2023/2023-10-22/20231022-001956_[X-T5]-[23-10-22]__[00-19-56]__0.RAF (20231022-001956.RAF taken)
SKIPPED: /Volumes/ARCHIVE/PHOTOS/2023/2023-10-22/20231022-013403_[X-T5]-[23-10-22]__[01-34-03]__0.JPG (20231022-013403.JPG taken)
SKIPPED: /Volumes/ARCHIVE/PHOTOS/2023/2023-10-22/20231022-013403_[X-T5]-[23-10-22]__[01-34-03]__0.RAF (20231022-013403.RAF taken)
SKIPPED: /Volumes/ARCHIVE/PHOTOS/2023/2023-10-22/20231022-013440_[X-T5]-[23-10-22]__[01-34-40]__0.JPG (20231022-013440.JPG taken)
SKIPPED: /Volumes/ARCHIVE/PHOTOS/2023/2023-10-22/20231022-013440_[X-T5]-[23-10-22]__[01-34-40]__0.RAF (20231022-013440.RAF taken)
SKIPPED: /Volumes/ARCHIVE/PHOTOS/2023/2023-10-22/20231022-013558_[X-T5]-[23-10-22]__[01-35-58]__0.JPG (20231022-013558.JPG taken)
SKIPPED: /Volumes/ARCHIVE/PHOTOS/2023/2023-10-22/20231022-013558_[X-T5]-[23-10-22]__[01-35-58]__0.RAF (20231022-013558.RAF taken)
SKIPPED: /Volumes/ARCHIVE/PHOTOS/2023/2023-10-22/20231022-013853_[X-T5]-[23-10-22]__[01-38-53]__0.JPG (20231022-013853.JPG taken)
SKIPPED: /Volumes/ARCHIVE/PHOTOS/2023/2023-10-22/20231022-013853_[X-T5]-[23-10-22]__[01-38-53]__0.RAF (20231022-013853.RAF taken)
SKIPPED: /Volumes/ARCHIVE/PHOTOS/2023/2023-10-22/20231022-013941_[X-T5]-[23-10-22]__[01-39-41]__0.JPG (20231022-013941.JPG taken)
SKIPPED: /Volumes/ARCHIVE/PHOTOS/2023/2023-10-22/20231022-013941_[X-T5]-[23-10-22]__[01-39-41]__0.RAF (20231022-013941.RAF taken)
SKIPPED: /Volumes/ARCHIVE/PHOTOS/2023/2023-10-22/20231022-014153_[X-T5]-[23-10-22]__[01-41-53]__0.JPG (20231022-014153.JPG taken)
SKIPPED: /Volumes/ARCHIVE/PHOTOS/2023/2023-10-22/20231022-014153_[X-T5]-[23-10-22]__[01-41-53]__0.RAF (20231022-014153.RAF taken)
SKIPPED: /Volumes/ARCHIVE/PHOTOS/2023/2023-10-22/20231022-173117_[X-T5]-[23-10-22]__[17-31-17]__0.JPG (20231022-173117.JPG taken)
SKIPPED: /Volumes/ARCHIVE/PHOTOS/2023/2023-10-22/20231022-173117_[X-T5]-[23-10-22]__[17-31-17]__0.RAF (20231022-173117.RAF taken)
SKIPPED: /Volumes/ARCHIVE/PHOTOS/2023/2023-10-22/20231022-173139_[X-T5]-[23-10-22]__[17-31-39]__0.JPG (20231022-173139.JPG taken)
SKIPPED: /Volumes/ARCHIVE/PHOTOS/2023/2023-10-22/20231022-173139_[X-T5]-[23-10-22]__[17-31-39]__0.RAF (20231022-173139.RAF taken)
SKIPPED: /Volumes/ARCHIVE/PHOTOS/2023/2023-10-22/20231022-173142_[X-T5]-[23-10-22]__[17-31-42]__0.JPG (20231022-173142.JPG taken)
SKIPPED: /Volumes/ARCHIVE/PHOTOS/2023/2023-10-22/20231022-173142_[X-T5]-[23-10-22]__[17-31-42]__0.RAF (20231022-173142.RAF taken)
SKIPPED: /Volumes/ARCHIVE/PHOTOS/2023/2023-10-22/20231022-173159_[X-T5]-[23-10-22]__[17-31-59]__0.JPG (20231022-173159.JPG taken)
SKIPPED: /Volumes/ARCHIVE/PHOTOS/2023/2023-10-22/20231022-173159_[X-T5]-[23-10-22]__[17-31-59]__0.RAF (20231022-173159.RAF taken)
SKIPPED: /Volumes/ARCHIVE/PHOTOS/2023/2023-10-22/20231022-173206_[X-T5]-[23-10-22]__[17-32-06]__0.JPG (20231022-173206.JPG taken)
SKIPPED: /Volumes/ARCHIVE/PHOTOS/2023/2023-10-22/20231022-173206_[X-T5]-[23-10-22]__[17-32-06]__0.RAF (20231022-173206.RAF taken)
SKIPPED: /Volumes/ARCHIVE/PHOTOS/2023/2023-10-22/20231022-174419_[X-T5]-[23-10-22]__[17-44-19]__0.JPG (20231022-174419.JPG taken)
SKIPPED: /Volumes/ARCHIVE/PHOTOS/2023/2023-10-22/20231022-174419_[X-T5]-[23-10-22]__[17-44-19]__0.RAF (20231022-174419.RAF taken)
SKIPPED: /Volumes/ARCHIVE/PHOTOS/2023/2023-10-22/20231022-174428_[X-T5]-[23-10-22]__[17-44-28]__0.JPG (20231022-174428.JPG taken)
SKIPPED: /Volumes/ARCHIVE/PHOTOS/2023/2023-10-22/20231022-174428_[X-T5]-[23-10-22]__[17-44-28]__0.RAF (20231022-174428.RAF taken)
SKIPPED: /Volumes/ARCHIVE/PHOTOS/2023/2023-10-22/20231022-174635_[X-T5]-[23-10-22]__[17-46-35]__0.JPG (20231022-174635.JPG taken)
SKIPPED: /Volumes/ARCHIVE/PHOTOS/2023/2023-10-22/20231022-174635_[X-T5]-[23-10-22]__[17-46-35]__0.RAF (20231022-174635.RAF taken)
SKIPPED: /Volumes/ARCHIVE/PHOTOS/2023/2023-10-22/20231022-175321_[X-T5]-[23-10-22]__[17-53-21]__0.JPG (20231022-175321.JPG taken)
SKIPPED: /Volumes/ARCHIVE/PHOTOS/2023/2023-10-22/20231022-175321_[X-T5]-[23-10-22]__[17-53-21]__0.RAF (20231022-175321.RAF taken)
SKIPPED: /Volumes/ARCHIVE/PHOTOS/2023/2023-10-22/20231022-175333_[X-T5]-[23-10-22]__[17-53-33]__0.JPG (20231022-175333.JPG taken)
SKIPPED: /Volumes/ARCHIVE/PHOTOS/2023/2023-10-22/20231022-175333_[X-T5]-[23-10-22]__[17-53-33]__0.RAF (20231022-175333.RAF taken)
SKIPPED: /Volumes/ARCHIVE/PHOTOS/2023/2023-10-22/20231022-184229_[X-T5]-[23-10-22]__[18-42-29]__0.JPG (20231022-184229.JPG taken)
SKIPPED: /Volumes/ARCHIVE/PHOTOS/2023/2023-10-22/20231022-184229_[X-T5]-[23-10-22]__[18-42-29]__0.RAF (20231022-184229.RAF taken)
SKIPPED: /Volumes/ARCHIVE/PHOTOS/2023/2023-10-22/20231022-184239_[X-T5]-[23-10-22]__[18-42-39]__0.JPG (20231022-184239.JPG taken)
SKIPPED: /Volumes/ARCHIVE/PHOTOS/2023/2023-10-22/20231022-184239_[X-T5]-[23-10-22]__[18-42-39]__0.RAF (20231022-184239.RAF taken)
SKIPPED: /Volumes/ARCHIVE/PHOTOS/2023/2023-10-22/20231022-184257_[X-T5]-[23-10-22]__[18-42-57]__0.JPG (20231022-184257.JPG taken)
SKIPPED: /Volumes/ARCHIVE/PHOTOS/2023/2023-10-22/20231022-184257_[X-T5]-[23-10-22]__[18-42-57]__0.RAF (20231022-184257.RAF taken)
SKIPPED: /Volumes/ARCHIVE/PHOTOS/2023/2023-10-22/20231022-184329_[X-T5]-[23-10-22]__[18-43-29]__0.JPG (20231022-184329.JPG taken)
SKIPPED: /Volumes/ARCHIVE/PHOTOS/2023/2023-10-22/20231022-184329_[X-T5]-[23-10-22]__[18-43-29]__0.RAF (20231022-184329.RAF taken)
SKIPPED: /Volumes/ARCHIVE/PHOTOS/2023/2023-10-22/20231022-184348_[X-T5]-[23-10-22]__[18-43-48]__0.JPG (20231022-184348.JPG taken)
SKIPPED: /Volumes/ARCHIVE/PHOTOS/2023/2023-10-22/20231022-184348_[X-T5]-[23-10-22]__[18-43-48]__0.RAF (20231022-184348.RAF taken)
SKIPPED: /Volumes/ARCHIVE/PHOTOS/2023/2023-10-22/20231022-185229_[X-T5]-[23-10-22]__[18-52-29]__0.JPG (20231022-185229.JPG taken)
SKIPPED: /Volumes/ARCHIVE/PHOTOS/2023/2023-10-22/20231022-185229_[X-T5]-[23-10-22]__[18-52-29]__0.RAF (20231022-185229.RAF taken)
SKIPPED: /Volumes/ARCHIVE/PHOTOS/2023/2023-10-22/20231022-185241_[X-T5]-[23-10-22]__[18-52-41]__0.JPG (20231022-185241.JPG taken)
SKIPPED: /Volumes/ARCHIVE/PHOTOS/2023/2023-10-22/20231022-185241_[X-T5]-[23-10-22]__[18-52-41]__0.RAF (20231022-185241.RAF taken)
SKIPPED: /Volumes/ARCHIVE/PHOTOS/2023/2023-10-22/20231022-185249_[X-T5]-[23-10-22]__[18-52-49]__0.JPG (20231022-185249.JPG taken)
SKIPPED: /Volumes/ARCHIVE/PHOTOS/2023/2023-10-22/20231022-185249_[X-T5]-[23-10-22]__[18-52-49]__0.RAF (20231022-185249.RAF taken)
SKIPPED: /Volumes/ARCHIVE/PHOTOS/2023/2023-10-22/20231022-185301_[X-T5]-[23-10-22]__[18-53-01]__0.JPG (20231022-185301.JPG taken)
SKIPPED: /Volumes/ARCHIVE/PHOTOS/2023/2023-10-22/20231022-185301_[X-T5]-[23-10-22]__[18-53-01]__0.RAF (20231022-185301.RAF taken)
SKIPPED: /Volumes/ARCHIVE/PHOTOS/2023/2023-10-22/20231022-191420_[X-T5]-[23-10-22]__[19-14-20]__0.JPG (20231022-191420.JPG taken)
SKIPPED: /Volumes/ARCHIVE/PHOTOS/2023/2023-10-22/20231022-191420_[X-T5]-[23-10-22]__[19-14-20]__0.RAF (20231022-191420.RAF taken)
SKIPPED: /Volumes/ARCHIVE/PHOTOS/2023/2023-10-22/20231022-193213_[X-T5]-[23-10-22]__[19-32-13]__0.JPG (20231022-193213.JPG taken)
SKIPPED: /Volumes/ARCHIVE/PHOTOS/2023/2023-10-22/20231022-193213_[X-T5]-[23-10-22]__[19-32-13]__0.RAF (20231022-193213.RAF taken)
SKIPPED: /Volumes/ARCHIVE/PHOTOS/2023/2023-10-22/20231022-200922_[X-T5]-[23-10-22]__[20-09-22]__0.JPG (20231022-200922.JPG taken)
SKIPPED: /Volumes/ARCHIVE/PHOTOS/2023/2023-10-22/20231022-200922_[X-T5]-[23-10-22]__[20-09-22]__0.RAF (20231022-200922.RAF taken)
SKIPPED: /Volumes/ARCHIVE/PHOTOS/2023/2023-10-22/20231022-201000_[X-T5]-[23-10-22]__[20-10-00]__0.JPG (20231022-201000.JPG taken)
SKIPPED: /Volumes/ARCHIVE/PHOTOS/2023/2023-10-22/20231022-201000_[X-T5]-[23-10-22]__[20-10-00]__0.RAF (20231022-201000.RAF taken)
SKIPPED: /Volumes/ARCHIVE/PHOTOS/2023/2023-10-22/20231022-202335_[X-T5]-[23-10-22]__[20-23-35]__0.JPG (20231022-202335.JPG taken)
SKIPPED: /Volumes/ARCHIVE/PHOTOS/2023/2023-10-22/20231022-202335_[X-T5]-[23-10-22]__[20-23-35]__0.RAF (20231022-202335.RAF taken)
SKIPPED: /Volumes/ARCHIVE/PHOTOS/2023/2023-10-22/20231022-202406_[X-T5]-[23-10-22]__[20-24-06]__0.JPG (20231022-202406.JPG taken)
SKIPPED: /Volumes/ARCHIVE/PHOTOS/2023/2023-10-22/20231022-202406_[X-T5]-[23-10-22]__[20-24-06]__0.RAF (20231022-202406.RAF taken)
SKIPPED: /Volumes/ARCHIVE/PHOTOS/2023/2023-10-22/20231022-202407_[X-T5]-[23-10-22]__[20-24-07]__0.JPG (20231022-202407.JPG taken)
SKIPPED: /Volumes/ARCHIVE/PHOTOS/2023/2023-10-22/20231022-202407_[X-T5]-[23-10-22]__[20-24-07]__0.RAF (20231022-202407.RAF taken)
SKIPPED: /Volumes/ARCHIVE/PHOTOS/2023/2023-10-22/20231022-202712_[X-T5]-[23-10-22]__[20-27-12]__0.JPG (20231022-202712.JPG taken)
SKIPPED: /Volumes/ARCHIVE/PHOTOS/2023/2023-10-22/20231022-202712_[X-T5]-[23-10-22]__[20-27-12]__0.RAF (20231022-202712.RAF taken)
SKIPPED: /Volumes/ARCHIVE/PHOTOS/2023/2023-10-22/20231022-202746_[X-T5]-[23-10-22]__[20-27-46]__0.JPG (20231022-202746.JPG taken)
SKIPPED: /Volumes/ARCHIVE/PHOTOS/2023/2023-10-22/20231022-202746_[X-T5]-[23-10-22]__[20-27-46]__0.RAF (20231022-202746.RAF taken)
SKIPPED: /Volumes/ARCHIVE/PHOTOS/2023/2023-10-22/20231022-203811_[X-T5]-[23-10-22]__[20-38-11]__0.JPG (20231022-203811.JPG taken)
SKIPPED: /Volumes/ARCHIVE/PHOTOS/2023/2023-10-22/20231022-203811_[X-T5]-[23-10-22]__[20-38-11]__0.RAF (20231022-203811.RAF taken)
SKIPPED: /Volumes/ARCHIVE/PHOTOS/2023/2023-10-22/20231022-204313_[X-T5]-[23-10-22]__[20-43-13]__0.JPG (20231022-204313.JPG taken)
SKIPPED: /Volumes/ARCHIVE/PHOTOS/2023/2023-10-22/20231022-204313_[X-T5]-[23-10-22]__[20-43-13]__0.RAF (20231022-204313.RAF taken)
SKIPPED: /Volumes/ARCHIVE/PHOTOS/2023/2023-10-22/20231022-204557_[X-T5]-[23-10-22]__[20-45-57]__0.JPG (20231022-204557.JPG taken)
SKIPPED: /Volumes/ARCHIVE/PHOTOS/2023/2023-10-22/20231022-204557_[X-T5]-[23-10-22]__[20-45-57]__0.RAF (20231022-204557.RAF taken)
SKIPPED: /Volumes/ARCHIVE/PHOTOS/2023/2023-10-22/20231022-205045_[X-T5]-[23-10-22]__[20-50-45]__0.JPG (20231022-205045.JPG taken)
SKIPPED: /Volumes/ARCHIVE/PHOTOS/2023/2023-10-22/20231022-205045_[X-T5]-[23-10-22]__[20-50-45]__0.RAF (20231022-205045.RAF taken)
SKIPPED: /Volumes/ARCHIVE/PHOTOS/2023/2023-10-22/20231022-205450_[X-T5]-[23-10-22]__[20-54-50]__0.JPG (20231022-205450.JPG taken)
SKIPPED: /Volumes/ARCHIVE/PHOTOS/2023/2023-10-22/20231022-205450_[X-T5]-[23-10-22]__[20-54-50]__0.RAF (20231022-205450.RAF taken)
SKIPPED: /Volumes/ARCHIVE/PHOTOS/2023/2023-10-22/20231022-211612_[X-T5]-[23-10-22]__[21-16-12]__0.JPG (20231022-211612.JPG taken)
SKIPPED: /Volumes/ARCHIVE/PHOTOS/2023/2023-10-22/20231022-211612_[X-T5]-[23-10-22]__[21-16-12]__0.RAF (20231022-211612.RAF taken)
SKIPPED: /Volumes/ARCHIVE/PHOTOS/2023/2023-10-22/20231022-211620_[X-T5]-[23-10-22]__[21-16-20]__0.JPG (20231022-211620.JPG taken)
SKIPPED: /Volumes/ARCHIVE/PHOTOS/2023/2023-10-22/20231022-211620_[X-T5]-[23-10-22]__[21-16-20]__0.RAF (20231022-211620.RAF taken)
SKIPPED: /Volumes/ARCHIVE/PHOTOS/2023/2023-10-22/20231022-211744_[X-T5]-[23-10-22]__[21-17-44]__0.JPG (20231022-211744.JPG taken)
SKIPPED: /Volumes/ARCHIVE/PHOTOS/2023/2023-10-22/20231022-211744_[X-T5]-[23-10-22]__[21-17-44]__0.RAF (20231022-211744.RAF taken)
SKIPPED: /Volumes/ARCHIVE/PHOTOS/2023/2023-10-22/20231022-212233_[X-T5]-[23-10-22]__[21-22-33]__0.JPG (20231022-212233.JPG taken)
SKIPPED: /Volumes/ARCHIVE/PHOTOS/2023/2023-10-22/20231022-212233_[X-T5]-[23-10-22]__[21-22-33]__0.RAF (20231022-212233.RAF taken)
SKIPPED: /Volumes/ARCHIVE/PHOTOS/2023/2023-10-22/20231022-212446_[X-T5]-[23-10-22]__[21-24-46]__0.JPG (20231022-212446.JPG taken)
SKIPPED: /Volumes/ARCHIVE/PHOTOS/2023/2023-10-22/20231022-212446_[X-T5]-[23-10-22]__[21-24-46]__0.RAF (20231022-212446.RAF taken)
SKIPPED: /Volumes/ARCHIVE/PHOTOS/2023/2023-10-22/20231022-213044_[X-T5]-[23-10-22]__[21-30-44]__0.JPG (20231022-213044.JPG taken)
SKIPPED: /Volumes/ARCHIVE/PHOTOS/2023/2023-10-22/20231022-213044_[X-T5]-[23-10-22]__[21-30-44]__0.RAF (20231022-213044.RAF taken)
SKIPPED: /Volumes/ARCHIVE/PHOTOS/2023/2023-10-22/20231022-220731_[X-T5]-[23-10-22]__[22-07-31]__0.JPG (20231022-220731.JPG taken)
SKIPPED: /Volumes/ARCHIVE/PHOTOS/2023/2023-10-22/20231022-220731_[X-T5]-[23-10-22]__[22-07-31]__0.RAF (20231022-220731.RAF taken)
SKIPPED: /Volumes/ARCHIVE/PHOTOS/2023/2023-10-22/20231022-220948_[X-T5]-[23-10-22]__[22-09-48]__0.JPG (20231022-220948.JPG taken)
SKIPPED: /Volumes/ARCHIVE/PHOTOS/2023/2023-10-22/20231022-220948_[X-T5]-[23-10-22]__[22-09-48]__0.RAF (20231022-220948.RAF taken)
SKIPPED: /Volumes/ARCHIVE/PHOTOS/2023/2023-10-22/20231022-221002_[X-T5]-[23-10-22]__[22-10-02]__0.JPG (20231022-221002.JPG taken)
SKIPPED: /Volumes/ARCHIVE/PHOTOS/2023/2023-10-22/20231022-221002_[X-T5]-[23-10-22]__[22-10-02]__0.RAF (20231022-221002.RAF taken)
SKIPPED: /Volumes/ARCHIVE/PHOTOS/2023/2023-10-22/20231022-221622_[X-T5]-[23-10-22]__[22-16-22]__0.JPG (20231022-221622.JPG taken)
SKIPPED: /Volumes/ARCHIVE/PHOTOS/2023/2023-10-22/20231022-221622_[X-T5]-[23-10-22]__[22-16-22]__0.RAF (20231022-221622.RAF taken)
SKIPPED: /Volumes/ARCHIVE/PHOTOS/2023/2023-10-22/20231022-222705_[X-T5]-[23-10-22]__[22-27-05]__0.JPG (20231022-222705.JPG taken)
SKIPPED: /Volumes/ARCHIVE/PHOTOS/2023/2023-10-22/20231022-222705_[X-T5]-[23-10-22]__[22-27-05]__0.RAF (20231022-222705.RAF taken)
SKIPPED: /Volumes/ARCHIVE/PHOTOS/2023/2023-10-22/20231022-223328_[X-T5]-[23-10-22]__[22-33-28]__0.JPG (20231022-223328.JPG taken)
SKIPPED: /Volumes/ARCHIVE/PHOTOS/2023/2023-10-22/20231022-223328_[X-T5]-[23-10-22]__[22-33-28]__0.RAF (20231022-223328.RAF taken)
SKIPPED: /Volumes/ARCHIVE/PHOTOS/2023/2023-10-22/20231022-223351_[X-T5]-[23-10-22]__[22-33-51]__0.JPG (20231022-223351.JPG taken)
SKIPPED: /Volumes/ARCHIVE/PHOTOS/2023/2023-10-22/20231022-223351_[X-T5]-[23-10-22]__[22-33-51]__0.RAF (20231022-223351.RAF taken)
SKIPPED: /Volumes/ARCHIVE/PHOTOS/2023/2023-10-22/20231022-225746_[X-T5]-[23-10-22]__[22-57-46]__0.JPG (20231022-225746.JPG taken)
SKIPPED: /Volumes/ARCHIVE/PHOTOS/2023/2023-10-22/20231022-225746_[X-T5]-[23-10-22]__[22-57-46]__0.RAF (20231022-225746.RAF taken)
SKIPPED: /Volumes/ARCHIVE/PHOTOS/2023/2023-10-22/20231022-231915_[X-T5]-[23-10-22]__[23-19-15]__0.JPG (20231022-231915.JPG taken)
SKIPPED: /Volumes/ARCHIVE/PHOTOS/2023/2023-10-22/20231022-231915_[X-T5]-[23-10-22]__[23-19-15]__0.RAF (20231022-231915.RAF taken)
SKIPPED: /Volumes/ARCHIVE/PHOTOS/2023/2023-10-22/20231022-232019_[X-T5]-[23-10-22]__[23-20-19]__0.JPG (20231022-232019.JPG taken)
SKIPPED: /Volumes/ARCHIVE/PHOTOS/2023/2023-10-22/20231022-232019_[X-T5]-[23-10-22]__[23-20-19]__0.RAF (20231022-232019.RAF taken)
SKIPPED: /Volumes/ARCHIVE/PHOTOS/2023/2023-10-22/20231022-232038_[X-T5]-[23-10-22]__[23-20-38]__0.JPG (20231022-232038.JPG taken)
SKIPPED: /Volumes/ARCHIVE/PHOTOS/2023/2023-10-22/20231022-232038_[X-T5]-[23-10-22]__[23-20-38]__0.RAF (20231022-232038.RAF taken)
SKIPPED: /Volumes/ARCHIVE/PHOTOS/2023/2023-10-22/20231022-232043_[X-T5]-[23-10-22]__[23-20-43]__0.JPG (20231022-232043.JPG taken)
SKIPPED: /Volumes/ARCHIVE/PHOTOS/2023/2023-10-22/20231022-232043_[X-T5]-[23-10-22]__[23-20-43]__0.RAF (20231022-232043.RAF taken)
SKIPPED: /Volumes/ARCHIVE/PHOTOS/2023/2023-10-22/20231022-232112_[X-T5]-[23-10-22]__[23-21-12]__0.JPG (20231022-232112.JPG taken)
SKIPPED: /Volumes/ARCHIVE/PHOTOS/2023/2023-10-22/20231022-232112_[X-T5]-[23-10-22]__[23-21-12]__0.RAF (20231022-232112.RAF taken)
SKIPPED: /Volumes/ARCHIVE/PHOTOS/2023/2023-10-22/20231022-232122_[X-T5]-[23-10-22]__[23-21-22]__0.JPG (20231022-232122.JPG taken)
SKIPPED: /Volumes/ARCHIVE/PHOTOS/2023/2023-10-22/20231022-232122_[X-T5]-[23-10-22]__[23-21-22]__0.RAF (20231022-232122.RAF taken)
SKIPPED: /Volumes/ARCHIVE/PHOTOS/2023/2023-10-22/20231022-232130_[X-T5]-[23-10-22]__[23-21-30]__0.JPG (20231022-232130.JPG taken)
SKIPPED: /Volumes/ARCHIVE/PHOTOS/2023/2023-10-22/20231022-232130_[X-T5]-[23-10-22]__[23-21-30]__0.RAF (20231022-232130.RAF taken)
SKIPPED: /Volumes/ARCHIVE/PHOTOS/2023/2023-10-22/20231022-232420_[X-T5]-[23-10-22]__[23-24-20]__0.JPG (20231022-232420.JPG taken)
SKIPPED: /Volumes/ARCHIVE/PHOTOS/2023/2023-10-22/20231022-232420_[X-T5]-[23-10-22]__[23-24-20]__0.RAF (20231022-232420.RAF taken)
SKIPPED: /Volumes/ARCHIVE/PHOTOS/2023/2023-10-22/20231022-232424_[X-T5]-[23-10-22]__[23-24-24]__0.JPG (20231022-232424.JPG taken)
SKIPPED: /Volumes/ARCHIVE/PHOTOS/2023/2023-10-22/20231022-232424_[X-T5]-[23-10-22]__[23-24-24]__0.RAF (20231022-232424.RAF taken)
SKIPPED: /Volumes/ARCHIVE/PHOTOS/2023/2023-10-22/20231022-232429_[X-T5]-[23-10-22]__[23-24-29]__0.JPG (20231022-232429.JPG taken)
SKIPPED: /Volumes/ARCHIVE/PHOTOS/2023/2023-10-22/20231022-232429_[X-T5]-[23-10-22]__[23-24-29]__0.RAF (20231022-232429.RAF taken)
SKIPPED: /Volumes/ARCHIVE/PHOTOS/2023/2023-10-22/20231022-232834_[X-T5]-[23-10-22]__[23-28-34]__0.JPG (20231022-232834.JPG taken)
SKIPPED: /Volumes/ARCHIVE/PHOTOS/2023/2023-10-22/20231022-232834_[X-T5]-[23-10-22]__[23-28-34]__0.RAF (20231022-232834.RAF taken)
SKIPPED: /Volumes/ARCHIVE/PHOTOS/2023/2023-10-22/20231022-235816_[X-T5]-[23-10-22]__[23-58-16]__0.JPG (20231022-235816.JPG taken)
SKIPPED: /Volumes/ARCHIVE/PHOTOS/2023/2023-10-22/20231022-235816_[X-T5]-[23-10-22]__[23-58-16]__0.RAF (20231022-235816.RAF taken)
SKIPPED: /Volumes/ARCHIVE/PHOTOS/2023/2023-10-22/20231022-235826_[X-T5]-[23-10-22]__[23-58-26]__0.JPG (20231022-235826.JPG taken)
SKIPPED: /Volumes/ARCHIVE/PHOTOS/2023/2023-10-22/20231022-235826_[X-T5]-[23-10-22]__[23-58-26]__0.RAF (20231022-235826.RAF taken)
SKIPPED: /Volumes/ARCHIVE/PHOTOS/2023/2023-10-23/20231023-000416_[X-T5]-[23-10-23]__[00-04-16]__0.JPG (20231023-000416.JPG taken)
SKIPPED: /Volumes/ARCHIVE/PHOTOS/2023/2023-10-23/20231023-000416_[X-T5]-[23-10-23]__[00-04-16]__0.RAF (20231023-000416.RAF taken)
SKIPPED: /Volumes/ARCHIVE/PHOTOS/2023/2023-10-23/20231023-000443_[X-T5]-[23-10-23]__[00-04-43]__0.JPG (20231023-000443.JPG taken)
SKIPPED: /Volumes/ARCHIVE/PHOTOS/2023/2023-10-23/20231023-000443_[X-T5]-[23-10-23]__[00-04-43]__0.RAF (20231023-000443.RAF taken)
SKIPPED: /Volumes/ARCHIVE/PHOTOS/2023/2023-10-23/20231023-000538_[X-T5]-[23-10-23]__[00-05-38]__0.JPG (20231023-000538.JPG taken)
SKIPPED: /Volumes/ARCHIVE/PHOTOS/2023/2023-10-23/20231023-000538_[X-T5]-[23-10-23]__[00-05-38]__0.RAF (20231023-000538.RAF taken)
SKIPPED: /Volumes/ARCHIVE/PHOTOS/2023/2023-10-23/20231023-000556_[X-T5]-[23-10-23]__[00-05-56]__0.JPG (20231023-000556.JPG taken)
SKIPPED: /Volumes/ARCHIVE/PHOTOS/2023/2023-10-23/20231023-000556_[X-T5]-[23-10-23]__[00-05-56]__0.RAF (20231023-000556.RAF taken)
SKIPPED: /Volumes/ARCHIVE/PHOTOS/2023/2023-10-23/20231023-002525_[X-T5]-[23-10-23]__[00-25-25]__0.JPG (20231023-002525.JPG taken)
SKIPPED: /Volumes/ARCHIVE/PHOTOS/2023/2023-10-23/20231023-002525_[X-T5]-[23-10-23]__[00-25-25]__0.RAF (20231023-002525.RAF taken)
SKIPPED: /Volumes/ARCHIVE/PHOTOS/2023/2023-10-23/20231023-002715_[X-T5]-[23-10-23]__[00-27-15]__0.JPG (20231023-002715.JPG taken)
SKIPPED: /Volumes/ARCHIVE/PHOTOS/2023/2023-10-23/20231023-002715_[X-T5]-[23-10-23]__[00-27-15]__0.RAF (20231023-002715.RAF taken)
SKIPPED: /Volumes/ARCHIVE/PHOTOS/2023/2023-10-23/20231023-002718_[X-T5]-[23-10-23]__[00-27-18]__0.JPG (20231023-002718.JPG taken)
SKIPPED: /Volumes/ARCHIVE/PHOTOS/2023/2023-10-23/20231023-002718_[X-T5]-[23-10-23]__[00-27-18]__0.RAF (20231023-002718.RAF taken)
SKIPPED: /Volumes/ARCHIVE/PHOTOS/2023/2023-10-23/20231023-002742_[X-T5]-[23-10-23]__[00-27-42]__0.JPG (20231023-002742.JPG taken)
SKIPPED: /Volumes/ARCHIVE/PHOTOS/2023/2023-10-23/20231023-002742_[X-T5]-[23-10-23]__[00-27-42]__0.RAF (20231023-002742.RAF taken)
SKIPPED: /Volumes/ARCHIVE/PHOTOS/2023/2023-10-23/20231023-002749_[X-T5]-[23-10-23]__[00-27-49]__0.JPG (20231023-002749.JPG taken)
SKIPPED: /Volumes/ARCHIVE/PHOTOS/2023/2023-10-23/20231023-002749_[X-T5]-[23-10-23]__[00-27-49]__0.RAF (20231023-002749.RAF taken)
SKIPPED: /Volumes/ARCHIVE/PHOTOS/2023/2023-10-23/20231023-010041_[X-T5]-[23-10-23]__[01-00-41]__0.JPG (20231023-010041.JPG taken)
SKIPPED: /Volumes/ARCHIVE/PHOTOS/2023/2023-10-23/20231023-010041_[X-T5]-[23-10-23]__[01-00-41]__0.RAF (20231023-010041.RAF taken)
SKIPPED: /Volumes/ARCHIVE/PHOTOS/2023/2023-10-23/20231023-010358_[X-T5]-[23-10-23]__[01-03-58]__0.JPG (20231023-010358.JPG taken)
SKIPPED: /Volumes/ARCHIVE/PHOTOS/2023/2023-10-23/20231023-010358_[X-T5]-[23-10-23]__[01-03-58]__0.RAF (20231023-010358.RAF taken)
SKIPPED: /Volumes/ARCHIVE/PHOTOS/2023/2023-10-23/20231023-010422_[X-T5]-[23-10-23]__[01-04-22]__0.JPG (20231023-010422.JPG taken)
SKIPPED: /Volumes/ARCHIVE/PHOTOS/2023/2023-10-23/20231023-010422_[X-T5]-[23-10-23]__[01-04-22]__0.RAF (20231023-010422.RAF taken)
SKIPPED: /Volumes/ARCHIVE/PHOTOS/2023/2023-10-23/20231023-010818_[X-T5]-[23-10-23]__[01-08-18]__0.JPG (20231023-010818.JPG taken)
SKIPPED: /Volumes/ARCHIVE/PHOTOS/2023/2023-10-23/20231023-010818_[X-T5]-[23-10-23]__[01-08-18]__0.RAF (20231023-010818.RAF taken)
SKIPPED: /Volumes/ARCHIVE/PHOTOS/2023/2023-10-23/20231023-010854_[X-T5]-[23-10-23]__[01-08-54]__0.JPG (20231023-010854.JPG taken)
SKIPPED: /Volumes/ARCHIVE/PHOTOS/2023/2023-10-23/20231023-010854_[X-T5]-[23-10-23]__[01-08-54]__0.RAF (20231023-010854.RAF taken)
SKIPPED: /Volumes/ARCHIVE/PHOTOS/2023/2023-10-23/20231023-010909_[X-T5]-[23-10-23]__[01-09-09]__0.JPG (20231023-010909.JPG taken)
SKIPPED: /Volumes/ARCHIVE/PHOTOS/2023/2023-10-23/20231023-010909_[X-T5]-[23-10-23]__[01-09-09]__0.RAF (20231023-010909.RAF taken)
SKIPPED: /Volumes/ARCHIVE/PHOTOS/2023/2023-10-23/20231023-012548_[X-T5]-[23-10-23]__[01-25-48]__0.JPG (20231023-012548.JPG taken)
SKIPPED: /Volumes/ARCHIVE/PHOTOS/2023/2023-10-23/20231023-012548_[X-T5]-[23-10-23]__[01-25-48]__0.RAF (20231023-012548.RAF taken)
SKIPPED: /Volumes/ARCHIVE/PHOTOS/2023/2023-10-23/20231023-012609_[X-T5]-[23-10-23]__[01-26-09]__0.JPG (20231023-012609.JPG taken)
SKIPPED: /Volumes/ARCHIVE/PHOTOS/2023/2023-10-23/20231023-012609_[X-T5]-[23-10-23]__[01-26-09]__0.RAF (20231023-012609.RAF taken)
SKIPPED: /Volumes/ARCHIVE/PHOTOS/2023/2023-10-23/20231023-013844_[X-T5]-[23-10-23]__[01-38-44]__0.JPG (20231023-013844.JPG taken)
SKIPPED: /Volumes/ARCHIVE/PHOTOS/2023/2023-10-23/20231023-013844_[X-T5]-[23-10-23]__[01-38-44]__0.RAF (20231023-013844.RAF taken)
SKIPPED: /Volumes/ARCHIVE/PHOTOS/2023/2023-10-23/20231023-013903_[X-T5]-[23-10-23]__[01-39-03]__0.JPG (20231023-013903.JPG taken)
SKIPPED: /Volumes/ARCHIVE/PHOTOS/2023/2023-10-23/20231023-013903_[X-T5]-[23-10-23]__[01-39-03]__0.RAF (20231023-013903.RAF taken)
SKIPPED: /Volumes/ARCHIVE/PHOTOS/2023/2023-10-23/20231023-013925_[X-T5]-[23-10-23]__[01-39-25]__0.JPG (20231023-013925.JPG taken)
SKIPPED: /Volumes/ARCHIVE/PHOTOS/2023/2023-10-23/20231023-013925_[X-T5]-[23-10-23]__[01-39-25]__0.RAF (20231023-013925.RAF taken)
SKIPPED: /Volumes/ARCHIVE/PHOTOS/2023/2023-10-23/20231023-013959_[X-T5]-[23-10-23]__[01-39-59]__0.JPG (20231023-013959.JPG taken)
SKIPPED: /Volumes/ARCHIVE/PHOTOS/2023/2023-10-23/20231023-013959_[X-T5]-[23-10-23]__[01-39-59]__0.RAF (20231023-013959.RAF taken)
SKIPPED: /Volumes/ARCHIVE/PHOTOS/2023/2023-10-23/20231023-014109_[X-T5]-[23-10-23]__[01-41-09]__0.JPG (20231023-014109.JPG taken)
SKIPPED: /Volumes/ARCHIVE/PHOTOS/2023/2023-10-23/20231023-014109_[X-T5]-[23-10-23]__[01-41-09]__0.RAF (20231023-014109.RAF taken)
SKIPPED: /Volumes/ARCHIVE/PHOTOS/2023/2023-10-23/20231023-014410_[X-T5]-[23-10-23]__[01-44-10]__0.JPG (20231023-014410.JPG taken)
SKIPPED: /Volumes/ARCHIVE/PHOTOS/2023/2023-10-23/20231023-014410_[X-T5]-[23-10-23]__[01-44-10]__0.RAF (20231023-014410.RAF taken)
SKIPPED: /Volumes/ARCHIVE/PHOTOS/2023/2023-10-23/20231023-014434_[X-T5]-[23-10-23]__[01-44-34]__0.JPG (20231023-014434.JPG taken)
SKIPPED: /Volumes/ARCHIVE/PHOTOS/2023/2023-10-23/20231023-014434_[X-T5]-[23-10-23]__[01-44-34]__0.RAF (20231023-014434.RAF taken)
SKIPPED: /Volumes/ARCHIVE/PHOTOS/2023/2023-10-23/20231023-014446_[X-T5]-[23-10-23]__[01-44-46]__0.JPG (20231023-014446.JPG taken)
SKIPPED: /Volumes/ARCHIVE/PHOTOS/2023/2023-10-23/20231023-014446_[X-T5]-[23-10-23]__[01-44-46]__0.RAF (20231023-014446.RAF taken)
SKIPPED: /Volumes/ARCHIVE/PHOTOS/2023/2023-10-23/20231023-014511_[X-T5]-[23-10-23]__[01-45-11]__0.JPG (20231023-014511.JPG taken)
SKIPPED: /Volumes/ARCHIVE/PHOTOS/2023/2023-10-23/20231023-014511_[X-T5]-[23-10-23]__[01-45-11]__0.RAF (20231023-014511.RAF taken)
SKIPPED: /Volumes/ARCHIVE/PHOTOS/2023/2023-10-23/20231023-014618_[X-T5]-[23-10-23]__[01-46-18]__0.JPG (20231023-014618.JPG taken)
SKIPPED: /Volumes/ARCHIVE/PHOTOS/2023/2023-10-23/20231023-014618_[X-T5]-[23-10-23]__[01-46-18]__0.RAF (20231023-014618.RAF taken)
SKIPPED: /Volumes/ARCHIVE/PHOTOS/2023/2023-10-23/20231023-014711_[X-T5]-[23-10-23]__[01-47-11]__0.JPG (20231023-014711.JPG taken)
SKIPPED: /Volumes/ARCHIVE/PHOTOS/2023/2023-10-23/20231023-014711_[X-T5]-[23-10-23]__[01-47-11]__0.RAF (20231023-014711.RAF taken)
SKIPPED: /Volumes/ARCHIVE/PHOTOS/2023/2023-10-23/20231023-015032_[X-T5]-[23-10-23]__[01-50-32]__0.JPG (20231023-015032.JPG taken)
SKIPPED: /Volumes/ARCHIVE/PHOTOS/2023/2023-10-23/20231023-015032_[X-T5]-[23-10-23]__[01-50-32]__0.RAF (20231023-015032.RAF taken)
SKIPPED: /Volumes/ARCHIVE/PHOTOS/2023/2023-10-23/20231023-015219_[X-T5]-[23-10-23]__[01-52-19]__0.JPG (20231023-015219.JPG taken)
SKIPPED: /Volumes/ARCHIVE/PHOTOS/2023/2023-10-23/20231023-015219_[X-T5]-[23-10-23]__[01-52-19]__0.RAF (20231023-015219.RAF taken)
SKIPPED: /Volumes/ARCHIVE/PHOTOS/2023/2023-10-23/20231023-190410_[X-T5]-[23-10-23]__[19-04-10]__0.JPG (20231023-190410.JPG taken)
SKIPPED: /Volumes/ARCHIVE/PHOTOS/2023/2023-10-23/20231023-190410_[X-T5]-[23-10-23]__[19-04-10]__0.RAF (20231023-190410.RAF taken)
SKIPPED: /Volumes/ARCHIVE/PHOTOS/2023/2023-10-23/20231023-190505_[X-T5]-[23-10-23]__[19-05-05]__0.JPG (20231023-190505.JPG taken)
SKIPPED: /Volumes/ARCHIVE/PHOTOS/2023/2023-10-23/20231023-190505_[X-T5]-[23-10-23]__[19-05-05]__0.RAF (20231023-190505.RAF taken)
SKIPPED: /Volumes/ARCHIVE/PHOTOS/2023/2023-10-23/20231023-190507_[X-T5]-[23-10-23]__[19-05-07]__0.JPG (20231023-190507.JPG taken)
SKIPPED: /Volumes/ARCHIVE/PHOTOS/2023/2023-10-23/20231023-190507_[X-T5]-[23-10-23]__[19-05-07]__0.RAF (20231023-190507.RAF taken)
SKIPPED: /Volumes/ARCHIVE/PHOTOS/2023/2023-10-23/20231023-190733_[X-T5]-[23-10-23]__[19-07-33]__0.JPG (20231023-190733.JPG taken)
SKIPPED: /Volumes/ARCHIVE/PHOTOS/2023/2023-10-23/20231023-190733_[X-T5]-[23-10-23]__[19-07-33]__0.RAF (20231023-190733.RAF taken)
SKIPPED: /Volumes/ARCHIVE/PHOTOS/2023/2023-10-23/20231023-190800_[X-T5]-[23-10-23]__[19-08-00]__0.JPG (20231023-190800.JPG taken)
SKIPPED: /Volumes/ARCHIVE/PHOTOS/2023/2023-10-23/20231023-190800_[X-T5]-[23-10-23]__[19-08-00]__0.RAF (20231023-190800.RAF taken)
SKIPPED: /Volumes/ARCHIVE/PHOTOS/2023/2023-10-23/20231023-191014_[X-T5]-[23-10-23]__[19-10-14]__0.JPG (20231023-191014.JPG taken)
SKIPPED: /Volumes/ARCHIVE/PHOTOS/2023/2023-10-23/20231023-191014_[X-T5]-[23-10-23]__[19-10-14]__0.RAF (20231023-191014.RAF taken)
SKIPPED: /Volumes/ARCHIVE/PHOTOS/2023/2023-10-23/20231023-191029_[X-T5]-[23-10-23]__[19-10-29]__0.JPG (20231023-191029.JPG taken)
SKIPPED: /Volumes/ARCHIVE/PHOTOS/2023/2023-10-23/20231023-191029_[X-T5]-[23-10-23]__[19-10-29]__0.RAF (20231023-191029.RAF taken)
SKIPPED: /Volumes/ARCHIVE/PHOTOS/2023/2023-10-23/20231023-191214_[X-T5]-[23-10-23]__[19-12-14]__0.JPG (20231023-191214.JPG taken)
SKIPPED: /Volumes/ARCHIVE/PHOTOS/2023/2023-10-23/20231023-191214_[X-T5]-[23-10-23]__[19-12-14]__0.RAF (20231023-191214.RAF taken)
SKIPPED: /Volumes/ARCHIVE/PHOTOS/2023/2023-10-23/20231023-192259_[X-T5]-[23-10-23]__[19-22-59]__0.JPG (20231023-192259.JPG taken)
SKIPPED: /Volumes/ARCHIVE/PHOTOS/2023/2023-10-23/20231023-192259_[X-T5]-[23-10-23]__[19-22-59]__0.RAF (20231023-192259.RAF taken)
SKIPPED: /Volumes/ARCHIVE/PHOTOS/2023/2023-10-23/20231023-192305_[X-T5]-[23-10-23]__[19-23-05]__0.JPG (20231023-192305.JPG taken)
SKIPPED: /Volumes/ARCHIVE/PHOTOS/2023/2023-10-23/20231023-192305_[X-T5]-[23-10-23]__[19-23-05]__0.RAF (20231023-192305.RAF taken)
SKIPPED: /Volumes/ARCHIVE/PHOTOS/2023/2023-10-23/20231023-195359_[X-T5]-[23-10-23]__[19-53-59]__0.JPG (20231023-195359.JPG taken)
SKIPPED: /Volumes/ARCHIVE/PHOTOS/2023/2023-10-23/20231023-195359_[X-T5]-[23-10-23]__[19-53-59]__0.RAF (20231023-195359.RAF taken)
SKIPPED: /Volumes/ARCHIVE/PHOTOS/2023/2023-10-23/20231023-195449_[X-T5]-[23-10-23]__[19-54-49]__0.JPG (20231023-195449.JPG taken)
SKIPPED: /Volumes/ARCHIVE/PHOTOS/2023/2023-10-23/20231023-195449_[X-T5]-[23-10-23]__[19-54-49]__0.RAF (20231023-195449.RAF taken)
SKIPPED: /Volumes/ARCHIVE/PHOTOS/2023/2023-10-23/20231023-195500_[X-T5]-[23-10-23]__[19-55-00]__0.JPG (20231023-195500.JPG taken)
SKIPPED: /Volumes/ARCHIVE/PHOTOS/2023/2023-10-23/20231023-195500_[X-T5]-[23-10-23]__[19-55-00]__0.RAF (20231023-195500.RAF taken)
SKIPPED: /Volumes/ARCHIVE/PHOTOS/2023/2023-10-23/20231023-200203_[X-T5]-[23-10-23]__[20-02-03]__0.JPG (20231023-200203.JPG taken)
SKIPPED: /Volumes/ARCHIVE/PHOTOS/2023/2023-10-23/20231023-200203_[X-T5]-[23-10-23]__[20-02-03]__0.RAF (20231023-200203.RAF taken)
SKIPPED: /Volumes/ARCHIVE/PHOTOS/2023/2023-10-23/20231023-200217_[X-T5]-[23-10-23]__[20-02-17]__0.JPG (20231023-200217.JPG taken)
SKIPPED: /Volumes/ARCHIVE/PHOTOS/2023/2023-10-23/20231023-200217_[X-T5]-[23-10-23]__[20-02-17]__0.RAF (20231023-200217.RAF taken)
SKIPPED: /Volumes/ARCHIVE/PHOTOS/2023/2023-10-23/20231023-201744_[X-T5]-[23-10-23]__[20-17-44]__0.JPG (20231023-201744.JPG taken)
SKIPPED: /Volumes/ARCHIVE/PHOTOS/2023/2023-10-23/20231023-201744_[X-T5]-[23-10-23]__[20-17-44]__0.RAF (20231023-201744.RAF taken)
SKIPPED: /Volumes/ARCHIVE/PHOTOS/2023/2023-10-23/20231023-201807_[X-T5]-[23-10-23]__[20-18-07]__0.JPG (20231023-201807.JPG taken)
SKIPPED: /Volumes/ARCHIVE/PHOTOS/2023/2023-10-23/20231023-201807_[X-T5]-[23-10-23]__[20-18-07]__0.RAF (20231023-201807.RAF taken)
SKIPPED: /Volumes/ARCHIVE/PHOTOS/2023/2023-10-23/20231023-201847_[X-T5]-[23-10-23]__[20-18-47]__0.JPG (20231023-201847.JPG taken)
SKIPPED: /Volumes/ARCHIVE/PHOTOS/2023/2023-10-23/20231023-201847_[X-T5]-[23-10-23]__[20-18-47]__0.RAF (20231023-201847.RAF taken)
SKIPPED: /Volumes/ARCHIVE/PHOTOS/2023/2023-10-23/20231023-201912_[X-T5]-[23-10-23]__[20-19-12]__0.JPG (20231023-201912.JPG taken)
SKIPPED: /Volumes/ARCHIVE/PHOTOS/2023/2023-10-23/20231023-201912_[X-T5]-[23-10-23]__[20-19-12]__0.RAF (20231023-201912.RAF taken)
SKIPPED: /Volumes/ARCHIVE/PHOTOS/2023/2023-10-23/20231023-212345_[X-T5]-[23-10-23]__[21-23-45]__0.JPG (20231023-212345.JPG taken)
SKIPPED: /Volumes/ARCHIVE/PHOTOS/2023/2023-10-23/20231023-212345_[X-T5]-[23-10-23]__[21-23-45]__0.RAF (20231023-212345.RAF taken)
SKIPPED: /Volumes/ARCHIVE/PHOTOS/2023/2023-10-23/20231023-215801_[X-T5]-[23-10-23]__[21-58-01]__0.JPG (20231023-215801.JPG taken)
SKIPPED: /Volumes/ARCHIVE/PHOTOS/2023/2023-10-23/20231023-215801_[X-T5]-[23-10-23]__[21-58-01]__0.RAF (20231023-215801.RAF taken)
SKIPPED: /Volumes/ARCHIVE/PHOTOS/2023/2023-10-23/20231023-215819_[X-T5]-[23-10-23]__[21-58-19]__0.JPG (20231023-215819.JPG taken)
SKIPPED: /Volumes/ARCHIVE/PHOTOS/2023/2023-10-23/20231023-215819_[X-T5]-[23-10-23]__[21-58-19]__0.RAF (20231023-215819.RAF taken)
SKIPPED: /Volumes/ARCHIVE/PHOTOS/2023/2023-10-23/20231023-215831_DSCF8168.JPG (20231023-215831.JPG taken)
SKIPPED: /Volumes/ARCHIVE/PHOTOS/2023/2023-10-23/20231023-215835_[X-T5]-[23-10-23]__[21-58-35]__0.JPG (20231023-215835.JPG taken)
SKIPPED: /Volumes/ARCHIVE/PHOTOS/2023/2023-10-23/20231023-215835_[X-T5]-[23-10-23]__[21-58-35]__0.RAF (20231023-215835.RAF taken)
SKIPPED: /Volumes/ARCHIVE/PHOTOS/2023/2023-10-23/20231023-220126_[X-T5]-[23-10-23]__[22-01-26]__0.JPG (20231023-220126.JPG taken)
SKIPPED: /Volumes/ARCHIVE/PHOTOS/2023/2023-10-23/20231023-220126_[X-T5]-[23-10-23]__[22-01-26]__0.RAF (20231023-220126.RAF taken)
SKIPPED: /Volumes/ARCHIVE/PHOTOS/2023/2023-10-23/20231023-234032_[X-T5]-[23-10-23]__[23-40-32]__0.JPG (20231023-234032.JPG taken)
SKIPPED: /Volumes/ARCHIVE/PHOTOS/2023/2023-10-23/20231023-234032_[X-T5]-[23-10-23]__[23-40-32]__0.RAF (20231023-234032.RAF taken)
SKIPPED: /Volumes/ARCHIVE/PHOTOS/2023/2023-10-23/20231023-235343_[X-T5]-[23-10-23]__[23-53-43]__0.JPG (20231023-235343.JPG taken)
SKIPPED: /Volumes/ARCHIVE/PHOTOS/2023/2023-10-23/20231023-235343_[X-T5]-[23-10-23]__[23-53-43]__0.RAF (20231023-235343.RAF taken)
SKIPPED: /Volumes/ARCHIVE/PHOTOS/2023/2023-10-23/20231023-235532_[X-T5]-[23-10-23]__[23-55-32]__0.JPG (20231023-235532.JPG taken)
SKIPPED: /Volumes/ARCHIVE/PHOTOS/2023/2023-10-23/20231023-235532_[X-T5]-[23-10-23]__[23-55-32]__0.RAF (20231023-235532.RAF taken)
SKIPPED: /Volumes/ARCHIVE/PHOTOS/2023/2023-10-24/20231024-003555_[X-T5]-[23-10-24]__[00-35-55]__0.JPG (20231024-003555.JPG taken)
SKIPPED: /Volumes/ARCHIVE/PHOTOS/2023/2023-10-24/20231024-003555_[X-T5]-[23-10-24]__[00-35-55]__0.RAF (20231024-003555.RAF taken)
SKIPPED: /Volumes/ARCHIVE/PHOTOS/2023/2023-10-24/20231024-003614_[X-T5]-[23-10-24]__[00-36-14]__0.JPG (20231024-003614.JPG taken)
SKIPPED: /Volumes/ARCHIVE/PHOTOS/2023/2023-10-24/20231024-003614_[X-T5]-[23-10-24]__[00-36-14]__0.RAF (20231024-003614.RAF taken)
SKIPPED: /Volumes/ARCHIVE/PHOTOS/2023/2023-10-24/20231024-003707_[X-T5]-[23-10-24]__[00-37-07]__0.JPG (20231024-003707.JPG taken)
SKIPPED: /Volumes/ARCHIVE/PHOTOS/2023/2023-10-24/20231024-003707_[X-T5]-[23-10-24]__[00-37-07]__0.RAF (20231024-003707.RAF taken)
SKIPPED: /Volumes/ARCHIVE/PHOTOS/2023/2023-10-24/20231024-003936_[X-T5]-[23-10-24]__[00-39-36]__0.JPG (20231024-003936.JPG taken)
SKIPPED: /Volumes/ARCHIVE/PHOTOS/2023/2023-10-24/20231024-003936_[X-T5]-[23-10-24]__[00-39-36]__0.RAF (20231024-003936.RAF taken)
SKIPPED: /Volumes/ARCHIVE/PHOTOS/2023/2023-10-24/20231024-004015_[X-T5]-[23-10-24]__[00-40-15]__0.JPG (20231024-004015.JPG taken)
SKIPPED: /Volumes/ARCHIVE/PHOTOS/2023/2023-10-24/20231024-004015_[X-T5]-[23-10-24]__[00-40-15]__0.RAF (20231024-004015.RAF taken)
SKIPPED: /Volumes/ARCHIVE/PHOTOS/2023/2023-10-24/20231024-004019_[X-T5]-[23-10-24]__[00-40-19]__0.JPG (20231024-004019.JPG taken)
SKIPPED: /Volumes/ARCHIVE/PHOTOS/2023/2023-10-24/20231024-004019_[X-T5]-[23-10-24]__[00-40-19]__0.RAF (20231024-004019.RAF taken)
SKIPPED: /Volumes/ARCHIVE/PHOTOS/2023/2023-10-24/20231024-004119_[X-T5]-[23-10-24]__[00-41-19]__0.JPG (20231024-004119.JPG taken)
SKIPPED: /Volumes/ARCHIVE/PHOTOS/2023/2023-10-24/20231024-004119_[X-T5]-[23-10-24]__[00-41-19]__0.RAF (20231024-004119.RAF taken)
SKIPPED: /Volumes/ARCHIVE/PHOTOS/2023/2023-10-24/20231024-004821_[X-T5]-[23-10-24]__[00-48-21]__0.JPG (20231024-004821.JPG taken)
SKIPPED: /Volumes/ARCHIVE/PHOTOS/2023/2023-10-24/20231024-004821_[X-T5]-[23-10-24]__[00-48-21]__0.RAF (20231024-004821.RAF taken)
SKIPPED: /Volumes/ARCHIVE/PHOTOS/2023/2023-10-24/20231024-005529_[X-T5]-[23-10-24]__[00-55-29]__0.JPG (20231024-005529.JPG taken)
SKIPPED: /Volumes/ARCHIVE/PHOTOS/2023/2023-10-24/20231024-005529_[X-T5]-[23-10-24]__[00-55-29]__0.RAF (20231024-005529.RAF taken)
SKIPPED: /Volumes/ARCHIVE/PHOTOS/2023/2023-10-24/20231024-010728_[X-T5]-[23-10-24]__[01-07-28]__0.JPG (20231024-010728.JPG taken)
SKIPPED: /Volumes/ARCHIVE/PHOTOS/2023/2023-10-24/20231024-010728_[X-T5]-[23-10-24]__[01-07-28]__0.RAF (20231024-010728.RAF taken)
SKIPPED: /Volumes/ARCHIVE/PHOTOS/2023/2023-10-24/20231024-011633_[X-T5]-[23-10-24]__[01-16-33]__0.JPG (20231024-011633.JPG taken)
SKIPPED: /Volumes/ARCHIVE/PHOTOS/2023/2023-10-24/20231024-011633_[X-T5]-[23-10-24]__[01-16-33]__0.RAF (20231024-011633.RAF taken)
SKIPPED: /Volumes/ARCHIVE/PHOTOS/2023/2023-10-24/20231024-011704_[X-T5]-[23-10-24]__[01-17-04]__0.JPG (20231024-011704.JPG taken)
SKIPPED: /Volumes/ARCHIVE/PHOTOS/2023/2023-10-24/20231024-011704_[X-T5]-[23-10-24]__[01-17-04]__0.RAF (20231024-011704.RAF taken)
SKIPPED: /Volumes/ARCHIVE/PHOTOS/2023/2023-10-24/20231024-011721_[X-T5]-[23-10-24]__[01-17-21]__0.JPG (20231024-011721.JPG taken)
SKIPPED: /Volumes/ARCHIVE/PHOTOS/2023/2023-10-24/20231024-011721_[X-T5]-[23-10-24]__[01-17-21]__0.RAF (20231024-011721.RAF taken)
SKIPPED: /Volumes/ARCHIVE/PHOTOS/2023/2023-10-24/20231024-011736_[X-T5]-[23-10-24]__[01-17-36]__0.JPG (20231024-011736.JPG taken)
SKIPPED: /Volumes/ARCHIVE/PHOTOS/2023/2023-10-24/20231024-011736_[X-T5]-[23-10-24]__[01-17-36]__0.RAF (20231024-011736.RAF taken)
SKIPPED: /Volumes/ARCHIVE/PHOTOS/2023/2023-10-24/20231024-013340_[X-T5]-[23-10-24]__[01-33-40]__0.JPG (20231024-013340.JPG taken)
SKIPPED: /Volumes/ARCHIVE/PHOTOS/2023/2023-10-24/20231024-013340_[X-T5]-[23-10-24]__[01-33-40]__0.RAF (20231024-013340.RAF taken)
SKIPPED: /Volumes/ARCHIVE/PHOTOS/2023/2023-10-24/20231024-014045_[X-T5]-[23-10-24]__[01-40-45]__0.JPG (20231024-014045.JPG taken)
SKIPPED: /Volumes/ARCHIVE/PHOTOS/2023/2023-10-24/20231024-014045_[X-T5]-[23-10-24]__[01-40-45]__0.RAF (20231024-014045.RAF taken)
SKIPPED: /Volumes/ARCHIVE/PHOTOS/2023/2023-10-24/20231024-032003_[X-T5]-[23-10-24]__[03-20-03]__0.JPG (20231024-032003.JPG taken)
SKIPPED: /Volumes/ARCHIVE/PHOTOS/2023/2023-10-24/20231024-032003_[X-T5]-[23-10-24]__[03-20-03]__0.RAF (20231024-032003.RAF taken)
SKIPPED: /Volumes/ARCHIVE/PHOTOS/2023/2023-10-24/20231024-172318_[X-T5]-[23-10-24]__[17-23-18]__0.JPG (20231024-172318.JPG taken)
SKIPPED: /Volumes/ARCHIVE/PHOTOS/2023/2023-10-24/20231024-172318_[X-T5]-[23-10-24]__[17-23-18]__0.RAF (20231024-172318.RAF taken)
SKIPPED: /Volumes/ARCHIVE/PHOTOS/2023/2023-10-24/20231024-172334_[X-T5]-[23-10-24]__[17-23-34]__0.JPG (20231024-172334.JPG taken)
SKIPPED: /Volumes/ARCHIVE/PHOTOS/2023/2023-10-24/20231024-172334_[X-T5]-[23-10-24]__[17-23-34]__0.RAF (20231024-172334.RAF taken)
SKIPPED: /Volumes/ARCHIVE/PHOTOS/2023/2023-10-24/20231024-172350_[X-T5]-[23-10-24]__[17-23-50]__0.JPG (20231024-172350.JPG taken)
SKIPPED: /Volumes/ARCHIVE/PHOTOS/2023/2023-10-24/20231024-172350_[X-T5]-[23-10-24]__[17-23-50]__0.RAF (20231024-172350.RAF taken)
SKIPPED: /Volumes/ARCHIVE/PHOTOS/2023/2023-10-24/20231024-174453_[X-T5]-[23-10-24]__[17-44-53]__0.JPG (20231024-174453.JPG taken)
SKIPPED: /Volumes/ARCHIVE/PHOTOS/2023/2023-10-24/20231024-174453_[X-T5]-[23-10-24]__[17-44-53]__0.RAF (20231024-174453.RAF taken)
SKIPPED: /Volumes/ARCHIVE/PHOTOS/2023/2023-10-24/20231024-174532_[X-T5]-[23-10-24]__[17-45-32]__0.JPG (20231024-174532.JPG taken)
SKIPPED: /Volumes/ARCHIVE/PHOTOS/2023/2023-10-24/20231024-174532_[X-T5]-[23-10-24]__[17-45-32]__0.RAF (20231024-174532.RAF taken)
SKIPPED: /Volumes/ARCHIVE/PHOTOS/2023/2023-10-24/20231024-174536_[X-T5]-[23-10-24]__[17-45-36]__0.JPG (20231024-174536.JPG taken)
SKIPPED: /Volumes/ARCHIVE/PHOTOS/2023/2023-10-24/20231024-174536_[X-T5]-[23-10-24]__[17-45-36]__0.RAF (20231024-174536.RAF taken)
SKIPPED: /Volumes/ARCHIVE/PHOTOS/2023/2023-10-24/20231024-181000_[X-T5]-[23-10-24]__[18-10-00]__0.JPG (20231024-181000.JPG taken)
SKIPPED: /Volumes/ARCHIVE/PHOTOS/2023/2023-10-24/20231024-181000_[X-T5]-[23-10-24]__[18-10-00]__0.RAF (20231024-181000.RAF taken)
SKIPPED: /Volumes/ARCHIVE/PHOTOS/2023/2023-10-24/20231024-185556_[X-T5]-[23-10-24]__[18-55-56]__0.JPG (20231024-185556.JPG taken)
SKIPPED: /Volumes/ARCHIVE/PHOTOS/2023/2023-10-24/20231024-185556_[X-T5]-[23-10-24]__[18-55-56]__0.RAF (20231024-185556.RAF taken)
SKIPPED: /Volumes/ARCHIVE/PHOTOS/2023/2023-10-24/20231024-185627_[X-T5]-[23-10-24]__[18-56-27]__0.JPG (20231024-185627.JPG taken)
SKIPPED: /Volumes/ARCHIVE/PHOTOS/2023/2023-10-24/20231024-185627_[X-T5]-[23-10-24]__[18-56-27]__0.RAF (20231024-185627.RAF taken)
SKIPPED: /Volumes/ARCHIVE/PHOTOS/2023/2023-10-24/20231024-185949_[X-T5]-[23-10-24]__[18-59-49]__0.JPG (20231024-185949.JPG taken)
SKIPPED: /Volumes/ARCHIVE/PHOTOS/2023/2023-10-24/20231024-185949_[X-T5]-[23-10-24]__[18-59-49]__0.RAF (20231024-185949.RAF taken)
SKIPPED: /Volumes/ARCHIVE/PHOTOS/2023/2023-10-24/20231024-190125_[X-T5]-[23-10-24]__[19-01-25]__0.JPG (20231024-190125.JPG taken)
SKIPPED: /Volumes/ARCHIVE/PHOTOS/2023/2023-10-24/20231024-190125_[X-T5]-[23-10-24]__[19-01-25]__0.RAF (20231024-190125.RAF taken)
SKIPPED: /Volumes/ARCHIVE/PHOTOS/2023/2023-10-24/20231024-190350_[X-T5]-[23-10-24]__[19-03-50]__0.JPG (20231024-190350.JPG taken)
SKIPPED: /Volumes/ARCHIVE/PHOTOS/2023/2023-10-24/20231024-190350_[X-T5]-[23-10-24]__[19-03-50]__0.RAF (20231024-190350.RAF taken)
SKIPPED: /Volumes/ARCHIVE/PHOTOS/2023/2023-10-24/20231024-190544_[X-T5]-[23-10-24]__[19-05-44]__0.JPG (20231024-190544.JPG taken)
SKIPPED: /Volumes/ARCHIVE/PHOTOS/2023/2023-10-24/20231024-190544_[X-T5]-[23-10-24]__[19-05-44]__0.RAF (20231024-190544.RAF taken)
SKIPPED: /Volumes/ARCHIVE/PHOTOS/2023/2023-10-24/20231024-190552_[X-T5]-[23-10-24]__[19-05-52]__0.JPG (20231024-190552.JPG taken)
SKIPPED: /Volumes/ARCHIVE/PHOTOS/2023/2023-10-24/20231024-190552_[X-T5]-[23-10-24]__[19-05-52]__0.RAF (20231024-190552.RAF taken)
SKIPPED: /Volumes/ARCHIVE/PHOTOS/2023/2023-10-24/20231024-190603_[X-T5]-[23-10-24]__[19-06-03]__0.JPG (20231024-190603.JPG taken)
SKIPPED: /Volumes/ARCHIVE/PHOTOS/2023/2023-10-24/20231024-190603_[X-T5]-[23-10-24]__[19-06-03]__0.RAF (20231024-190603.RAF taken)
SKIPPED: /Volumes/ARCHIVE/PHOTOS/2023/2023-10-24/20231024-191146_[X-T5]-[23-10-24]__[19-11-46]__0.JPG (20231024-191146.JPG taken)
SKIPPED: /Volumes/ARCHIVE/PHOTOS/2023/2023-10-24/20231024-191146_[X-T5]-[23-10-24]__[19-11-46]__0.RAF (20231024-191146.RAF taken)
SKIPPED: /Volumes/ARCHIVE/PHOTOS/2023/2023-10-24/20231024-191352_[X-T5]-[23-10-24]__[19-13-52]__0.JPG (20231024-191352.JPG taken)
SKIPPED: /Volumes/ARCHIVE/PHOTOS/2023/2023-10-24/20231024-191352_[X-T5]-[23-10-24]__[19-13-52]__0.RAF (20231024-191352.RAF taken)
SKIPPED: /Volumes/ARCHIVE/PHOTOS/2023/2023-10-24/20231024-191830_[X-T5]-[23-10-24]__[19-18-30]__0.JPG (20231024-191830.JPG taken)
SKIPPED: /Volumes/ARCHIVE/PHOTOS/2023/2023-10-24/20231024-191830_[X-T5]-[23-10-24]__[19-18-30]__0.RAF (20231024-191830.RAF taken)
SKIPPED: /Volumes/ARCHIVE/PHOTOS/2023/2023-10-24/20231024-191859_[X-T5]-[23-10-24]__[19-18-59]__0.JPG (20231024-191859.JPG taken)
SKIPPED: /Volumes/ARCHIVE/PHOTOS/2023/2023-10-24/20231024-191859_[X-T5]-[23-10-24]__[19-18-59]__0.RAF (20231024-191859.RAF taken)
SKIPPED: /Volumes/ARCHIVE/PHOTOS/2023/2023-10-24/20231024-191920_[X-T5]-[23-10-24]__[19-19-20]__0.JPG (20231024-191920.JPG taken)
SKIPPED: /Volumes/ARCHIVE/PHOTOS/2023/2023-10-24/20231024-191920_[X-T5]-[23-10-24]__[19-19-20]__0.RAF (20231024-191920.RAF taken)
SKIPPED: /Volumes/ARCHIVE/PHOTOS/2023/2023-10-24/20231024-192028_[X-T5]-[23-10-24]__[19-20-28]__0.JPG (20231024-192028.JPG taken)
SKIPPED: /Volumes/ARCHIVE/PHOTOS/2023/2023-10-24/20231024-192028_[X-T5]-[23-10-24]__[19-20-28]__0.RAF (20231024-192028.RAF taken)
SKIPPED: /Volumes/ARCHIVE/PHOTOS/2023/2023-10-24/20231024-192432_[X-T5]-[23-10-24]__[19-24-32]__0.JPG (20231024-192432.JPG taken)
SKIPPED: /Volumes/ARCHIVE/PHOTOS/2023/2023-10-24/20231024-192432_[X-T5]-[23-10-24]__[19-24-32]__0.RAF (20231024-192432.RAF taken)
SKIPPED: /Volumes/ARCHIVE/PHOTOS/2023/2023-10-24/20231024-192623_[X-T5]-[23-10-24]__[19-26-23]__0.JPG (20231024-192623.JPG taken)
SKIPPED: /Volumes/ARCHIVE/PHOTOS/2023/2023-10-24/20231024-192623_[X-T5]-[23-10-24]__[19-26-23]__0.RAF (20231024-192623.RAF taken)
SKIPPED: /Volumes/ARCHIVE/PHOTOS/2023/2023-10-24/20231024-192635_[X-T5]-[23-10-24]__[19-26-35]__0.JPG (20231024-192635.JPG taken)
SKIPPED: /Volumes/ARCHIVE/PHOTOS/2023/2023-10-24/20231024-192635_[X-T5]-[23-10-24]__[19-26-35]__0.RAF (20231024-192635.RAF taken)
SKIPPED: /Volumes/ARCHIVE/PHOTOS/2023/2023-10-24/20231024-192848_[X-T5]-[23-10-24]__[19-28-48]__0.JPG (20231024-192848.JPG taken)
SKIPPED: /Volumes/ARCHIVE/PHOTOS/2023/2023-10-24/20231024-192848_[X-T5]-[23-10-24]__[19-28-48]__0.RAF (20231024-192848.RAF taken)
SKIPPED: /Volumes/ARCHIVE/PHOTOS/2023/2023-10-24/20231024-192906_[X-T5]-[23-10-24]__[19-29-06]__0.JPG (20231024-192906.JPG taken)
SKIPPED: /Volumes/ARCHIVE/PHOTOS/2023/2023-10-24/20231024-192906_[X-T5]-[23-10-24]__[19-29-06]__0.RAF (20231024-192906.RAF taken)
SKIPPED: /Volumes/ARCHIVE/PHOTOS/2023/2023-10-24/20231024-192946_[X-T5]-[23-10-24]__[19-29-46]__0.JPG (20231024-192946.JPG taken)
SKIPPED: /Volumes/ARCHIVE/PHOTOS/2023/2023-10-24/20231024-192946_[X-T5]-[23-10-24]__[19-29-46]__0.RAF (20231024-192946.RAF taken)
SKIPPED: /Volumes/ARCHIVE/PHOTOS/2023/2023-10-24/20231024-193039_[X-T5]-[23-10-24]__[19-30-39]__0.JPG (20231024-193039.JPG taken)
SKIPPED: /Volumes/ARCHIVE/PHOTOS/2023/2023-10-24/20231024-193039_[X-T5]-[23-10-24]__[19-30-39]__0.RAF (20231024-193039.RAF taken)
SKIPPED: /Volumes/ARCHIVE/PHOTOS/2023/2023-10-24/20231024-194048_[X-T5]-[23-10-24]__[19-40-48]__0.JPG (20231024-194048.JPG taken)
SKIPPED: /Volumes/ARCHIVE/PHOTOS/2023/2023-10-24/20231024-194048_[X-T5]-[23-10-24]__[19-40-48]__0.RAF (20231024-194048.RAF taken)
SKIPPED: /Volumes/ARCHIVE/PHOTOS/2023/2023-10-24/20231024-194559_[X-T5]-[23-10-24]__[19-45-59]__0.JPG (20231024-194559.JPG taken)
SKIPPED: /Volumes/ARCHIVE/PHOTOS/2023/2023-10-24/20231024-194559_[X-T5]-[23-10-24]__[19-45-59]__0.RAF (20231024-194559.RAF taken)
SKIPPED: /Volumes/ARCHIVE/PHOTOS/2023/2023-10-24/20231024-194906_[X-T5]-[23-10-24]__[19-49-06]__0.JPG (20231024-194906.JPG taken)
SKIPPED: /Volumes/ARCHIVE/PHOTOS/2023/2023-10-24/20231024-194906_[X-T5]-[23-10-24]__[19-49-06]__0.RAF (20231024-194906.RAF taken)
SKIPPED: /Volumes/ARCHIVE/PHOTOS/2023/2023-10-24/20231024-195314_[X-T5]-[23-10-24]__[19-53-14]__0.JPG (20231024-195314.JPG taken)
SKIPPED: /Volumes/ARCHIVE/PHOTOS/2023/2023-10-24/20231024-195314_[X-T5]-[23-10-24]__[19-53-14]__0.RAF (20231024-195314.RAF taken)
SKIPPED: /Volumes/ARCHIVE/PHOTOS/2023/2023-10-24/20231024-200628_[X-T5]-[23-10-24]__[20-06-28]__0.JPG (20231024-200628.JPG taken)
SKIPPED: /Volumes/ARCHIVE/PHOTOS/2023/2023-10-24/20231024-200628_[X-T5]-[23-10-24]__[20-06-28]__0.RAF (20231024-200628.RAF taken)
SKIPPED: /Volumes/ARCHIVE/PHOTOS/2023/2023-10-24/20231024-201518_[X-T5]-[23-10-24]__[20-15-18]__0.JPG (20231024-201518.JPG taken)
SKIPPED: /Volumes/ARCHIVE/PHOTOS/2023/2023-10-24/20231024-201518_[X-T5]-[23-10-24]__[20-15-18]__0.RAF (20231024-201518.RAF taken)
SKIPPED: /Volumes/ARCHIVE/PHOTOS/2023/2023-10-24/20231024-203642_[X-T5]-[23-10-24]__[20-36-42]__0.JPG (20231024-203642.JPG taken)
SKIPPED: /Volumes/ARCHIVE/PHOTOS/2023/2023-10-24/20231024-203642_[X-T5]-[23-10-24]__[20-36-42]__0.RAF (20231024-203642.RAF taken)
SKIPPED: /Volumes/ARCHIVE/PHOTOS/2023/2023-10-24/20231024-223224_[X-T5]-[23-10-24]__[22-32-24]__0.JPG (20231024-223224.JPG taken)
SKIPPED: /Volumes/ARCHIVE/PHOTOS/2023/2023-10-24/20231024-223224_[X-T5]-[23-10-24]__[22-32-24]__0.RAF (20231024-223224.RAF taken)
SKIPPED: /Volumes/ARCHIVE/PHOTOS/2023/2023-10-24/20231024-223247_[X-T5]-[23-10-24]__[22-32-47]__0.JPG (20231024-223247.JPG taken)
SKIPPED: /Volumes/ARCHIVE/PHOTOS/2023/2023-10-24/20231024-223247_[X-T5]-[23-10-24]__[22-32-47]__0.RAF (20231024-223247.RAF taken)
SKIPPED: /Volumes/ARCHIVE/PHOTOS/2023/2023-10-24/20231024-223251_[X-T5]-[23-10-24]__[22-32-51]__0.JPG (20231024-223251.JPG taken)
SKIPPED: /Volumes/ARCHIVE/PHOTOS/2023/2023-10-24/20231024-223251_[X-T5]-[23-10-24]__[22-32-51]__0.RAF (20231024-223251.RAF taken)
SKIPPED: /Volumes/ARCHIVE/PHOTOS/2023/2023-10-24/20231024-225507_[X-T5]-[23-10-24]__[22-55-07]__0.JPG (20231024-225507.JPG taken)
SKIPPED: /Volumes/ARCHIVE/PHOTOS/2023/2023-10-24/20231024-225507_[X-T5]-[23-10-24]__[22-55-07]__0.RAF (20231024-225507.RAF taken)
SKIPPED: /Volumes/ARCHIVE/PHOTOS/2023/2023-10-24/20231024-225517_[X-T5]-[23-10-24]__[22-55-17]__0.JPG (20231024-225517.JPG taken)
SKIPPED: /Volumes/ARCHIVE/PHOTOS/2023/2023-10-24/20231024-225517_[X-T5]-[23-10-24]__[22-55-17]__0.RAF (20231024-225517.RAF taken)
SKIPPED: /Volumes/ARCHIVE/PHOTOS/2023/2023-10-24/20231024-234710_[X-T5]-[23-10-24]__[23-47-10]__0.JPG (20231024-234710.JPG taken)
SKIPPED: /Volumes/ARCHIVE/PHOTOS/2023/2023-10-24/20231024-234710_[X-T5]-[23-10-24]__[23-47-10]__0.RAF (20231024-234710.RAF taken)
SKIPPED: /Volumes/ARCHIVE/PHOTOS/2023/2023-10-24/20231024-235829_[X-T5]-[23-10-24]__[23-58-29]__0.JPG (20231024-235829.JPG taken)
SKIPPED: /Volumes/ARCHIVE/PHOTOS/2023/2023-10-24/20231024-235829_[X-T5]-[23-10-24]__[23-58-29]__0.RAF (20231024-235829.RAF taken)
SKIPPED: /Volumes/ARCHIVE/PHOTOS/2023/2023-10-25/20231025-000456_[X-T5]-[23-10-25]__[00-04-56]__0.JPG (20231025-000456.JPG taken)
SKIPPED: /Volumes/ARCHIVE/PHOTOS/2023/2023-10-25/20231025-000456_[X-T5]-[23-10-25]__[00-04-56]__0.RAF (20231025-000456.RAF taken)
SKIPPED: /Volumes/ARCHIVE/PHOTOS/2023/2023-10-25/20231025-012329_[X-T5]-[23-10-25]__[01-23-29]__0.JPG (20231025-012329.JPG taken)
SKIPPED: /Volumes/ARCHIVE/PHOTOS/2023/2023-10-25/20231025-012329_[X-T5]-[23-10-25]__[01-23-29]__0.RAF (20231025-012329.RAF taken)
SKIPPED: /Volumes/ARCHIVE/PHOTOS/2023/2023-10-25/20231025-181718_[X-T5]-[23-10-25]__[18-17-18]__0.JPG (20231025-181718.JPG taken)
SKIPPED: /Volumes/ARCHIVE/PHOTOS/2023/2023-10-25/20231025-181718_[X-T5]-[23-10-25]__[18-17-18]__0.RAF (20231025-181718.RAF taken)
SKIPPED: /Volumes/ARCHIVE/PHOTOS/2023/2023-10-25/20231025-181744_[X-T5]-[23-10-25]__[18-17-44]__0.JPG (20231025-181744.JPG taken)
SKIPPED: /Volumes/ARCHIVE/PHOTOS/2023/2023-10-25/20231025-181744_[X-T5]-[23-10-25]__[18-17-44]__0.RAF (20231025-181744.RAF taken)
SKIPPED: /Volumes/ARCHIVE/PHOTOS/2023/2023-10-25/20231025-185825_[X-T5]-[23-10-25]__[18-58-25]__0.JPG (20231025-185825.JPG taken)
SKIPPED: /Volumes/ARCHIVE/PHOTOS/2023/2023-10-25/20231025-185825_[X-T5]-[23-10-25]__[18-58-25]__0.RAF (20231025-185825.RAF taken)
SKIPPED: /Volumes/ARCHIVE/PHOTOS/2023/2023-10-25/20231025-185935_[X-T5]-[23-10-25]__[18-59-35]__0.JPG (20231025-185935.JPG taken)
SKIPPED: /Volumes/ARCHIVE/PHOTOS/2023/2023-10-25/20231025-185935_[X-T5]-[23-10-25]__[18-59-35]__0.RAF (20231025-185935.RAF taken)
SKIPPED: /Volumes/ARCHIVE/PHOTOS/2023/2023-10-25/20231025-190730_[X-T5]-[23-10-25]__[19-07-30]__0.JPG (20231025-190730.JPG taken)
SKIPPED: /Volumes/ARCHIVE/PHOTOS/2023/2023-10-25/20231025-190730_[X-T5]-[23-10-25]__[19-07-30]__0.RAF (20231025-190730.RAF taken)
SKIPPED: /Volumes/ARCHIVE/PHOTOS/2023/2023-10-25/20231025-190913_[X-T5]-[23-10-25]__[19-09-13]__0.JPG (20231025-190913.JPG taken)
SKIPPED: /Volumes/ARCHIVE/PHOTOS/2023/2023-10-25/20231025-190913_[X-T5]-[23-10-25]__[19-09-13]__0.RAF (20231025-190913.RAF taken)
SKIPPED: /Volumes/ARCHIVE/PHOTOS/2023/2023-10-25/20231025-190946_[X-T5]-[23-10-25]__[19-09-46]__0.JPG (20231025-190946.JPG taken)
SKIPPED: /Volumes/ARCHIVE/PHOTOS/2023/2023-10-25/20231025-190946_[X-T5]-[23-10-25]__[19-09-46]__0.RAF (20231025-190946.RAF taken)
SKIPPED: /Volumes/ARCHIVE/PHOTOS/2023/2023-10-25/20231025-191001_[X-T5]-[23-10-25]__[19-10-01]__0.JPG (20231025-191001.JPG taken)
SKIPPED: /Volumes/ARCHIVE/PHOTOS/2023/2023-10-25/20231025-191001_[X-T5]-[23-10-25]__[19-10-01]__0.RAF (20231025-191001.RAF taken)
SKIPPED: /Volumes/ARCHIVE/PHOTOS/2023/2023-10-25/20231025-191157_[X-T5]-[23-10-25]__[19-11-57]__0.JPG (20231025-191157.JPG taken)
SKIPPED: /Volumes/ARCHIVE/PHOTOS/2023/2023-10-25/20231025-191157_[X-T5]-[23-10-25]__[19-11-57]__0.RAF (20231025-191157.RAF taken)
SKIPPED: /Volumes/ARCHIVE/PHOTOS/2023/2023-10-25/20231025-191218_[X-T5]-[23-10-25]__[19-12-18]__0.JPG (20231025-191218.JPG taken)
SKIPPED: /Volumes/ARCHIVE/PHOTOS/2023/2023-10-25/20231025-191218_[X-T5]-[23-10-25]__[19-12-18]__0.RAF (20231025-191218.RAF taken)
SKIPPED: /Volumes/ARCHIVE/PHOTOS/2023/2023-10-25/20231025-191637_[X-T5]-[23-10-25]__[19-16-37]__0.JPG (20231025-191637.JPG taken)
SKIPPED: /Volumes/ARCHIVE/PHOTOS/2023/2023-10-25/20231025-191637_[X-T5]-[23-10-25]__[19-16-37]__0.RAF (20231025-191637.RAF taken)
SKIPPED: /Volumes/ARCHIVE/PHOTOS/2023/2023-10-25/20231025-202924_[X-T5]-[23-10-25]__[20-29-24]__0.JPG (20231025-202924.JPG taken)
SKIPPED: /Volumes/ARCHIVE/PHOTOS/2023/2023-10-25/20231025-202924_[X-T5]-[23-10-25]__[20-29-24]__0.RAF (20231025-202924.RAF taken)
SKIPPED: /Volumes/ARCHIVE/PHOTOS/2023/2023-10-25/20231025-204257_[X-T5]-[23-10-25]__[20-42-57]__0.JPG (20231025-204257.JPG taken)
SKIPPED: /Volumes/ARCHIVE/PHOTOS/2023/2023-10-25/20231025-204257_[X-T5]-[23-10-25]__[20-42-57]__0.RAF (20231025-204257.RAF taken)
SKIPPED: /Volumes/ARCHIVE/PHOTOS/2023/2023-10-25/20231025-204310_[X-T5]-[23-10-25]__[20-43-10]__0.JPG (20231025-204310.JPG taken)
SKIPPED: /Volumes/ARCHIVE/PHOTOS/2023/2023-10-25/20231025-204310_[X-T5]-[23-10-25]__[20-43-10]__0.RAF (20231025-204310.RAF taken)
SKIPPED: /Volumes/ARCHIVE/PHOTOS/2023/2023-10-25/20231025-204346_[X-T5]-[23-10-25]__[20-43-46]__0.JPG (20231025-204346.JPG taken)
SKIPPED: /Volumes/ARCHIVE/PHOTOS/2023/2023-10-25/20231025-204346_[X-T5]-[23-10-25]__[20-43-46]__0.RAF (20231025-204346.RAF taken)
SKIPPED: /Volumes/ARCHIVE/PHOTOS/2023/2023-10-25/20231025-212125_[X-T5]-[23-10-25]__[21-21-25]__0.JPG (20231025-212125.JPG taken)
SKIPPED: /Volumes/ARCHIVE/PHOTOS/2023/2023-10-25/20231025-212125_[X-T5]-[23-10-25]__[21-21-25]__0.RAF (20231025-212125.RAF taken)
SKIPPED: /Volumes/ARCHIVE/PHOTOS/2023/2023-10-25/20231025-212608_[X-T5]-[23-10-25]__[21-26-08]__0.JPG (20231025-212608.JPG taken)
SKIPPED: /Volumes/ARCHIVE/PHOTOS/2023/2023-10-25/20231025-212608_[X-T5]-[23-10-25]__[21-26-08]__0.RAF (20231025-212608.RAF taken)
SKIPPED: /Volumes/ARCHIVE/PHOTOS/2023/2023-10-25/20231025-212720_[X-T5]-[23-10-25]__[21-27-20]__0.JPG (20231025-212720.JPG taken)
SKIPPED: /Volumes/ARCHIVE/PHOTOS/2023/2023-10-25/20231025-212720_[X-T5]-[23-10-25]__[21-27-20]__0.RAF (20231025-212720.RAF taken)
SKIPPED: /Volumes/ARCHIVE/PHOTOS/2023/2023-10-25/20231025-214301_[X-T5]-[23-10-25]__[21-43-01]__0.JPG (20231025-214301.JPG taken)
SKIPPED: /Volumes/ARCHIVE/PHOTOS/2023/2023-10-25/20231025-214301_[X-T5]-[23-10-25]__[21-43-01]__0.RAF (20231025-214301.RAF taken)
SKIPPED: /Volumes/ARCHIVE/PHOTOS/2023/2023-10-25/20231025-215407_[X-T5]-[23-10-25]__[21-54-07]__0.JPG (20231025-215407.JPG taken)
SKIPPED: /Volumes/ARCHIVE/PHOTOS/2023/2023-10-25/20231025-215407_[X-T5]-[23-10-25]__[21-54-07]__0.RAF (20231025-215407.RAF taken)
SKIPPED: /Volumes/ARCHIVE/PHOTOS/2023/2023-10-25/20231025-233828_[X-T5]-[23-10-25]__[23-38-28]__0.JPG (20231025-233828.JPG taken)
SKIPPED: /Volumes/ARCHIVE/PHOTOS/2023/2023-10-25/20231025-233828_[X-T5]-[23-10-25]__[23-38-28]__0.RAF (20231025-233828.RAF taken)
SKIPPED: /Volumes/ARCHIVE/PHOTOS/2023/2023-10-25/20231025-235933_[X-T5]-[23-10-25]__[23-59-33]__0.JPG (20231025-235933.JPG taken)
SKIPPED: /Volumes/ARCHIVE/PHOTOS/2023/2023-10-25/20231025-235933_[X-T5]-[23-10-25]__[23-59-33]__0.RAF (20231025-235933.RAF taken)
SKIPPED: /Volumes/ARCHIVE/PHOTOS/2023/2023-10-25/20231025-235957_[X-T5]-[23-10-25]__[23-59-57]__0.JPG (20231025-235957.JPG taken)
SKIPPED: /Volumes/ARCHIVE/PHOTOS/2023/2023-10-25/20231025-235957_[X-T5]-[23-10-25]__[23-59-57]__0.RAF (20231025-235957.RAF taken)
SKIPPED: /Volumes/ARCHIVE/PHOTOS/2023/2023-10-26/20231026-000203_[X-T5]-[23-10-26]__[00-02-03]__0.JPG (20231026-000203.JPG taken)
SKIPPED: /Volumes/ARCHIVE/PHOTOS/2023/2023-10-26/20231026-000203_[X-T5]-[23-10-26]__[00-02-03]__0.RAF (20231026-000203.RAF taken)
SKIPPED: /Volumes/ARCHIVE/PHOTOS/2023/2023-10-26/20231026-001027_[X-T5]-[23-10-26]__[00-10-27]__0.JPG (20231026-001027.JPG taken)
SKIPPED: /Volumes/ARCHIVE/PHOTOS/2023/2023-10-26/20231026-001027_[X-T5]-[23-10-26]__[00-10-27]__0.RAF (20231026-001027.RAF taken)
SKIPPED: /Volumes/ARCHIVE/PHOTOS/2023/2023-10-26/20231026-001327_[X-T5]-[23-10-26]__[00-13-27]__0.JPG (20231026-001327.JPG taken)
SKIPPED: /Volumes/ARCHIVE/PHOTOS/2023/2023-10-26/20231026-001327_[X-T5]-[23-10-26]__[00-13-27]__0.RAF (20231026-001327.RAF taken)
SKIPPED: /Volumes/ARCHIVE/PHOTOS/2023/2023-10-26/20231026-002100_[X-T5]-[23-10-26]__[00-21-00]__0.JPG (20231026-002100.JPG taken)
SKIPPED: /Volumes/ARCHIVE/PHOTOS/2023/2023-10-26/20231026-002100_[X-T5]-[23-10-26]__[00-21-00]__0.RAF (20231026-002100.RAF taken)
SKIPPED: /Volumes/ARCHIVE/PHOTOS/2023/2023-10-26/20231026-003504_[X-T5]-[23-10-26]__[00-35-04]__0.JPG (20231026-003504.JPG taken)
SKIPPED: /Volumes/ARCHIVE/PHOTOS/2023/2023-10-26/20231026-003504_[X-T5]-[23-10-26]__[00-35-04]__0.RAF (20231026-003504.RAF taken)
SKIPPED: /Volumes/ARCHIVE/PHOTOS/2023/2023-10-26/20231026-003514_[X-T5]-[23-10-26]__[00-35-14]__0.JPG (20231026-003514.JPG taken)
SKIPPED: /Volumes/ARCHIVE/PHOTOS/2023/2023-10-26/20231026-003514_[X-T5]-[23-10-26]__[00-35-14]__0.RAF (20231026-003514.RAF taken)
SKIPPED: /Volumes/ARCHIVE/PHOTOS/2023/2023-10-26/20231026-010005_[X-T5]-[23-10-26]__[01-00-05]__0.JPG (20231026-010005.JPG taken)
SKIPPED: /Volumes/ARCHIVE/PHOTOS/2023/2023-10-26/20231026-010005_[X-T5]-[23-10-26]__[01-00-05]__0.RAF (20231026-010005.RAF taken)
SKIPPED: /Volumes/ARCHIVE/PHOTOS/2023/2023-10-26/20231026-010113_[X-T5]-[23-10-26]__[01-01-13]__0.JPG (20231026-010113.JPG taken)
SKIPPED: /Volumes/ARCHIVE/PHOTOS/2023/2023-10-26/20231026-010113_[X-T5]-[23-10-26]__[01-01-13]__0.RAF (20231026-010113.RAF taken)
SKIPPED: /Volumes/ARCHIVE/PHOTOS/2023/2023-10-26/20231026-010116_[X-T5]-[23-10-26]__[01-01-16]__0.JPG (20231026-010116.JPG taken)
SKIPPED: /Volumes/ARCHIVE/PHOTOS/2023/2023-10-26/20231026-010116_[X-T5]-[23-10-26]__[01-01-16]__0.RAF (20231026-010116.RAF taken)
SKIPPED: /Volumes/ARCHIVE/PHOTOS/2023/2023-10-26/20231026-010121_[X-T5]-[23-10-26]__[01-01-21]__0.JPG (20231026-010121.JPG taken)
SKIPPED: /Volumes/ARCHIVE/PHOTOS/2023/2023-10-26/20231026-010121_[X-T5]-[23-10-26]__[01-01-21]__0.RAF (20231026-010121.RAF taken)
SKIPPED: /Volumes/ARCHIVE/PHOTOS/2023/2023-10-26/20231026-010122_[X-T5]-[23-10-26]__[01-01-22]__0.JPG (20231026-010122.JPG taken)
SKIPPED: /Volumes/ARCHIVE/PHOTOS/2023/2023-10-26/20231026-010122_[X-T5]-[23-10-26]__[01-01-22]__0.RAF (20231026-010122.RAF taken)
SKIPPED: /Volumes/ARCHIVE/PHOTOS/2023/2023-10-26/20231026-010133_[X-T5]-[23-10-26]__[01-01-33]__0.JPG (20231026-010133.JPG taken)
SKIPPED: /Volumes/ARCHIVE/PHOTOS/2023/2023-10-26/20231026-010133_[X-T5]-[23-10-26]__[01-01-33]__0.RAF (20231026-010133.RAF taken)
SKIPPED: /Volumes/ARCHIVE/PHOTOS/2023/2023-10-26/20231026-011307_[X-T5]-[23-10-26]__[01-13-07]__0.JPG (20231026-011307.JPG taken)
SKIPPED: /Volumes/ARCHIVE/PHOTOS/2023/2023-10-26/20231026-011307_[X-T5]-[23-10-26]__[01-13-07]__0.RAF (20231026-011307.RAF taken)
SKIPPED: /Volumes/ARCHIVE/PHOTOS/2023/2023-10-26/20231026-011548_[X-T5]-[23-10-26]__[01-15-48]__0.JPG (20231026-011548.JPG taken)
SKIPPED: /Volumes/ARCHIVE/PHOTOS/2023/2023-10-26/20231026-011548_[X-T5]-[23-10-26]__[01-15-48]__0.RAF (20231026-011548.RAF taken)
SKIPPED: /Volumes/ARCHIVE/PHOTOS/2023/2023-10-26/20231026-011549_[X-T5]-[23-10-26]__[01-15-49]__0.JPG (20231026-011549.JPG taken)
SKIPPED: /Volumes/ARCHIVE/PHOTOS/2023/2023-10-26/20231026-011549_[X-T5]-[23-10-26]__[01-15-49]__0.RAF (20231026-011549.RAF taken)
SKIPPED: /Volumes/ARCHIVE/PHOTOS/2023/2023-10-26/20231026-011551_[X-T5]-[23-10-26]__[01-15-51]__0.JPG (20231026-011551.JPG taken)
SKIPPED: /Volumes/ARCHIVE/PHOTOS/2023/2023-10-26/20231026-011551_[X-T5]-[23-10-26]__[01-15-51]__0.RAF (20231026-011551.RAF taken)
SKIPPED: /Volumes/ARCHIVE/PHOTOS/2023/2023-10-26/20231026-011555_[X-T5]-[23-10-26]__[01-15-55]__0.JPG (20231026-011555.JPG taken)
SKIPPED: /Volumes/ARCHIVE/PHOTOS/2023/2023-10-26/20231026-011555_[X-T5]-[23-10-26]__[01-15-55]__0.RAF (20231026-011555.RAF taken)
SKIPPED: /Volumes/ARCHIVE/PHOTOS/2023/2023-10-26/20231026-012125_[X-T5]-[23-10-26]__[01-21-25]__0.JPG (20231026-012125.JPG taken)
SKIPPED: /Volumes/ARCHIVE/PHOTOS/2023/2023-10-26/20231026-012125_[X-T5]-[23-10-26]__[01-21-25]__0.RAF (20231026-012125.RAF taken)
SKIPPED: /Volumes/ARCHIVE/PHOTOS/2023/2023-10-26/20231026-014425_[X-T5]-[23-10-26]__[01-44-25]__0.JPG (20231026-014425.JPG taken)
SKIPPED: /Volumes/ARCHIVE/PHOTOS/2023/2023-10-26/20231026-014425_[X-T5]-[23-10-26]__[01-44-25]__0.RAF (20231026-014425.RAF taken)
SKIPPED: /Volumes/ARCHIVE/PHOTOS/2023/2023-10-26/20231026-015408_[X-T5]-[23-10-26]__[01-54-08]__0.JPG (20231026-015408.JPG taken)
SKIPPED: /Volumes/ARCHIVE/PHOTOS/2023/2023-10-26/20231026-015408_[X-T5]-[23-10-26]__[01-54-08]__0.RAF (20231026-015408.RAF taken)
SKIPPED: /Volumes/ARCHIVE/PHOTOS/2023/2023-10-26/20231026-015804_[X-T5]-[23-10-26]__[01-58-04]__0.JPG (20231026-015804.JPG taken)
SKIPPED: /Volumes/ARCHIVE/PHOTOS/2023/2023-10-26/20231026-015804_[X-T5]-[23-10-26]__[01-58-04]__0.RAF (20231026-015804.RAF taken)
SKIPPED: /Volumes/ARCHIVE/PHOTOS/2023/2023-10-26/20231026-015924_[X-T5]-[23-10-26]__[01-59-24]__0.JPG (20231026-015924.JPG taken)
SKIPPED: /Volumes/ARCHIVE/PHOTOS/2023/2023-10-26/20231026-015924_[X-T5]-[23-10-26]__[01-59-24]__0.RAF (20231026-015924.RAF taken)
SKIPPED: /Volumes/ARCHIVE/PHOTOS/2023/2023-10-26/20231026-022904_[X-T5]-[23-10-26]__[02-29-04]__0.JPG (20231026-022904.JPG taken)
SKIPPED: /Volumes/ARCHIVE/PHOTOS/2023/2023-10-26/20231026-022904_[X-T5]-[23-10-26]__[02-29-04]__0.RAF (20231026-022904.RAF taken)
SKIPPED: /Volumes/ARCHIVE/PHOTOS/2023/2023-11-22/20231122-225247_[X100F]-[23-11-22]__[22-52-47]__0.JPG (20231122-225247.JPG taken)
SKIPPED: /Volumes/ARCHIVE/PHOTOS/2023/2023-12-16/20231216-140919_[X100F]-[23-12-16]__[14-09-19]__0.JPG (20231216-140919.JPG taken)
